CustomerID,Age,Gender,Geography,Branch,Tenure,Balance,NumOfProducts,HasCrCard,IsActiveMember,EstimatedSalary,HasLoan,LoanAmount,CreditScore,Exited
CUST02997,71,Female,France,South,7,0.0,2,1,0,28621.57,0,0.0,438,1
CUST05826,62,Male,Germany,West,0,602.31,3,1,1,107884.96,1,55086.7,489,0
CUST00890,38,Male,Germany,South,3,0.0,1,1,1,26484.69,0,0.0,842,1
CUST08090,48,Female,France,East,10,163760.51,2,1,1,174488.91,1,93121.77,457,0
CUST00144,61,Female,Spain,Central,3,0.0,2,0,0,178847.23,1,66931.22,335,0
CUST06147,72,Male,France,South,8,14062.39,2,0,1,190749.18,0,0.0,597,0
CUST00800,61,Female,Germany,Central,2,86349.24,4,1,1,187167.36,1,76221.15,519,0
CUST09484,26,Male,Spain,South,8,137937.2,1,0,1,17567.93,0,0.0,690,0
CUST08992,55,Male,Spain,Central,7,0.0,1,1,1,21683.56,0,0.0,668,1
CUST05091,38,Female,France,West,0,9193.95,4,1,1,161744.51,1,35284.57,673,0
CUST08909,55,Female,Germany,North,10,166.45,1,1,1,192769.97,1,31217.43,585,0
CUST03303,35,Female,France,South,10,,1,0,0,28047.2,1,79978.23,726,0
CUST02825,63,Female,Germany,South,9,0.0,1,0,1,16701.22,0,0.0,731,1
CUST07079,33,Male,Germany,East,9,77693.53,4,1,0,66609.99,0,0.0,615,0
CUST05795,32,Male,Germany,North,8,28108.79,3,0,1,34436.67,1,22173.02,345,0
CUST00288,36,Male,France,West,10,0.0,1,0,0,35768.14,1,62881.45,534,1
CUST02730,21,Female,Spain,South,2,1358.76,3,1,1,35288.05,1,55458.12,590,0
CUST05596,53,Female,Germany,Central,3,0.0,1,1,0,5100.77,1,41824.21,498,0
CUST09833,33,Female,Spain,South,10,37806.25,1,0,0,127669.44,1,87312.2,621,0
CUST09357,36,Female,France,West,2,0.0,2,0,0,53430.31,0,0.0,830,0
CUST06140,63,Male,Germany,North,2,117536.1,3,0,0,35777.9,0,0.0,643,0
CUST07705,42,Female,Spain,Central,8,65070.52,2,0,0,130606.5,0,0.0,471,1
CUST06358,54,Female,France,West,8,153572.59,2,1,1,182120.87,0,0.0,495,0
CUST01222,22,Male,France,West,0,42347.11,2,1,1,64426.4,0,0.0,417,0
CUST03246,49,Female,France,North,9,114044.45,2,1,0,25231.89,1,34465.38,300,0
CUST08919,48,Female,Germany,South,1,10646.36,2,1,1,119512.08,0,0.0,310,0
CUST00526,45,Female,France,North,0,0.0,1,0,1,137115.57,1,87203.0,447,0
CUST04984,25,Male,France,South,10,9852.11,1,0,0,13263.93,1,88110.35,565,1
CUST08640,68,Female,France,North,2,40140.58,1,0,1,108684.08,1,12118.42,412,0
CUST03000,20,Male,Spain,South,1,0.0,2,1,0,,1,95204.76,465,1
CUST00184,30,Male,Spain,North,6,184657.22,1,1,0,112497.12,1,43225.08,467,0
CUST04564,72,Male,Spain,East,10,71387.69,2,1,1,69544.76,0,0.0,506,0
CUST09908,26,Female,France,East,0,61308.61,1,1,0,93011.31,1,68940.84,679,1
CUST05725,68,Male,Spain,Central,6,,1,1,1,184892.86,1,88887.74,632,0
CUST06104,31,Female,France,West,1,98.77,1,1,0,157538.47,0,0.0,464,1
CUST01099,68,Male,Germany,West,0,184585.11,2,1,1,195105.83,0,0.0,631,0
CUST01717,60,Male,France,South,8,33725.0,1,0,0,104399.76,0,0.0,702,0
CUST07704,59,Male,Spain,North,0,15090.8,2,1,1,149160.29,0,0.0,766,0
CUST02826,53,Female,France,South,10,0.0,2,1,0,171004.7,0,0.0,576,0
CUST04840,45,Male,France,Central,6,56095.92,1,1,0,16019.41,1,21777.98,316,0
CUST02426,42,Female,Germany,North,1,95807.56,1,1,1,47057.98,0,0.0,335,0
CUST06607,20,Female,Germany,South,3,0.0,2,0,1,142577.13,0,0.0,560,0
CUST08080,32,Female,France,North,1,74286.4,2,0,0,95429.66,1,95545.63,718,0
CUST04532,73,Male,Spain,Central,3,164597.04,1,1,0,65543.68,0,0.0,836,0
CUST04844,61,Male,France,Central,9,0.0,2,1,1,63836.43,0,0.0,313,0
CUST09976,48,Female,Germany,West,7,108145.72,2,1,0,121201.58,0,0.0,448,0
CUST05141,41,Male,Spain,Central,9,250000.0,1,1,1,130110.31,1,28101.36,449,0
CUST09533,49,Female,Germany,West,0,8212.21,2,0,0,157503.77,0,0.0,801,1
CUST04059,55,Female,France,East,8,13685.21,2,1,1,22232.09,1,76098.14,767,0
CUST06657,50,Female,Spain,North,5,133172.27,2,1,0,122550.43,1,11708.3,440,0
CUST08622,31,Male,France,North,0,35441.46,1,0,0,54305.71,1,18620.97,309,0
CUST03819,68,Female,Germany,East,8,165212.94,1,1,1,153306.18,1,32092.05,343,0
CUST04394,65,Female,France,West,1,0.0,1,0,1,93790.29,1,9740.78,707,0
CUST00010,40,Male,Spain,West,8,0.0,3,1,0,162450.2,0,0.0,474,0
CUST02695,63,Male,Spain,South,0,41079.42,1,1,0,4163.92,1,75807.21,433,0
CUST05714,61,Female,France,South,0,0.0,1,1,0,160244.97,0,0.0,474,0
CUST02512,46,Male,France,East,10,24658.71,1,1,0,156169.3,1,66951.09,564,0
CUST02992,48,Male,France,East,0,37799.16,1,1,0,18092.54,0,0.0,493,1
CUST02647,23,Female,France,North,8,0.0,1,1,0,128262.98,1,18194.52,544,0
CUST07567,66,Male,France,East,2,0.0,2,0,1,177354.92,1,56284.14,636,0
CUST06333,38,Female,Spain,North,1,146262.1,4,0,1,91004.48,1,55148.16,586,0
CUST03131,46,Female,France,North,3,250000.0,1,1,0,72186.27,0,0.0,760,0
CUST02790,32,Male,France,West,0,0.0,1,1,1,114824.04,1,64318.3,804,0
CUST08700,46,Male,France,Central,6,112831.2,1,1,0,4918.98,1,71154.29,468,0
CUST07729,49,Female,France,North,4,157999.32,2,0,0,71400.51,1,59618.81,430,1
CUST02837,56,Female,France,West,10,250000.0,1,1,1,22778.74,0,0.0,492,0
CUST08500,63,Male,Spain,East,8,11825.99,1,0,0,141567.78,0,0.0,581,0
CUST01915,21,Female,France,West,10,4787.83,2,0,0,21299.42,1,39926.35,754,0
CUST09147,21,Male,France,North,4,170359.06,2,0,1,105395.84,0,0.0,721,0
CUST02634,25,Male,Spain,West,10,37533.5,2,1,0,142524.4,1,59172.15,675,0
CUST09186,45,Female,France,North,2,19736.8,1,1,0,91176.84,1,54305.59,689,0
CUST01572,48,Female,France,South,2,4919.13,2,0,1,277.81,1,18660.12,483,0
CUST03220,32,Female,France,South,0,19275.68,1,1,0,192436.71,1,42435.02,366,1
CUST03834,52,Male,France,East,5,34282.77,2,1,1,164038.59,0,0.0,632,0
CUST02133,32,Male,France,East,6,1075.09,2,1,0,36062.76,1,93859.64,342,0
CUST05808,18,Female,France,South,0,3667.4,1,1,1,115671.0,0,0.0,354,0
CUST03955,72,Female,Spain,North,4,50552.87,4,1,1,104811.25,1,87274.27,367,0
CUST09431,42,Male,France,Central,6,73435.7,3,0,0,9403.01,1,52248.86,690,0
CUST09063,53,Female,France,West,9,58293.52,1,1,0,61824.02,0,0.0,726,0
CUST03321,50,Male,Germany,East,8,9941.31,1,1,0,180915.27,1,45941.84,450,0
CUST07484,24,Female,France,North,8,51998.12,1,1,1,48073.92,1,74435.54,453,0
CUST03197,68,Female,Spain,East,8,0.0,2,1,0,3860.27,0,0.0,717,0
CUST05902,36,Male,Spain,Central,7,232649.11,3,0,0,158104.12,0,0.0,398,0
CUST02970,24,Male,France,West,4,72829.12,2,1,0,141190.97,1,21152.49,564,1
CUST07433,39,Female,France,North,3,213011.94,3,1,0,115752.21,0,0.0,543,0
CUST02416,64,Female,Germany,West,3,10210.16,2,0,1,120824.7,0,0.0,726,1
CUST07401,46,Male,Germany,Central,2,59884.06,1,1,0,88374.24,0,0.0,506,0
CUST07409,61,Female,France,West,10,0.0,1,1,1,189928.22,0,0.0,840,1
CUST01192,68,Male,Germany,East,3,21689.16,1,1,0,158233.02,0,0.0,554,0
CUST02782,51,Male,Germany,Central,7,83314.18,2,1,1,67131.85,0,0.0,791,0
CUST02126,46,Female,Spain,Central,6,26422.4,1,1,1,98610.51,0,0.0,503,0
CUST09446,59,Female,Germany,Central,8,0.0,2,1,0,62607.38,1,58589.42,809,1
CUST05594,55,Female,France,South,7,118135.39,2,1,1,93108.93,0,0.0,517,0
CUST02249,33,Male,Germany,Central,6,114491.76,3,1,1,,0,0.0,847,0
CUST04409,28,Male,France,Central,5,46177.3,4,1,0,71402.28,1,55458.65,532,0
CUST05716,47,Female,Spain,South,4,140461.55,2,1,1,135901.52,0,0.0,781,1
CUST02921,69,Male,France,North,2,77705.96,1,0,1,191328.59,1,96581.17,403,1
CUST09834,22,Male,France,North,2,11659.01,1,0,1,170055.47,0,0.0,308,0
CUST01836,30,Female,Spain,North,3,0.0,1,1,1,107985.35,0,0.0,519,0
CUST04483,42,Female,France,North,8,0.0,1,0,1,151470.87,1,86872.56,793,0
CUST03250,32,Male,France,South,7,83450.02,2,1,0,,1,55465.27,415,0
CUST01562,73,Female,Germany,East,2,0.0,2,1,1,64354.33,0,0.0,775,0
CUST05923,59,Male,France,North,7,0.0,2,0,1,173900.0,0,0.0,794,1
CUST04885,66,Male,Spain,West,9,18559.26,2,0,0,40346.96,1,49246.26,511,0
CUST08382,72,Female,France,Central,5,0.0,2,1,1,172238.61,0,0.0,471,0
CUST02102,67,Male,Spain,West,6,185409.3,2,1,0,142703.52,1,71777.38,416,0
CUST07742,52,Male,Germany,East,0,0.0,1,0,1,30166.51,1,64698.04,517,0
CUST08310,30,Male,France,South,3,86422.52,2,0,0,169021.99,0,0.0,704,0
CUST06428,34,Female,France,South,10,95952.11,2,1,0,151936.53,0,0.0,706,0
CUST08295,72,Female,Germany,East,5,250000.0,3,1,1,170926.23,0,0.0,816,0
CUST00978,74,Female,France,East,2,94294.1,2,0,1,113004.55,1,63639.59,377,0
CUST02328,53,Male,France,North,7,73668.6,1,1,1,43414.39,1,72060.32,618,0
CUST05071,69,Male,France,East,2,72801.6,1,0,0,161649.33,0,0.0,539,0
CUST02819,43,Male,Spain,South,5,1422.8,2,0,1,83679.27,0,0.0,577,0
CUST05468,39,Male,France,North,0,0.0,1,0,0,34980.77,1,10286.5,567,1
CUST03006,70,Female,Spain,North,9,121860.73,1,0,0,90808.32,1,33819.25,659,0
CUST08505,72,Male,Germany,North,2,0.0,2,1,0,129379.03,0,0.0,720,0
CUST06641,65,Female,Germany,South,1,0.0,1,1,0,191068.13,0,0.0,530,1
CUST03055,68,Male,France,East,6,0.0,1,1,0,67863.22,0,0.0,405,1
CUST03386,54,Male,France,North,3,0.0,1,1,1,122808.34,0,0.0,792,0
CUST06797,23,Male,Spain,East,8,250000.0,1,1,1,167106.6,1,47750.73,720,0
CUST05639,64,Male,Germany,North,9,0.0,1,0,0,95077.41,1,47310.04,371,0
CUST01633,71,Male,Spain,South,8,0.0,2,0,1,116792.92,0,0.0,415,0
CUST08917,34,Female,France,West,0,0.0,3,0,0,80082.33,0,0.0,523,0
CUST03707,58,Male,France,North,5,659.1,1,0,0,106529.11,0,0.0,734,0
CUST01774,42,Male,France,North,1,126953.92,1,1,0,164157.01,0,0.0,414,0
CUST04167,44,Male,Spain,Central,7,0.0,1,0,1,76842.48,1,16996.86,841,0
CUST02565,21,Male,Spain,South,10,0.0,4,0,1,84466.72,0,0.0,424,1
CUST04168,70,Male,France,West,8,0.0,1,1,1,148876.47,0,0.0,320,0
CUST00975,68,Male,Spain,South,10,250000.0,2,1,1,10596.42,0,0.0,571,0
CUST01428,38,Male,Spain,Central,4,0.0,1,1,1,167362.25,0,0.0,823,1
CUST01935,22,Female,Spain,South,9,39948.29,1,0,0,134774.41,0,0.0,836,1
CUST03845,56,Male,Germany,South,9,167254.69,1,0,0,114316.66,1,18357.2,460,1
CUST01764,38,Male,France,West,8,71149.07,3,0,0,8286.16,0,0.0,734,1
CUST00228,71,Female,Germany,East,7,54448.8,2,1,1,167965.83,0,0.0,741,0
CUST02548,43,Female,Spain,North,10,,2,0,0,79302.26,1,54382.67,728,0
CUST03446,53,Male,France,Central,10,16132.55,1,0,0,59645.07,0,0.0,808,1
CUST05151,69,Female,France,Central,5,0.0,2,1,1,106595.57,1,44717.59,390,0
CUST05099,64,Female,Spain,North,5,0.0,1,1,1,38320.77,0,0.0,553,0
CUST08415,73,Female,Spain,South,5,94240.81,2,0,1,47543.42,1,39764.44,512,0
CUST04654,42,Female,Spain,West,2,0.0,2,1,0,185810.71,1,28737.54,394,1
CUST08200,35,Female,Spain,West,9,123522.51,1,0,0,172660.23,1,71974.64,545,0
CUST01371,55,Female,France,West,4,0.0,2,1,0,64950.56,1,81583.02,538,1
CUST07722,39,Male,Spain,North,8,0.0,1,0,0,29001.94,1,93143.16,417,1
CUST03305,46,Male,France,South,6,58201.82,1,1,1,126647.82,0,0.0,737,0
CUST04323,20,Female,Spain,Central,6,67714.69,1,1,0,88378.98,0,0.0,384,1
CUST03026,23,Female,France,North,9,0.0,2,1,1,107261.27,0,0.0,317,0
CUST08540,70,Female,France,South,3,27177.41,1,1,0,83391.56,0,0.0,761,0
CUST00913,70,Male,France,West,1,0.0,4,1,0,151621.1,1,25279.91,338,1
CUST00017,41,Female,France,East,9,13795.64,1,1,0,74910.87,0,0.0,392,0
CUST00563,31,Male,Germany,East,10,0.0,1,1,1,8923.06,0,0.0,451,0
CUST07974,66,Female,France,North,8,178806.33,2,1,0,31683.77,1,60661.89,522,0
CUST04111,56,Female,France,East,7,0.0,1,1,0,183960.5,1,26337.96,588,1
CUST01028,46,Male,Spain,West,8,0.0,1,1,1,165733.54,0,0.0,362,0
CUST03483,20,Male,Germany,North,7,0.0,2,1,1,90287.54,0,0.0,517,0
CUST02327,63,Male,France,West,5,10357.75,1,1,1,108382.29,0,0.0,455,0
CUST04132,53,Male,Germany,South,8,23496.77,1,1,1,92520.89,0,0.0,376,0
CUST03768,55,Male,France,West,10,30253.48,1,0,1,43078.9,0,0.0,799,0
CUST04906,71,Male,France,North,5,113402.63,2,0,0,67546.8,0,0.0,355,0
CUST05544,65,Female,Spain,Central,5,34757.22,1,0,1,161128.69,0,0.0,524,0
CUST00276,39,Male,Spain,Central,6,171800.59,1,0,0,45201.68,0,0.0,447,0
CUST07582,51,Female,Germany,East,1,89490.81,1,1,1,22620.63,0,0.0,331,0
CUST01188,32,Male,France,West,9,75628.36,1,1,0,130863.83,0,0.0,730,1
CUST03875,35,Male,France,South,2,33820.99,1,1,1,71670.95,0,0.0,592,0
CUST02699,45,Male,Germany,East,5,250000.0,2,1,1,135583.66,0,0.0,650,0
CUST03001,52,Female,Spain,North,6,134246.79,2,1,1,121105.33,1,81396.11,614,0
CUST08587,62,Female,Germany,West,3,0.0,1,0,0,189771.49,0,0.0,842,0
CUST09820,35,Male,Germany,North,1,0.0,1,1,1,86344.49,0,0.0,543,0
CUST01400,45,Male,Spain,North,9,0.0,2,1,0,132177.53,1,88870.54,620,0
CUST08396,44,Male,France,South,2,0.0,1,1,1,98298.5,1,68558.19,421,0
CUST03758,18,Female,France,West,3,0.0,1,0,1,186820.91,1,85578.53,418,0
CUST05843,29,Male,Germany,West,7,56940.84,2,1,1,118859.84,1,94419.02,758,0
CUST01598,72,Male,France,South,3,0.0,1,0,0,138380.13,1,5959.21,711,1
CUST05470,65,Male,Spain,South,3,26380.79,2,1,0,18487.19,1,34146.89,822,0
CUST01844,72,Female,Germany,Central,4,0.0,1,1,1,179082.84,0,0.0,378,1
CUST00331,36,Male,Spain,West,4,49596.68,1,1,0,192506.15,1,81281.23,553,0
CUST05804,45,Male,Spain,West,7,33958.56,1,1,1,77829.73,1,74517.13,721,0
CUST03764,30,Female,Spain,West,7,57399.7,2,1,0,154635.5,0,0.0,445,0
CUST03725,24,Female,Germany,East,6,49260.52,1,1,1,1716.21,1,64897.7,538,0
CUST00374,20,Female,Spain,South,4,31154.22,2,0,0,96375.73,0,0.0,623,0
CUST07992,23,Male,France,West,3,0.0,2,1,1,160058.73,0,0.0,779,1
CUST06414,62,Female,France,South,2,210576.07,1,0,0,150638.99,0,0.0,487,0
CUST00946,29,Male,Spain,East,5,4720.07,3,1,1,103532.61,0,0.0,627,0
CUST05746,25,Female,Germany,North,5,88974.06,2,0,1,115670.7,0,0.0,810,0
CUST00489,39,Female,Spain,North,2,0.0,1,0,1,116437.51,1,49670.89,484,0
CUST08010,52,Male,France,North,2,83158.82,4,1,0,52440.66,0,0.0,790,1
CUST06775,32,Male,Germany,Central,3,62188.54,3,0,0,138780.79,0,0.0,667,1
CUST04835,46,Female,France,North,3,65139.38,3,1,0,12069.65,1,36615.49,636,1
CUST03249,27,Male,France,East,3,0.0,1,1,1,84132.73,0,0.0,777,0
CUST09481,59,Male,France,East,4,54616.78,2,1,0,142368.3,1,33775.85,330,0
CUST04226,50,Female,Germany,Central,7,119359.65,1,1,1,21668.73,0,0.0,357,0
CUST08952,53,Female,Spain,East,9,57289.92,1,0,0,93351.72,0,0.0,308,0
CUST06413,30,Female,Germany,Central,1,85559.93,2,1,0,191427.77,0,0.0,592,0
CUST02651,43,Female,France,Central,9,120753.83,2,1,1,24705.47,0,0.0,395,0
CUST00440,67,Male,France,South,0,63021.84,2,1,0,194333.81,0,0.0,730,1
CUST07158,60,Female,Spain,North,5,30855.15,2,1,1,12712.39,1,58795.04,592,0
CUST01929,58,Female,France,North,10,78566.84,2,1,1,166331.76,0,0.0,624,1
CUST04316,30,Female,Spain,East,5,175050.44,3,0,1,112070.79,0,0.0,383,1
CUST05162,54,Female,Spain,South,10,119847.29,1,1,0,95072.51,1,70059.66,716,0
CUST01210,55,Male,Germany,West,9,0.0,1,1,0,83768.23,0,0.0,549,1
CUST03531,53,Male,Germany,South,9,0.0,2,1,0,2708.72,1,20494.54,654,1
CUST08898,55,Female,Germany,East,10,4233.09,1,1,0,193932.77,0,0.0,349,0
CUST08179,71,Male,France,Central,4,18806.71,2,1,1,115995.37,0,0.0,320,0
CUST03340,61,Female,France,South,2,26784.78,3,1,1,134250.32,0,0.0,668,0
CUST04921,31,Female,Germany,West,2,250000.0,1,1,1,167889.16,0,0.0,636,0
CUST05782,43,Male,France,Central,9,30675.73,3,1,1,53169.81,1,74179.48,593,0
CUST05436,61,Male,Spain,North,7,0.0,2,0,0,64815.42,0,0.0,321,0
CUST05473,39,Male,Spain,South,9,0.0,1,1,0,25238.8,0,0.0,313,0
CUST09694,73,Male,Spain,East,3,0.0,1,0,1,87843.83,0,0.0,444,0
CUST07326,32,Female,France,West,8,229675.57,3,1,0,133860.46,1,53087.22,812,0
CUST03852,40,Female,Germany,East,6,59663.92,2,1,1,184035.55,0,0.0,410,0
CUST03613,39,Male,Spain,North,0,59142.7,2,0,1,101307.27,0,0.0,651,0
CUST04317,51,Male,Germany,West,3,41411.61,2,0,1,179148.17,1,95064.31,575,0
CUST00737,27,Female,France,North,0,0.0,1,0,1,108630.7,1,63708.4,300,1
CUST04853,49,Male,Germany,Central,7,0.0,2,1,1,85438.01,0,0.0,561,0
CUST04245,45,Female,Spain,South,0,162096.73,1,1,0,162500.15,0,0.0,319,0
CUST02231,28,Male,France,North,1,9776.87,2,1,0,150913.65,0,0.0,404,0
CUST08874,60,Male,Germany,West,2,3870.54,2,1,1,81535.02,1,36978.95,478,0
CUST09424,73,Male,France,East,4,159627.18,2,1,0,123455.71,0,0.0,759,0
CUST05621,55,Male,Germany,West,5,2566.08,2,1,0,69172.82,0,0.0,379,0
CUST01516,68,Female,Spain,South,3,53527.47,1,1,1,196438.02,1,88192.11,420,0
CUST09486,44,Male,France,Central,8,47942.72,1,1,1,194530.8,0,0.0,571,0
CUST08394,21,Male,France,West,10,0.0,2,1,1,176722.05,1,96033.15,785,1
CUST08454,64,Female,Germany,South,10,0.0,2,0,1,49737.25,1,74771.0,498,0
CUST07787,63,Male,Germany,North,0,250000.0,1,1,0,109721.89,0,0.0,403,0
CUST06577,57,Male,France,West,0,113997.11,2,1,0,12104.03,0,0.0,763,1
CUST07202,19,Female,France,Central,2,0.0,1,1,0,80512.47,1,79269.91,444,0
CUST07410,29,Male,Germany,West,1,17899.23,1,0,1,132471.51,0,0.0,,0
CUST00434,48,Female,France,East,0,80626.61,1,0,0,27098.42,0,0.0,338,0
CUST04018,62,Male,France,North,4,39436.24,1,1,0,181812.32,1,60219.18,651,0
CUST07617,56,Female,France,East,4,0.0,2,1,1,105610.98,1,27488.3,633,0
CUST02617,29,Female,Spain,South,5,43409.5,3,1,1,98997.32,1,70658.76,830,0
CUST07225,33,Female,France,North,0,0.0,1,1,1,169230.67,0,0.0,350,0
CUST08814,29,Female,Spain,West,4,0.0,1,0,1,108431.7,1,92679.49,524,0
CUST01711,53,Female,France,East,2,5951.05,1,1,0,195504.66,1,29201.86,413,0
CUST04376,71,Male,France,East,3,9823.3,1,1,1,108668.17,0,0.0,415,0
CUST08641,29,Male,Germany,East,8,29404.33,4,0,1,144988.73,1,20892.11,626,0
CUST06255,28,Male,Spain,Central,3,0.0,1,0,1,27649.27,0,0.0,714,1
CUST08097,47,Male,France,East,6,17875.96,3,1,0,147626.64,1,43595.13,363,1
CUST09678,36,Female,Germany,East,9,185837.29,1,1,1,110904.39,0,0.0,579,0
CUST09572,53,Male,Spain,North,7,86447.03,1,0,1,94765.94,1,50310.56,657,0
CUST06686,20,Female,Spain,Central,10,25233.09,2,0,1,145147.92,0,0.0,538,0
CUST06639,21,Female,France,Central,5,0.0,2,0,1,146603.51,0,0.0,571,0
CUST08410,59,Female,Germany,South,8,250000.0,3,1,0,88838.59,0,0.0,849,0
CUST05895,62,Female,France,West,3,86363.68,1,0,0,44994.94,1,30939.97,770,0
CUST08147,52,Male,Germany,West,4,59262.24,1,0,1,39450.06,1,98204.7,574,0
CUST05932,74,Female,France,Central,5,17971.24,1,1,1,183773.16,0,0.0,751,0
CUST04673,47,Male,France,North,1,0.0,2,1,0,127512.04,1,31612.38,403,0
CUST05288,51,Male,France,East,0,28371.68,2,1,1,135653.72,1,89723.72,617,0
CUST01048,66,Male,Spain,South,3,9513.84,1,1,0,72184.45,1,25004.57,755,1
CUST06707,65,Male,Germany,East,0,221656.06,2,0,0,79246.14,1,49038.09,318,0
CUST01291,50,Female,France,Central,10,354.33,1,1,1,135024.45,0,0.0,757,0
CUST02509,51,Male,Spain,North,5,40754.91,2,1,0,32770.19,1,66487.48,377,0
CUST06676,40,Male,Spain,East,8,79713.78,1,1,1,104396.08,0,0.0,567,0
CUST04528,19,Female,Spain,South,9,24434.22,3,1,0,132402.79,0,0.0,843,1
CUST03731,67,Female,Germany,North,1,0.0,2,1,1,93693.52,0,0.0,755,0
CUST05571,44,Female,Germany,West,7,197.62,2,1,0,169400.88,0,0.0,301,0
CUST03329,56,Female,France,West,9,0.0,1,1,0,75266.41,1,26797.98,485,1
CUST04704,48,Female,Germany,South,7,0.0,2,0,1,104101.85,0,0.0,735,0
CUST00022,41,Male,France,Central,4,0.0,1,1,0,34186.52,1,19319.09,827,0
CUST01651,55,Female,Germany,North,5,250000.0,2,1,1,166555.34,1,35754.19,346,0
CUST03995,32,Male,France,South,4,0.0,2,0,0,197198.38,0,0.0,574,1
CUST04889,41,Male,Germany,East,1,29800.91,1,0,1,27469.4,1,17849.44,842,0
CUST03128,58,Male,France,Central,6,139840.66,1,1,0,110939.91,1,52883.7,834,0
CUST03549,71,Male,France,North,1,34064.0,1,0,1,81580.85,1,89066.25,793,1
CUST02421,37,Male,Spain,North,5,41770.93,2,1,0,33547.78,0,0.0,597,1
CUST04703,53,Female,Germany,East,10,233928.44,1,1,0,47518.34,0,0.0,397,1
CUST07226,62,Male,France,North,6,6387.18,1,1,0,7449.58,0,0.0,830,1
CUST09433,22,Male,France,Central,10,45371.14,1,0,0,9694.21,1,34617.42,812,0
CUST04597,73,Female,France,South,0,17093.79,1,1,0,36961.15,0,0.0,384,1
CUST08848,31,Female,Germany,Central,1,0.0,4,1,1,46216.7,1,25340.28,408,0
CUST03923,69,Female,Spain,Central,5,125892.48,1,1,1,79517.89,0,0.0,731,0
CUST00101,64,Male,Germany,East,4,0.0,1,1,1,147037.51,1,47914.89,537,0
CUST09757,27,Male,Spain,Central,0,56846.88,1,1,1,73190.84,1,30458.31,579,0
CUST02691,21,Female,France,North,0,0.0,3,1,1,104177.38,1,91280.97,591,0
CUST08930,39,Male,France,East,1,3228.95,2,0,0,57448.26,0,0.0,623,0
CUST03540,24,Female,France,North,0,0.0,2,0,0,35491.23,0,0.0,684,1
CUST09417,74,Male,Germany,West,6,108920.79,1,0,0,62593.02,1,41802.74,478,0
CUST04406,40,Female,Spain,North,4,88284.99,2,1,0,164695.16,0,0.0,446,0
CUST05467,32,Male,Germany,East,7,59368.68,1,0,1,157992.41,0,0.0,707,0
CUST07927,23,Female,Germany,West,1,250000.0,1,1,1,76584.87,0,0.0,803,0
CUST06315,68,Male,Spain,South,0,245717.72,1,1,0,51347.76,1,94474.03,553,0
CUST09501,57,Female,Germany,East,2,138076.9,2,0,1,197018.21,1,84130.37,536,0
CUST06389,25,Male,Spain,Central,0,55637.25,1,1,1,35637.39,1,63702.58,627,0
CUST08783,25,Male,France,Central,4,82367.82,2,1,0,174111.39,1,42832.04,520,0
CUST03358,19,Female,Germany,South,6,0.0,1,0,0,46232.14,1,23158.49,827,1
CUST05828,20,Female,France,Central,8,45668.43,1,1,1,73936.48,1,34864.86,566,0
CUST00438,63,Female,Spain,West,7,171805.0,1,1,1,41385.14,0,0.0,844,0
CUST01026,20,Female,Spain,Central,4,146142.95,3,1,1,49966.65,0,0.0,331,0
CUST05366,22,Male,Germany,Central,6,0.0,3,1,0,121227.56,0,0.0,540,0
CUST07674,32,Female,Spain,North,0,0.0,2,1,0,57173.24,1,42024.28,378,0
CUST02732,24,Male,France,South,3,0.0,1,1,1,6108.77,0,0.0,314,0
CUST09896,18,Male,France,North,10,104145.17,1,0,1,2154.25,1,8801.46,719,0
CUST05104,22,Male,Spain,East,0,0.0,1,0,1,180517.95,1,71698.92,360,0
CUST05897,49,Male,Spain,West,0,59721.97,1,1,0,158901.5,1,5726.68,391,0
CUST04996,67,Female,Germany,Central,2,250000.0,2,0,1,18701.15,0,0.0,785,0
CUST09163,40,Male,France,North,7,4483.61,2,1,0,72962.56,0,0.0,560,1
CUST01306,23,Male,France,South,7,16037.89,3,0,1,6627.64,1,51115.09,550,0
CUST05809,46,Male,France,South,1,142390.46,1,0,1,192944.98,0,0.0,365,1
CUST02567,18,Female,France,West,8,49326.67,1,1,1,100407.74,1,45762.37,606,0
CUST07862,64,Female,France,South,6,140148.26,2,1,1,29638.01,0,0.0,809,0
CUST03948,25,Male,France,North,6,156753.46,3,1,1,159893.54,0,0.0,739,0
CUST07319,34,Female,Germany,Central,7,0.0,2,1,0,120965.94,0,0.0,393,0
CUST09205,24,Male,Spain,East,0,112044.49,2,1,0,11644.0,0,0.0,634,0
CUST06183,34,Male,Spain,East,1,47815.58,1,1,1,65415.32,1,75963.1,300,0
CUST03213,34,Female,Spain,East,0,0.0,3,1,0,97235.93,1,97826.75,329,0
CUST01140,43,Male,France,East,7,3753.87,1,0,1,55319.44,1,41528.96,403,0
CUST05767,46,Female,Germany,West,6,77859.1,1,0,1,85210.97,1,72045.33,483,0
CUST03958,66,Female,Germany,South,0,0.0,1,0,0,19908.6,0,0.0,666,0
CUST07694,35,Female,France,North,3,71883.98,3,0,0,1389.81,1,79603.95,604,0
CUST02989,71,Male,Germany,East,8,20161.38,1,0,1,66461.09,0,0.0,541,0
CUST07480,69,Female,France,East,3,16949.16,1,0,0,77737.84,0,0.0,616,1
CUST03942,31,Female,Germany,North,10,0.0,1,1,0,144278.57,0,0.0,770,1
CUST05143,21,Male,Germany,Central,1,0.0,2,1,1,2096.37,1,46566.93,630,0
CUST01362,53,Male,Spain,South,7,40230.15,2,1,0,73964.04,1,90702.47,841,0
CUST01063,65,Male,France,Central,7,0.0,4,1,1,37698.86,1,66991.59,474,1
CUST00113,24,Female,France,Central,2,70943.53,1,1,0,73071.83,0,0.0,340,0
CUST03215,25,Male,France,North,9,152373.7,2,1,0,73008.64,1,22774.95,481,0
CUST01147,50,Male,France,West,10,236066.69,3,1,1,64213.0,0,0.0,508,0
CUST05146,74,Male,Spain,West,0,50926.45,1,1,1,81932.21,0,0.0,406,1
CUST06488,18,Male,France,East,4,0.0,2,1,0,5582.47,0,0.0,560,1
CUST07782,61,Male,France,West,10,61100.59,1,1,0,73258.84,1,63139.1,665,1
CUST04438,36,Female,France,North,0,0.0,1,1,0,87118.83,1,81805.58,488,1
CUST01602,54,Female,Spain,North,3,83198.25,2,1,1,25068.05,1,21846.15,720,0
CUST02093,39,Male,France,South,1,157776.28,1,1,1,137129.36,0,0.0,495,0
CUST06271,39,Male,Spain,East,5,250000.0,2,1,0,30782.08,0,0.0,782,0
CUST06925,73,Female,France,West,3,120473.75,2,1,0,85760.15,0,0.0,738,0
CUST08739,43,Female,Spain,North,2,22896.78,1,0,0,107886.71,1,72702.89,840,1
CUST06942,50,Male,Spain,West,4,0.0,3,0,0,103064.44,1,30461.26,563,1
CUST00710,52,Female,France,South,6,28197.92,1,0,1,99689.21,0,0.0,408,0
CUST06829,67,Male,Spain,Central,3,19926.37,1,1,1,178749.58,1,60934.4,832,0
CUST04178,58,Female,France,East,9,0.0,2,1,1,166643.49,1,43665.36,558,0
CUST01438,58,Male,France,West,3,111308.84,2,1,0,166420.2,0,0.0,823,1
CUST03062,56,Male,Spain,Central,4,46316.78,1,1,1,157113.0,0,0.0,464,0
CUST08518,18,Female,France,Central,6,0.0,3,1,0,85829.06,0,0.0,597,0
CUST00048,24,Female,Spain,East,4,0.0,1,1,0,186044.29,0,0.0,828,1
CUST01596,20,Female,France,North,5,0.0,1,0,1,183453.74,0,0.0,471,0
CUST02014,41,Female,Spain,Central,9,117121.91,1,1,1,177017.5,0,0.0,849,0
CUST00494,23,Female,France,East,2,193249.64,1,1,1,80528.58,1,51202.03,680,0
CUST00598,21,Male,France,West,7,158023.71,3,1,0,168745.59,1,28501.72,766,0
CUST06187,33,Female,France,West,1,48026.27,2,1,0,45277.43,1,94641.34,421,0
CUST08803,37,Female,France,East,1,105364.53,1,1,0,70503.74,1,75996.99,386,1
CUST00664,66,Male,France,North,9,101944.1,1,1,0,197625.83,1,79552.62,711,0
CUST07886,36,Female,Spain,West,0,78061.45,1,1,1,121526.67,0,0.0,714,1
CUST06230,51,Female,France,East,7,201059.69,2,0,1,85380.55,0,0.0,656,1
CUST02873,30,Female,Spain,West,2,0.0,1,0,1,164324.11,1,18528.97,498,0
CUST03323,20,Male,Germany,North,6,366.37,4,1,0,112061.69,0,0.0,448,0
CUST00409,47,Female,Spain,East,8,0.0,1,1,1,62286.27,0,0.0,598,0
CUST00248,19,Male,France,East,4,55201.65,1,0,1,16450.75,0,0.0,667,0
CUST07755,64,Female,France,North,0,105430.63,2,0,0,135370.68,1,96124.16,444,1
CUST07313,56,Male,Germany,East,5,0.0,1,1,0,78735.34,1,54213.8,832,1
CUST01961,54,Female,Germany,Central,0,245359.06,1,0,0,90329.76,0,0.0,751,0
CUST05244,23,Female,France,East,4,14152.4,1,1,1,84684.48,0,0.0,441,0
CUST02558,57,Female,Spain,East,5,121567.45,2,1,1,,1,33539.94,633,0
CUST09340,33,Male,France,Central,6,44804.97,1,1,1,97478.99,0,0.0,703,0
CUST09556,65,Female,Germany,South,2,59171.04,1,1,0,131449.55,0,0.0,790,0
CUST07081,22,Male,Spain,Central,1,0.0,1,1,0,18579.15,1,60279.81,643,0
CUST03562,35,Male,Spain,North,4,92914.48,2,0,1,185606.29,1,33520.39,337,0
CUST09557,63,Female,France,South,5,46319.03,2,0,0,39279.24,1,65762.74,538,1
CUST05300,70,Female,France,East,10,55012.95,1,1,1,93749.51,1,53367.83,717,0
CUST05909,23,Male,France,South,6,0.0,2,0,1,155820.62,1,19224.67,402,1
CUST06395,49,Female,France,East,2,51260.7,1,1,0,73930.99,0,0.0,676,0
CUST00058,43,Female,Spain,South,2,77741.96,1,0,0,168708.87,1,77934.89,668,1
CUST09442,50,Female,Germany,North,5,90512.13,2,1,1,174610.79,0,0.0,563,0
CUST03886,31,Male,France,East,4,125352.05,2,0,1,127315.56,0,0.0,442,0
CUST03960,47,Male,France,West,0,30047.47,2,0,0,17616.33,1,20308.97,754,0
CUST09293,48,Female,France,North,10,242848.43,2,0,0,130620.79,1,76123.93,508,1
CUST06543,19,Female,Germany,Central,5,145530.05,2,1,0,45133.2,1,23467.05,541,0
CUST00200,37,Female,France,Central,6,0.0,1,1,0,47887.86,0,0.0,684,0
CUST03450,72,Female,Germany,Central,10,32985.71,1,0,0,96807.24,1,83546.44,649,0
CUST02022,30,Female,France,East,9,0.0,1,1,1,138712.36,0,0.0,464,0
CUST00457,56,Female,Spain,West,5,0.0,1,1,0,151439.19,0,0.0,316,1
CUST01156,47,Female,France,South,1,5804.5,1,0,0,194448.4,0,0.0,830,0
CUST02872,22,Female,France,East,1,17640.37,3,0,1,149186.77,0,0.0,679,0
CUST06604,62,Male,Germany,Central,1,0.0,2,1,1,165543.76,1,60610.11,715,1
CUST06404,69,Male,Germany,South,8,46116.05,1,1,1,60276.95,0,0.0,551,0
CUST07196,29,Male,France,East,1,30774.55,2,0,1,147292.64,0,0.0,313,0
CUST03608,70,Male,Spain,North,8,126336.57,1,0,0,20367.31,0,0.0,401,1
CUST02810,56,Male,France,Central,10,65192.69,1,1,0,,1,26689.21,449,0
CUST08659,40,Female,France,East,10,889.57,2,1,0,,0,0.0,848,0
CUST05518,43,Male,Spain,South,10,0.0,3,1,0,9751.84,0,0.0,846,0
CUST08119,57,Male,Spain,South,0,250000.0,1,0,1,73201.86,0,0.0,320,0
CUST09498,34,Female,France,East,2,0.0,1,1,0,176400.24,1,23189.71,643,0
CUST01375,64,Female,Germany,East,8,19215.85,1,1,0,28072.92,0,0.0,848,0
CUST05487,53,Female,France,West,4,13782.96,2,1,0,97526.65,1,40095.93,403,0
CUST09330,48,Female,France,Central,9,0.0,1,0,0,125751.73,1,96120.19,317,1
CUST03884,63,Female,France,North,6,0.0,2,1,0,120578.5,1,10493.72,373,1
CUST01308,24,Female,Spain,West,5,4011.07,3,1,1,60892.23,1,75758.91,464,0
CUST07175,49,Male,Germany,South,6,0.0,2,0,0,123115.36,0,0.0,793,1
CUST00433,59,Male,France,Central,10,55185.33,2,1,1,29469.12,0,0.0,303,0
CUST04606,66,Female,France,North,4,60123.26,2,1,0,6006.44,0,0.0,743,1
CUST01076,31,Male,France,East,3,36138.27,1,1,0,189738.9,0,0.0,530,1
CUST00936,45,Female,France,East,8,0.0,1,1,0,70594.33,1,37134.17,824,0
CUST00111,18,Male,France,Central,0,0.0,2,1,1,2544.19,0,0.0,461,0
CUST01615,27,Female,France,South,9,0.0,2,1,1,82489.09,0,0.0,693,0
CUST06504,25,Male,France,West,1,44209.45,1,0,1,117151.09,0,0.0,382,1
CUST04782,72,Female,France,East,6,29259.45,2,1,1,35212.97,0,0.0,484,0
CUST01194,61,Male,Germany,South,8,38669.89,2,1,1,82244.07,1,53427.55,765,0
CUST06458,63,Male,Germany,East,7,87653.98,2,0,1,127827.71,1,36101.5,771,1
CUST01812,34,Male,France,East,9,0.0,1,1,0,133324.58,0,0.0,793,0
CUST06468,34,Male,Germany,North,5,11528.54,1,1,0,189053.75,1,81479.05,792,1
CUST04949,21,Male,Germany,North,4,24148.01,1,1,1,131564.26,1,98456.22,800,0
CUST03915,62,Male,Germany,East,3,,1,1,1,4031.52,1,29344.99,732,0
CUST08494,34,Male,Spain,West,0,78377.93,2,1,0,60556.22,0,0.0,777,1
CUST07349,36,Female,France,West,5,0.0,2,1,0,9962.96,1,18683.63,815,0
CUST05693,39,Male,Spain,Central,8,52109.13,2,1,0,74465.74,0,0.0,675,0
CUST06724,26,Male,Germany,South,3,15770.32,2,1,1,16987.55,0,0.0,603,0
CUST07304,49,Female,France,North,8,87533.51,1,0,0,92531.47,1,72732.33,710,0
CUST02469,54,Male,Spain,East,6,0.0,3,0,0,186746.85,0,0.0,309,0
CUST02480,23,Female,Germany,West,3,15122.3,2,0,0,134567.95,1,66990.6,766,1
CUST04282,44,Male,France,West,9,2487.73,2,0,0,183971.55,1,38848.42,560,1
CUST08333,54,Female,Spain,West,4,51089.53,2,1,0,160993.58,0,0.0,814,1
CUST04186,43,Female,Spain,North,7,23997.71,2,1,0,55744.83,0,0.0,693,1
CUST07256,53,Male,Spain,South,3,39695.62,2,0,1,127460.42,1,8633.26,833,0
CUST01468,43,Male,France,Central,2,145488.08,3,1,1,8835.24,0,0.0,344,0
CUST02233,42,Female,France,South,4,46945.29,3,1,1,140085.55,0,0.0,603,0
CUST00617,54,Male,Spain,West,10,250000.0,1,1,1,25875.24,1,97637.45,685,0
CUST00969,67,Female,France,South,6,78871.02,2,1,1,134419.99,1,84859.87,312,0
CUST05745,41,Male,Spain,North,9,111682.84,1,1,0,182280.13,1,32411.13,831,1
CUST08905,72,Male,Spain,North,9,113899.66,3,1,0,70962.6,0,0.0,396,0
CUST06786,39,Male,Spain,South,10,46773.01,2,1,1,24823.23,1,64468.6,417,0
CUST07488,42,Male,Spain,Central,6,33598.0,2,1,0,121767.36,0,0.0,329,0
CUST01843,19,Male,Spain,South,0,0.0,2,1,1,125605.86,1,77455.47,664,0
CUST03240,30,Female,Spain,West,10,0.0,2,1,1,79472.11,1,31120.72,845,0
CUST08885,54,Male,Germany,North,4,0.0,1,1,0,31804.72,0,0.0,530,1
CUST04220,28,Male,Spain,West,0,138286.69,2,1,1,16945.32,1,30255.92,549,0
CUST08892,43,Female,Spain,West,1,18462.67,2,0,0,110665.31,0,0.0,812,0
CUST04101,29,Male,France,North,10,0.0,1,1,1,111621.98,1,30502.5,332,0
CUST04730,61,Male,France,West,5,99888.81,2,1,1,111706.57,1,78472.41,767,0
CUST08225,47,Female,France,South,9,0.0,2,1,1,186263.21,0,0.0,793,0
CUST00809,28,Female,France,South,10,27024.57,2,1,1,5789.02,0,0.0,802,0
CUST00452,50,Male,Germany,East,4,94648.36,2,1,1,152347.65,0,0.0,604,0
CUST09977,67,Female,France,West,8,0.0,2,1,0,64911.71,1,68376.43,770,0
CUST00874,27,Female,France,North,10,21677.72,1,1,0,136376.12,0,0.0,368,0
CUST02394,38,Male,France,North,8,0.0,1,1,0,11412.61,1,54358.86,725,0
CUST01887,54,Female,Germany,North,6,78309.12,2,1,1,136999.41,1,76369.97,777,0
CUST01501,57,Female,France,Central,2,250000.0,1,1,0,75049.17,1,73506.0,320,0
CUST01009,64,Female,France,Central,0,0.0,2,0,1,138072.82,0,0.0,316,0
CUST02861,55,Male,Germany,West,4,180566.22,1,0,0,127545.91,0,0.0,,0
CUST09868,21,Female,France,Central,4,10606.22,1,1,1,83723.42,0,0.0,423,0
CUST03887,53,Male,France,East,3,0.0,1,0,0,47212.63,1,34768.38,535,0
CUST03837,33,Female,Spain,West,5,2377.36,1,0,0,114738.92,0,0.0,668,0
CUST04941,67,Male,France,South,4,55371.2,1,1,1,62727.36,1,24635.35,446,0
CUST04784,33,Male,Germany,East,8,0.0,1,1,1,195525.7,0,0.0,796,1
CUST05079,34,Female,France,West,10,0.0,2,1,0,155571.07,1,32580.98,800,0
CUST04781,37,Female,France,East,1,0.0,4,1,0,81501.51,1,45072.58,387,1
CUST05573,25,Male,Spain,West,1,0.0,3,1,1,6453.21,0,0.0,787,0
CUST08176,42,Female,Spain,North,3,72517.59,2,1,0,43359.42,1,17064.04,717,0
CUST01215,60,Female,Spain,Central,10,113757.53,3,1,1,71068.23,1,71153.85,817,0
CUST06193,64,Female,Germany,North,9,0.0,2,1,0,126322.23,0,0.0,831,1
CUST07633,53,Female,Spain,North,2,477.95,2,1,1,75544.41,1,21440.07,394,0
CUST00133,26,Male,Germany,Central,6,150131.18,1,0,0,34329.45,0,0.0,765,1
CUST05603,51,Male,Germany,West,7,0.0,2,0,1,100864.38,1,66360.53,670,0
CUST09607,24,Male,Germany,South,6,93925.61,1,1,1,126797.85,1,46583.46,520,0
CUST01745,55,Female,Spain,West,4,140506.35,1,0,1,176727.29,0,0.0,592,0
CUST02706,35,Male,Germany,South,5,0.0,4,1,0,31802.03,0,0.0,499,1
CUST04414,68,Female,Germany,Central,0,27189.97,2,1,0,42971.96,0,0.0,517,0
CUST06237,55,Male,Germany,South,10,104864.81,1,1,0,179514.86,0,0.0,576,0
CUST02286,20,Male,France,West,1,250000.0,3,1,0,160355.18,0,0.0,790,0
CUST00174,21,Male,France,West,10,3263.55,2,0,1,47757.28,1,94126.1,349,0
CUST08297,32,Female,Spain,East,7,0.0,2,1,0,158907.92,1,5108.79,605,0
CUST05613,41,Female,France,West,6,3902.0,2,1,1,71544.35,0,0.0,759,0
CUST03798,26,Female,France,South,5,4901.24,3,1,0,193606.94,0,0.0,703,1
CUST00897,50,Female,Spain,Central,2,0.0,4,1,1,17086.39,0,0.0,611,0
CUST03309,44,Female,Spain,South,6,76841.04,2,1,1,75950.2,0,0.0,476,0
CUST06258,46,Male,France,Central,8,39095.68,2,1,1,27036.17,0,0.0,402,0
CUST01607,70,Female,Spain,West,4,130214.64,2,1,0,106583.78,0,0.0,472,0
CUST04480,20,Female,Germany,North,6,232813.02,1,1,1,127388.81,1,69706.14,800,0
CUST00802,49,Female,France,West,9,27705.27,1,1,0,33377.69,0,0.0,464,0
CUST08994,68,Female,France,North,1,93408.87,1,1,1,173357.1,0,0.0,740,0
CUST05849,45,Male,France,North,10,0.0,2,0,1,72924.87,1,66493.84,569,0
CUST07629,19,Male,Spain,North,5,0.0,1,0,0,77373.78,0,0.0,657,1
CUST08404,53,Female,France,Central,6,82833.86,3,0,0,10301.13,1,70909.1,324,1
CUST07793,29,Male,Spain,Central,2,231172.38,1,1,1,171091.17,0,0.0,622,0
CUST06472,32,Female,Spain,North,9,164622.8,2,1,0,22573.4,0,0.0,564,0
CUST07673,70,Female,France,Central,8,101891.48,1,1,1,134625.41,1,55335.87,544,0
CUST05789,18,Female,France,South,7,0.0,1,1,1,132615.64,0,0.0,690,0
CUST05781,22,Male,Spain,North,2,66641.65,2,1,1,13410.6,0,0.0,544,0
CUST02940,40,Female,Spain,South,10,17918.12,2,1,1,35113.2,0,0.0,674,0
CUST08475,74,Male,Spain,South,5,0.0,1,1,0,70934.0,0,0.0,771,0
CUST02340,35,Male,Germany,North,10,68166.13,2,1,1,120072.59,0,0.0,569,0
CUST07287,62,Female,Spain,Central,7,0.0,1,1,1,126591.42,1,39850.11,748,0
CUST06727,38,Male,Spain,South,10,,2,1,0,47825.81,1,26016.85,644,0
CUST01309,68,Male,Germany,North,0,0.0,3,0,1,49818.07,1,25309.21,714,0
CUST07031,34,Male,Germany,East,6,250000.0,2,1,1,179053.99,1,92330.97,681,0
CUST04621,61,Male,France,Central,3,9420.91,2,1,0,90525.8,0,0.0,763,1
CUST07508,69,Male,Spain,East,9,148685.19,1,1,1,194872.94,0,0.0,401,1
CUST03239,71,Female,Spain,West,9,0.0,1,1,1,148259.34,0,0.0,546,0
CUST04191,42,Male,Spain,East,8,250000.0,1,1,1,135143.63,0,0.0,808,0
CUST02185,44,Female,Spain,North,4,250000.0,1,1,1,98199.63,1,79274.71,302,0
CUST00998,22,Male,Germany,East,6,0.0,2,1,0,194034.31,0,0.0,615,0
CUST06847,62,Male,Germany,North,6,7144.53,2,1,0,175658.08,0,0.0,804,0
CUST02955,64,Female,Spain,Central,4,250000.0,1,0,0,62570.3,1,81393.62,613,1
CUST07980,45,Male,France,South,8,56763.36,1,1,1,144726.82,1,70642.34,396,1
CUST07562,59,Male,France,Central,2,0.0,2,1,0,99271.29,1,87859.6,789,1
CUST09514,68,Female,Germany,East,0,4635.21,2,1,1,90768.13,1,9193.78,,0
CUST05311,29,Female,France,Central,6,12469.39,1,0,1,108925.2,0,0.0,507,0
CUST03490,23,Female,France,West,1,0.0,2,0,1,45928.35,0,0.0,597,0
CUST05406,58,Female,France,North,1,9447.43,2,1,1,173850.52,0,0.0,371,0
CUST05240,57,Male,France,Central,8,13290.78,3,1,0,63804.74,0,0.0,741,0
CUST01300,57,Male,France,South,4,45.93,1,1,0,121938.02,0,0.0,531,1
CUST09943,69,Female,Germany,West,6,0.0,1,1,1,191473.48,0,0.0,657,0
CUST08448,60,Female,France,West,8,0.0,1,1,1,27853.77,0,0.0,489,1
CUST03760,72,Male,Spain,West,1,0.0,2,0,0,140363.59,0,0.0,737,0
CUST09505,42,Female,France,South,6,14919.22,3,1,1,48407.52,1,30453.14,745,1
CUST01984,55,Male,Germany,East,6,64311.15,1,0,0,13523.21,1,55931.06,374,1
CUST01356,19,Male,France,West,6,27970.36,2,0,1,114764.07,0,0.0,656,0
CUST00512,64,Male,Germany,South,2,12848.5,1,1,0,131196.36,1,17052.53,678,0
CUST05584,45,Male,France,East,9,117492.58,2,1,1,148110.25,0,0.0,685,0
CUST00329,58,Female,France,North,6,6723.82,2,1,1,14491.44,1,32364.52,595,0
CUST05065,18,Male,France,Central,5,0.0,1,1,0,53445.87,1,31894.09,685,1
CUST07542,33,Male,France,North,3,14075.62,2,1,1,145288.59,0,0.0,369,0
CUST02863,52,Female,France,North,2,15516.73,1,1,1,22378.63,0,0.0,421,0
CUST08128,72,Female,Germany,South,3,0.0,2,0,0,95595.94,0,0.0,704,0
CUST00758,18,Female,Germany,East,2,59417.1,1,1,0,28883.69,1,74042.65,451,0
CUST04194,74,Female,Spain,West,10,11355.7,1,1,1,21902.55,1,97136.53,353,0
CUST05837,65,Male,France,Central,2,51196.93,1,1,0,49193.65,0,0.0,488,1
CUST00771,71,Male,Spain,Central,9,0.0,1,1,1,80759.1,1,80306.79,734,0
CUST04240,37,Female,France,East,0,0.0,1,1,1,151762.1,1,93695.11,770,0
CUST06776,71,Male,Spain,East,4,96671.34,1,1,0,152466.96,0,0.0,418,0
CUST02769,42,Male,France,North,6,139693.54,2,1,1,111278.95,1,40039.25,405,0
CUST07510,21,Male,France,North,8,151875.35,1,1,1,121501.0,0,0.0,643,1
CUST08061,48,Male,Spain,Central,9,56939.84,2,1,1,195872.54,0,0.0,488,0
CUST01833,46,Male,France,North,10,0.0,1,0,0,143236.82,1,63897.05,593,1
CUST05756,64,Male,Spain,Central,3,8067.33,2,0,0,183310.5,0,0.0,346,0
CUST01280,57,Female,Germany,West,1,250000.0,1,1,1,131181.5,0,0.0,759,0
CUST09490,36,Male,Germany,North,9,26305.77,2,0,0,31176.64,0,0.0,715,0
CUST04733,45,Female,Spain,North,4,10782.83,1,1,0,74596.79,0,0.0,541,0
CUST01701,71,Female,France,East,5,139717.7,3,1,1,198038.19,1,14493.48,668,1
CUST00366,50,Female,Spain,East,2,19609.03,1,1,0,20877.42,1,24797.5,588,0
CUST02538,49,Female,Germany,Central,10,160193.24,2,1,1,50769.88,0,0.0,785,0
CUST05408,44,Male,France,South,8,133612.36,2,1,1,169682.0,1,55761.14,543,0
CUST08129,48,Male,France,Central,8,43678.15,2,1,0,187170.46,0,0.0,633,0
CUST06622,33,Female,Spain,East,8,116492.99,4,1,0,72855.7,0,0.0,533,1
CUST00588,51,Male,Germany,Central,2,0.0,2,1,0,153220.46,1,62201.77,368,0
CUST06726,48,Male,France,East,2,0.0,1,1,1,48865.72,1,73415.65,713,0
CUST01237,32,Male,Germany,East,6,924.8,1,1,1,141922.12,0,0.0,702,0
CUST07870,43,Female,Spain,East,5,209266.3,2,1,0,45581.9,0,0.0,452,0
CUST01219,67,Female,France,West,1,250000.0,1,1,1,76973.7,0,0.0,769,1
CUST04935,61,Male,Spain,South,3,43640.94,2,1,0,69679.64,1,26962.76,442,0
CUST05169,38,Male,France,East,7,0.0,2,1,1,72297.88,0,0.0,325,0
CUST05313,60,Male,Germany,Central,2,5954.27,2,0,1,38480.81,0,0.0,408,1
CUST01500,33,Female,France,East,9,100336.81,1,1,0,62805.13,0,0.0,456,0
CUST04182,18,Female,Spain,Central,3,0.0,2,1,0,40786.81,0,0.0,408,0
CUST01868,64,Female,Spain,West,7,226951.2,1,1,1,102895.26,0,0.0,683,0
CUST08233,26,Female,Spain,South,5,40864.75,1,0,1,135233.46,1,77860.95,598,0
CUST05229,54,Male,Germany,East,4,77741.32,3,1,0,195089.29,0,0.0,421,0
CUST00591,27,Male,Germany,South,7,157606.0,2,1,0,73000.45,0,0.0,726,1
CUST08344,54,Male,France,East,7,187877.37,2,0,0,101954.85,1,48006.45,674,1
CUST08735,43,Male,Spain,West,2,131763.71,3,0,0,152020.36,0,0.0,827,1
CUST05245,18,Male,Germany,North,9,0.0,2,1,1,31105.43,0,0.0,314,0
CUST09716,19,Female,France,North,5,0.0,2,1,0,146496.33,0,0.0,390,1
CUST05051,56,Male,France,Central,4,52341.19,3,1,1,94777.85,0,0.0,668,0
CUST05048,52,Male,Spain,North,6,,2,0,0,111123.18,0,0.0,623,0
CUST01050,43,Female,Spain,West,10,16233.9,2,0,1,56926.88,0,0.0,718,0
CUST05140,41,Male,France,South,7,0.0,1,1,1,116203.83,1,53659.43,809,0
CUST09755,70,Male,Spain,East,9,17806.99,4,0,0,106850.77,0,0.0,481,1
CUST06032,20,Male,Spain,South,8,23706.04,2,0,1,22068.61,1,20259.3,540,0
CUST06008,63,Male,France,East,1,29162.75,2,1,1,122591.56,0,0.0,743,0
CUST01563,63,Female,France,Central,6,32234.99,1,1,1,122395.17,1,76123.19,424,0
CUST05217,28,Male,Germany,West,7,0.0,1,1,0,86999.7,0,0.0,822,1
CUST04845,43,Male,France,Central,6,26039.03,1,0,0,89194.39,1,12784.51,573,1
CUST04234,21,Female,Germany,South,8,18932.48,3,0,0,140599.06,1,97269.66,822,0
CUST08875,54,Male,France,North,3,95932.16,1,1,0,77452.83,1,98845.13,311,0
CUST02609,18,Female,France,South,1,81903.92,1,0,0,33683.83,0,0.0,841,0
CUST05777,43,Male,Spain,North,2,0.0,1,1,0,133550.32,1,13706.58,531,1
CUST04183,72,Female,France,East,4,9630.14,1,1,0,108776.57,1,7427.43,349,0
CUST05498,23,Male,Germany,East,0,25695.95,3,0,1,154753.54,0,0.0,800,1
CUST02726,59,Female,Spain,East,7,218407.23,2,1,1,139323.0,0,0.0,778,1
CUST00388,68,Male,Spain,West,3,29299.54,4,1,1,132044.33,1,62957.62,472,0
CUST09904,35,Female,France,Central,5,48212.52,1,0,1,71264.69,1,66735.94,315,0
CUST08237,25,Male,France,North,9,96663.67,1,0,1,14965.27,1,10183.76,681,0
CUST00097,38,Male,Spain,Central,3,44563.16,4,1,0,91378.91,0,0.0,387,1
CUST03479,74,Male,Spain,West,9,0.0,2,1,0,177029.92,1,81384.86,680,0
CUST01132,66,Male,France,North,5,0.0,2,0,1,11466.03,1,76166.11,344,0
CUST05355,45,Male,Spain,Central,3,0.0,2,0,0,141081.64,1,50038.43,641,0
CUST06720,25,Female,France,East,3,,1,1,1,14754.86,0,0.0,804,0
CUST05348,44,Female,France,South,0,7284.27,1,0,1,122784.18,1,41216.29,514,0
CUST06286,49,Male,Germany,East,9,0.0,1,0,0,38764.16,0,0.0,824,0
CUST07237,43,Female,France,Central,1,97677.57,1,0,0,85974.93,1,23995.38,738,0
CUST05417,33,Female,Germany,East,0,158306.12,1,1,0,104400.85,0,0.0,822,1
CUST05831,63,Female,Spain,North,1,0.0,2,1,0,195617.65,1,86365.56,806,0
CUST06048,47,Male,France,West,7,9622.96,2,1,0,114455.61,1,61193.28,586,0
CUST00142,54,Female,Spain,West,9,0.0,1,1,1,9488.45,1,42877.32,,0
CUST09437,64,Male,Spain,North,6,86871.07,2,1,0,103027.22,0,0.0,482,0
CUST03075,69,Female,France,North,9,80260.13,2,0,0,181743.44,0,0.0,570,1
CUST02485,19,Female,France,North,4,126195.13,2,1,0,28817.71,1,23537.01,500,0
CUST09950,60,Male,Spain,North,4,225021.4,3,0,1,192553.87,1,12353.14,372,0
CUST09582,22,Female,France,North,2,0.0,1,0,0,145497.32,0,0.0,328,0
CUST08894,25,Male,France,Central,3,0.0,1,0,0,79185.87,0,0.0,807,0
CUST08381,51,Male,France,East,6,0.0,2,1,0,46576.92,0,0.0,821,1
CUST07441,65,Male,France,Central,6,18721.91,3,1,1,2266.14,1,89826.38,482,0
CUST05705,40,Female,France,East,0,109084.26,2,1,0,128524.18,1,22471.38,750,0
CUST05282,69,Male,France,South,8,0.0,1,1,0,95250.19,0,0.0,679,0
CUST02383,23,Male,France,North,7,5862.86,2,1,0,21328.95,0,0.0,788,0
CUST01905,56,Male,Spain,Central,10,0.0,2,0,0,92142.33,0,0.0,486,0
CUST05926,30,Male,Spain,East,0,71141.4,2,0,0,73903.55,0,0.0,828,1
CUST00849,45,Male,France,West,10,0.0,3,1,1,113790.71,0,0.0,387,0
CUST00683,58,Female,Germany,East,8,39648.69,1,0,1,60644.95,0,0.0,796,0
CUST00202,28,Female,France,Central,7,148447.85,1,1,0,,1,73726.7,656,0
CUST08554,19,Male,France,West,10,0.0,2,1,1,24115.35,0,0.0,534,0
CUST06679,35,Male,France,North,6,0.0,4,0,0,28805.33,0,0.0,734,0
CUST07643,23,Male,Spain,East,8,4072.02,1,0,0,31220.99,0,0.0,310,1
CUST02707,19,Female,France,East,0,0.0,2,0,0,141414.47,0,0.0,351,1
CUST02604,58,Female,France,South,0,19811.72,2,1,0,162201.88,1,96164.11,,0
CUST02653,29,Male,Spain,North,8,0.0,1,1,0,131514.79,1,69092.18,760,1
CUST02252,45,Female,France,South,0,0.0,2,1,1,6168.75,1,51024.9,636,0
CUST02836,58,Female,Germany,South,4,90.29,1,0,0,146417.61,0,0.0,580,1
CUST09408,50,Male,France,North,9,0.0,1,1,0,153818.22,1,48987.92,788,0
CUST03068,46,Female,Germany,Central,9,0.0,2,1,1,13169.1,0,0.0,774,1
CUST06346,35,Male,France,East,4,0.0,2,1,0,72160.38,0,0.0,816,0
CUST00304,45,Female,France,West,10,0.0,2,0,0,80416.99,1,47811.03,323,1
CUST02040,27,Male,France,West,6,191388.51,1,1,0,44155.51,1,37637.12,773,1
CUST01103,54,Female,Germany,South,1,54251.57,1,0,0,37991.62,1,6064.18,,0
CUST06909,65,Male,France,North,5,18900.68,3,1,1,194788.01,1,91516.59,664,0
CUST09211,27,Female,Spain,Central,3,0.0,3,1,1,41167.38,0,0.0,666,0
CUST09300,72,Female,France,South,2,0.0,2,1,0,104205.01,0,0.0,752,0
CUST05830,70,Female,France,Central,4,0.0,2,1,0,49671.82,0,0.0,411,0
CUST05934,62,Female,France,West,7,0.0,1,1,0,163004.27,0,0.0,329,1
CUST02418,73,Male,France,Central,3,11024.37,1,1,0,117072.33,0,0.0,534,1
CUST05230,55,Female,France,East,9,0.0,1,0,1,80928.23,1,10180.17,810,1
CUST07741,32,Female,France,North,4,5259.97,2,1,0,145884.16,1,73748.2,572,0
CUST04638,68,Female,Germany,South,0,61174.52,3,1,0,166668.04,0,0.0,592,1
CUST04267,62,Male,Germany,East,7,0.0,1,1,1,197412.92,1,22832.45,630,1
CUST09749,20,Female,France,East,1,0.0,2,1,1,194935.93,1,12136.49,723,0
CUST03341,22,Male,Spain,Central,7,24386.53,2,1,1,60728.16,1,27714.8,322,0
CUST07945,40,Female,France,North,1,174917.31,3,1,0,5850.66,1,97391.98,656,0
CUST03521,23,Male,France,South,8,151473.73,3,1,1,170527.14,0,0.0,437,1
CUST08696,38,Female,France,North,0,44963.5,3,0,1,144261.99,1,82558.04,518,1
CUST03388,64,Male,France,Central,9,27000.4,2,1,0,113919.29,0,0.0,849,0
CUST02618,24,Male,Germany,West,1,0.0,2,0,0,41741.08,1,53912.31,572,0
CUST09165,47,Female,Spain,West,1,24324.61,2,1,0,33755.67,0,0.0,642,0
CUST04690,64,Male,France,East,5,0.0,1,1,0,50493.22,0,0.0,814,0
CUST04627,18,Male,Germany,West,10,22012.77,1,0,0,187458.99,0,0.0,652,0
CUST05608,21,Male,France,Central,0,0.0,2,0,1,88931.39,1,87048.94,750,0
CUST01758,29,Female,France,East,2,22830.44,1,1,0,28052.02,0,0.0,581,0
CUST01082,19,Female,Germany,Central,9,166229.28,1,1,1,107732.58,0,0.0,552,0
CUST04366,71,Female,France,East,9,0.0,1,0,1,164480.21,1,39725.85,793,0
CUST03377,37,Male,Germany,North,8,0.0,1,0,1,135031.08,0,0.0,385,1
CUST09636,67,Male,Germany,North,10,0.0,4,1,0,128119.66,0,0.0,568,0
CUST02690,31,Female,France,West,5,148598.19,2,0,0,30482.69,0,0.0,723,1
CUST06108,35,Male,France,West,10,63873.64,2,1,0,44583.75,0,0.0,457,1
CUST02380,32,Male,France,South,5,,1,1,1,163570.07,0,0.0,388,0
CUST08528,43,Female,France,North,0,139301.99,2,1,1,186865.11,0,0.0,760,0
CUST09476,36,Male,Germany,South,9,28889.95,2,1,0,2449.75,0,0.0,378,0
CUST05530,57,Male,France,West,9,41761.76,1,1,0,188753.38,1,10842.97,673,1
CUST03382,72,Female,France,South,9,217634.96,1,1,0,124211.26,0,0.0,773,1
CUST02097,18,Female,France,East,7,0.0,1,1,1,15794.05,1,44184.62,493,1
CUST06275,55,Female,France,South,6,22015.54,1,1,0,27773.93,0,0.0,816,0
CUST04475,66,Male,Spain,East,0,12285.42,2,1,1,12617.19,1,29706.33,461,0
CUST08254,40,Female,Germany,Central,7,8405.18,2,1,0,55197.17,1,49904.73,596,1
CUST04090,28,Female,France,West,3,163569.72,2,0,0,109242.44,1,55369.14,509,1
CUST06466,65,Male,France,South,9,18861.26,1,1,0,177383.82,0,0.0,649,0
CUST01914,69,Male,Spain,East,8,32917.05,1,1,1,160358.64,1,35931.62,424,0
CUST05128,32,Female,Germany,South,2,4912.47,3,0,1,23225.04,0,0.0,804,0
CUST00339,50,Female,France,North,8,47171.71,2,1,0,40881.85,0,0.0,359,0
CUST02253,37,Female,Spain,North,6,0.0,2,1,0,182844.8,0,0.0,832,1
CUST00889,28,Female,Spain,North,9,0.0,2,1,0,128484.12,0,0.0,712,0
CUST07034,53,Female,Spain,East,6,235296.05,3,0,1,37580.73,1,5280.18,342,1
CUST04614,40,Female,France,South,8,18311.15,1,1,1,167612.73,0,0.0,641,0
CUST09416,23,Female,France,Central,9,0.0,2,1,0,54175.18,0,0.0,733,0
CUST03465,37,Male,Germany,West,9,52722.17,1,1,1,143410.73,0,0.0,323,0
CUST00937,48,Female,France,Central,9,0.0,1,1,0,86082.17,1,69544.45,420,0
CUST01465,46,Female,France,East,6,68529.98,1,0,1,108845.8,0,0.0,678,0
CUST04572,69,Male,Spain,South,1,0.0,2,1,1,11609.13,0,0.0,697,1
CUST06006,42,Female,Germany,West,3,0.0,2,1,1,64596.22,0,0.0,776,1
CUST03290,24,Female,France,North,6,100516.29,1,1,0,95965.3,1,9632.26,823,1
CUST09783,28,Female,Germany,South,3,250000.0,1,1,1,38010.56,1,61069.82,361,0
CUST07553,55,Male,France,South,8,15512.22,1,1,1,134759.16,0,0.0,577,0
CUST07975,40,Female,France,West,8,94245.97,2,1,0,21366.44,0,0.0,468,0
CUST08059,69,Female,France,Central,2,112788.56,1,1,0,194518.09,0,0.0,807,1
CUST01068,25,Female,Spain,North,3,110777.53,1,1,1,62310.18,1,49801.06,758,1
CUST07957,67,Male,Germany,West,8,43614.11,1,0,0,45088.53,0,0.0,699,0
CUST06609,71,Male,France,West,6,48750.66,2,1,0,45197.86,1,81431.16,719,0
CUST08647,44,Female,France,West,5,70213.13,2,0,1,54736.82,0,0.0,335,0
CUST01731,42,Male,Spain,North,6,0.0,3,1,1,151301.1,0,0.0,339,0
CUST09692,52,Male,Germany,East,8,21893.91,1,1,0,161261.03,1,99630.42,459,0
CUST06487,64,Male,Spain,Central,0,92100.57,1,0,0,189579.56,0,0.0,714,0
CUST06565,53,Female,Spain,North,4,7994.95,3,0,0,193619.87,0,0.0,475,0
CUST04562,48,Female,Germany,North,1,0.0,1,1,1,190534.52,1,89587.68,612,0
CUST03990,29,Male,Germany,East,7,45721.87,1,0,0,90185.91,0,0.0,587,0
CUST05641,36,Female,France,West,6,13389.94,2,1,0,151954.82,0,0.0,779,0
CUST03885,55,Female,Spain,Central,5,33925.44,3,1,1,39210.92,0,0.0,581,0
CUST06440,30,Male,Germany,West,2,0.0,1,1,0,175677.1,1,85417.77,479,0
CUST00822,48,Female,France,North,10,20667.24,1,1,0,48081.26,1,18867.46,635,1
CUST00315,43,Female,France,South,6,63571.09,2,1,0,4606.97,1,71346.84,538,0
CUST07800,58,Male,France,West,10,120774.16,2,1,1,179528.01,1,83915.52,809,0
CUST03072,56,Female,Germany,South,5,26731.69,1,1,1,97936.97,0,0.0,426,0
CUST00619,20,Female,France,North,1,77973.01,1,0,0,167047.7,1,51206.43,708,1
CUST04869,42,Female,Spain,East,5,60678.57,1,1,0,102352.35,0,0.0,334,1
CUST07616,34,Female,Spain,East,5,3935.56,1,0,1,144701.28,1,42394.74,483,0
CUST00465,41,Male,Spain,Central,2,1062.88,3,1,1,173991.12,0,0.0,386,0
CUST08927,51,Male,Germany,East,7,92075.6,4,0,1,107768.98,1,36336.66,610,0
CUST05684,59,Male,Germany,East,4,250000.0,1,1,0,135159.72,0,0.0,,0
CUST06029,44,Female,Germany,South,7,149342.28,1,0,0,124216.06,0,0.0,655,0
CUST05634,38,Female,Spain,South,3,250000.0,1,1,1,127376.15,0,0.0,513,0
CUST01296,72,Male,France,West,1,22985.85,2,1,1,20703.17,0,0.0,724,0
CUST06534,58,Male,France,Central,5,160866.9,3,1,1,6313.31,0,0.0,659,0
CUST09110,54,Female,France,South,9,34017.73,2,0,1,191658.22,1,45596.26,716,0
CUST07318,33,Male,France,West,9,0.0,2,1,1,25566.34,0,0.0,631,0
CUST03189,48,Male,France,West,10,21489.84,2,0,0,157164.15,0,0.0,506,0
CUST06963,42,Male,France,Central,10,147861.97,1,1,1,182452.46,1,69651.02,689,0
CUST03093,38,Male,Germany,South,6,21734.01,1,0,1,98778.09,1,34631.64,531,0
CUST07248,74,Male,France,South,1,24007.22,2,1,0,69071.28,0,0.0,632,0
CUST03105,38,Male,Spain,Central,2,40003.55,3,0,1,17749.6,1,45279.44,389,0
CUST09870,73,Female,France,South,2,250000.0,3,1,0,1801.15,1,85695.34,327,0
CUST01908,41,Male,Spain,Central,10,27089.56,4,1,1,112786.25,0,0.0,501,0
CUST05407,66,Male,France,South,6,24010.99,1,0,0,106178.59,0,0.0,713,0
CUST05060,37,Female,Germany,North,2,0.0,2,0,0,183857.38,1,30407.63,531,1
CUST02506,67,Female,France,West,7,98458.88,1,1,0,111884.28,1,33455.1,761,0
CUST00283,33,Male,France,North,2,250000.0,2,1,1,33649.01,0,0.0,518,1
CUST05916,38,Female,Germany,North,2,144965.37,1,1,1,115083.02,1,62888.16,362,0
CUST02928,62,Male,Germany,South,9,231795.0,1,1,1,17652.43,1,52366.63,838,0
CUST00043,69,Female,France,Central,0,90271.98,2,1,0,60892.69,1,43364.17,465,0
CUST07839,41,Female,France,West,8,77232.1,1,1,1,48114.82,0,0.0,532,0
CUST01345,69,Male,France,South,4,61215.36,1,1,0,125256.65,1,12435.75,397,0
CUST00223,68,Female,France,South,9,0.0,2,1,1,59730.18,0,0.0,675,1
CUST00506,21,Male,France,South,6,0.0,1,1,1,196655.28,1,63321.26,447,0
CUST02743,71,Male,Spain,Central,10,12183.07,2,0,0,196016.12,1,8626.02,464,0
CUST08513,69,Male,Germany,West,4,57952.64,1,1,0,33021.04,0,0.0,724,0
CUST07373,37,Male,France,Central,6,0.0,3,1,1,43604.58,1,26044.98,723,0
CUST00912,20,Female,Spain,Central,4,7722.67,4,1,1,25369.0,0,0.0,584,0
CUST04895,63,Male,Spain,Central,7,8204.57,1,1,0,9125.22,0,0.0,560,0
CUST09773,74,Male,France,Central,4,0.0,2,1,0,98006.88,0,0.0,633,0
CUST07046,54,Male,Germany,South,6,87297.94,1,0,0,186129.57,1,11184.76,793,1
CUST02802,19,Male,France,Central,5,46129.28,1,1,0,133659.21,1,47079.11,677,0
CUST08572,23,Male,Spain,South,3,83938.43,1,1,1,53527.04,0,0.0,513,0
CUST05410,29,Female,Germany,North,6,26706.31,2,1,0,58013.83,1,44035.45,735,0
CUST08056,69,Female,Germany,North,4,60303.22,2,1,1,110397.89,1,43204.75,512,0
CUST03692,69,Male,France,West,3,,2,0,0,17157.47,0,0.0,413,1
CUST00262,23,Female,France,South,1,0.0,1,1,0,167319.77,0,0.0,378,0
CUST09605,42,Female,France,South,5,12867.78,2,1,0,51954.8,0,0.0,726,0
CUST02702,33,Female,Germany,South,5,22801.25,2,1,0,102949.75,0,0.0,477,1
CUST01575,35,Male,France,North,10,10310.38,1,1,1,69178.01,1,12191.67,454,0
CUST07402,65,Female,Spain,North,0,115744.67,3,0,1,184527.48,1,80912.17,766,0
CUST04497,57,Male,Germany,North,0,48987.21,1,1,1,9907.18,1,96973.73,597,0
CUST08840,37,Male,Spain,North,5,30947.4,1,1,0,44209.9,0,0.0,365,0
CUST07548,32,Male,Germany,South,0,28820.52,3,1,1,147476.68,0,0.0,618,1
CUST04699,30,Female,Germany,South,4,32373.52,1,1,0,16258.89,1,61821.63,556,1
CUST09224,71,Male,Germany,North,4,26842.1,4,1,1,114260.0,1,35155.23,397,0
CUST03600,68,Male,Germany,South,8,47728.38,2,0,1,55475.1,1,48037.18,467,0
CUST07995,31,Female,Germany,South,1,753.8,1,1,0,177169.25,0,0.0,679,0
CUST08915,27,Female,Germany,South,7,49824.71,1,1,1,152917.42,1,6171.07,395,0
CUST00752,54,Male,Spain,East,8,,1,0,1,62289.58,0,0.0,460,0
CUST04264,48,Male,France,East,7,36062.29,2,1,0,78758.31,1,71389.14,547,1
CUST00708,70,Female,France,East,4,135168.63,2,1,1,176028.01,0,0.0,845,0
CUST05055,34,Male,Germany,North,7,2826.15,2,1,0,45293.17,1,68467.14,561,0
CUST02135,46,Male,Spain,East,3,0.0,1,1,0,70763.95,1,46078.73,374,0
CUST07652,48,Male,Spain,Central,10,95539.56,2,0,0,109766.92,0,0.0,726,0
CUST09316,20,Male,France,South,3,103713.67,3,1,0,65033.57,0,0.0,843,0
CUST03359,58,Female,Germany,South,1,16579.5,1,0,1,171781.09,1,73501.08,646,0
CUST03166,22,Female,France,West,9,31392.68,1,1,0,46496.87,0,0.0,463,0
CUST01107,74,Female,Germany,Central,7,36429.22,1,1,0,15095.11,0,0.0,745,0
CUST09846,43,Male,France,West,6,7417.22,4,1,0,96566.04,0,0.0,823,1
CUST05787,56,Male,France,East,7,0.0,1,0,1,123890.07,1,17546.27,509,0
CUST09222,27,Male,Germany,West,0,0.0,1,1,1,69687.16,1,64823.14,792,0
CUST06558,68,Female,France,South,1,87556.56,1,1,0,147708.61,1,94491.39,481,0
CUST02839,30,Female,France,South,7,0.0,2,1,1,45439.51,0,0.0,819,0
CUST04166,23,Male,France,South,5,14240.29,1,1,1,11741.95,1,70404.15,415,0
CUST04125,37,Female,France,Central,10,0.0,1,1,0,20951.34,1,89131.98,388,0
CUST02273,55,Female,Germany,West,3,0.0,2,1,1,179880.2,1,57780.69,837,0
CUST05268,72,Male,Germany,North,3,93494.66,1,1,0,135424.21,0,0.0,414,0
CUST09070,59,Male,Spain,South,7,0.0,1,0,1,101251.52,0,0.0,724,0
CUST02590,48,Female,France,Central,10,0.0,2,1,1,32647.54,0,0.0,384,0
CUST02105,46,Female,France,West,7,41172.78,1,0,0,184580.64,1,87349.37,666,0
CUST02397,52,Female,France,North,0,28565.11,2,1,0,140226.79,0,0.0,557,1
CUST08609,50,Female,France,Central,1,0.0,2,0,0,51929.55,0,0.0,674,1
CUST02725,59,Male,Germany,Central,10,27675.76,1,1,0,124938.44,0,0.0,832,1
CUST05636,24,Male,France,Central,3,48517.05,1,1,0,152906.81,0,0.0,360,0
CUST00232,58,Male,Germany,South,3,83188.27,3,0,0,177737.89,1,6177.57,597,0
CUST07384,71,Female,Spain,East,2,0.0,1,1,1,34595.06,0,0.0,742,0
CUST05139,46,Female,France,North,10,34633.4,1,1,1,162201.1,0,0.0,463,0
CUST03827,34,Male,Germany,East,2,14156.92,2,0,1,34970.82,0,0.0,687,0
CUST02030,55,Female,France,East,8,0.0,1,1,1,172883.73,1,60846.78,801,0
CUST09014,59,Male,France,West,9,9160.09,1,0,1,62448.64,1,93242.99,317,0
CUST02420,42,Female,Spain,North,6,47247.77,2,1,1,16546.74,1,73504.34,581,0
CUST08259,50,Male,Germany,West,8,12425.88,3,1,1,192795.75,0,0.0,569,0
CUST05161,23,Female,Spain,West,0,48010.22,2,1,1,197170.01,0,0.0,570,0
CUST05021,44,Female,Germany,Central,5,35156.1,2,1,0,91187.63,1,75789.41,414,0
CUST06263,45,Female,Spain,South,5,124853.62,2,1,1,27354.01,0,0.0,679,0
CUST09016,27,Female,Germany,East,5,0.0,2,1,1,136094.27,1,34463.27,377,0
CUST01631,56,Male,Germany,Central,8,141413.28,2,1,0,46559.5,0,0.0,389,0
CUST02911,39,Male,France,Central,10,671.79,1,0,1,34593.07,1,42272.13,729,0
CUST01976,32,Male,France,North,2,64379.89,2,1,0,24289.39,1,79102.96,724,0
CUST01168,54,Female,Germany,South,1,227237.81,1,1,1,179150.77,0,0.0,359,0
CUST03107,35,Male,Spain,Central,0,8307.15,2,1,0,31624.46,0,0.0,560,0
CUST04350,52,Female,France,South,7,128196.05,2,0,0,33595.32,0,0.0,751,0
CUST05962,18,Female,Spain,South,8,14960.13,2,1,0,165472.81,0,0.0,383,0
CUST05995,23,Male,Spain,West,3,126391.13,2,1,0,112205.31,0,0.0,389,1
CUST01676,62,Male,France,East,6,0.0,1,1,0,95132.47,0,0.0,673,0
CUST00049,38,Male,France,Central,0,0.0,4,0,0,70980.88,0,0.0,346,0
CUST04012,24,Female,Spain,North,0,228536.38,1,1,0,8702.99,0,0.0,473,0
CUST09923,66,Male,Germany,South,10,98058.68,1,0,0,81993.39,0,0.0,697,0
CUST08907,27,Male,France,West,2,97990.59,2,1,1,195789.45,0,0.0,654,0
CUST00838,29,Female,Germany,East,4,1107.72,4,1,1,63599.11,1,37027.65,365,0
CUST02704,53,Male,Germany,South,6,45137.58,1,1,1,64186.61,0,0.0,802,0
CUST03145,65,Male,France,West,9,85888.77,2,1,0,51501.91,0,0.0,413,0
CUST08838,19,Male,France,North,7,0.0,2,1,1,42253.12,0,0.0,412,0
CUST09770,58,Male,France,West,10,0.0,2,1,1,164943.33,1,19939.72,749,0
CUST08833,32,Female,France,West,7,0.0,1,1,1,,1,94573.73,844,0
CUST02947,39,Female,France,South,8,0.0,2,1,0,37665.29,0,0.0,347,0
CUST03409,37,Male,Germany,East,4,5187.54,1,1,0,156954.61,1,68987.43,564,0
CUST01018,25,Female,France,East,8,0.0,1,0,0,92542.56,0,0.0,394,1
CUST09542,62,Female,Germany,West,4,416.64,2,1,0,17739.34,1,58543.05,309,1
CUST00302,18,Male,Spain,Central,2,104095.8,2,1,0,24486.52,0,0.0,584,0
CUST02452,47,Male,Germany,East,10,0.0,2,1,1,29659.99,0,0.0,511,0
CUST00105,42,Male,Spain,West,3,0.0,1,1,0,33934.82,1,93682.16,511,0
CUST02110,29,Male,Spain,North,9,7557.19,2,0,0,158625.55,1,80195.85,522,0
CUST00347,57,Male,Spain,Central,5,22346.57,2,1,0,114586.12,0,0.0,496,0
CUST01933,23,Female,Germany,Central,0,19849.01,2,0,0,21780.38,1,38671.61,491,1
CUST06318,34,Male,Spain,North,0,0.0,2,0,0,28696.75,0,0.0,594,0
CUST02230,49,Female,Spain,South,6,73272.46,1,1,1,144595.28,1,47280.09,705,0
CUST08714,31,Female,France,South,5,,1,0,0,114846.4,0,0.0,380,0
CUST02392,35,Male,Spain,North,8,38707.26,1,0,1,88481.33,0,0.0,635,0
CUST08511,67,Male,France,North,1,232464.83,1,1,0,34393.64,1,70830.46,430,1
CUST02605,40,Female,Germany,East,7,0.0,2,1,0,25336.0,1,36240.58,643,1
CUST08495,55,Male,France,South,8,174914.34,1,0,1,71763.76,1,84067.7,747,0
CUST03985,25,Female,France,Central,0,75349.74,1,1,0,87282.09,0,0.0,793,0
CUST06932,65,Female,Germany,South,10,705.92,2,1,0,180939.38,0,0.0,573,0
CUST09406,31,Male,Spain,East,9,29585.06,1,1,0,139395.82,1,41008.83,386,0
CUST05309,52,Male,Spain,South,10,0.0,3,1,1,152910.78,0,0.0,705,0
CUST03342,20,Male,France,Central,6,0.0,3,1,1,21876.16,0,0.0,430,0
CUST08879,28,Male,France,Central,6,0.0,2,1,0,89487.83,1,45226.93,527,1
CUST04116,44,Female,Spain,North,4,16269.43,2,1,1,150833.5,1,20968.22,328,0
CUST02376,70,Female,France,South,1,85489.13,1,1,0,13826.65,1,34087.9,421,0
CUST02009,44,Male,Germany,North,0,105837.22,3,0,1,138849.01,1,6967.63,565,0
CUST01312,69,Female,Spain,West,6,15680.99,1,1,0,124011.64,1,10240.49,440,0
CUST00898,51,Female,France,North,1,120316.16,2,1,1,15790.7,0,0.0,427,0
CUST09368,72,Female,Spain,South,9,8347.21,1,0,0,10727.02,1,90025.09,780,0
CUST09506,22,Male,France,South,10,61269.16,4,1,0,128531.36,0,0.0,630,0
CUST09059,66,Male,Spain,North,10,4479.29,1,0,0,149048.23,1,85127.5,662,0
CUST01583,65,Female,France,West,7,0.0,2,1,1,10414.51,0,0.0,576,0
CUST02487,54,Male,France,Central,3,0.0,1,0,1,88239.17,1,22646.58,485,1
CUST07490,43,Male,Germany,South,1,55411.49,2,1,0,68514.53,1,57681.99,557,0
CUST07881,72,Female,Spain,North,3,65280.72,1,1,0,80717.66,1,94005.14,563,0
CUST08789,37,Male,France,East,10,194755.74,2,1,1,179634.32,0,0.0,323,0
CUST07518,71,Male,Germany,South,0,0.0,1,1,1,118559.51,0,0.0,458,1
CUST07122,46,Male,Spain,West,5,157842.67,1,1,1,38737.53,0,0.0,372,1
CUST04964,71,Female,Spain,Central,4,50557.29,1,1,1,165685.76,1,72947.97,561,0
CUST03793,28,Female,Germany,South,3,0.0,2,1,1,165578.24,1,16299.08,307,1
CUST00439,41,Female,Spain,East,9,32216.05,3,0,1,132013.97,0,0.0,748,0
CUST06080,42,Male,Spain,East,1,121033.69,1,1,1,17698.51,1,64694.0,578,1
CUST06951,22,Female,France,West,3,0.0,1,1,0,43957.05,0,0.0,803,0
CUST09091,47,Female,France,East,6,0.0,1,1,1,66788.86,0,0.0,404,0
CUST03941,58,Male,France,North,2,208428.28,1,1,1,123531.0,1,40266.81,726,0
CUST07931,60,Female,France,South,6,0.0,1,1,0,39708.17,0,0.0,389,1
CUST05007,45,Male,Germany,West,10,59129.55,1,1,0,30812.14,1,73657.28,468,0
CUST09067,57,Female,France,South,7,0.0,2,0,1,52737.49,0,0.0,389,0
CUST03851,72,Male,Spain,South,10,57993.21,2,1,1,46351.0,1,78029.85,303,1
CUST06097,21,Female,France,North,10,40034.72,1,1,1,94610.96,0,0.0,740,0
CUST00020,70,Female,Germany,West,0,29118.33,1,0,0,102630.33,0,0.0,483,1
CUST05790,66,Female,Germany,South,10,92191.88,1,1,0,158638.44,0,0.0,490,0
CUST07605,31,Male,France,South,1,0.0,1,1,1,23357.33,1,74197.49,726,0
CUST08262,54,Male,Spain,South,2,52032.4,1,1,0,19739.72,1,8718.86,781,0
CUST09540,44,Female,France,West,8,17811.82,2,0,0,107887.68,1,86098.06,724,0
CUST03452,35,Male,France,West,1,98898.23,1,0,0,193238.89,0,0.0,691,0
CUST05502,27,Female,Germany,South,1,0.0,1,1,1,168257.89,1,58698.26,364,1
CUST00361,33,Male,Germany,East,10,0.0,3,1,0,101418.24,1,26312.72,373,1
CUST08264,34,Female,France,North,0,31206.53,3,1,0,105738.98,1,74781.28,575,0
CUST04431,62,Female,France,East,6,0.0,1,1,1,190602.73,1,31874.67,492,0
CUST07997,57,Female,France,East,9,41336.36,1,1,0,53756.09,1,61598.7,735,0
CUST08584,50,Female,Germany,West,5,28226.64,2,1,0,172422.02,0,0.0,720,1
CUST04418,35,Male,Germany,East,5,13576.8,2,1,1,166769.43,0,0.0,662,0
CUST05562,30,Male,Spain,North,6,56099.43,1,1,1,163315.09,0,0.0,659,0
CUST07845,22,Female,Germany,Central,5,250000.0,1,0,1,159801.8,1,89244.81,501,0
CUST06396,52,Male,Spain,West,3,29165.96,1,1,0,17619.11,1,40586.94,356,0
CUST07142,70,Male,France,Central,3,0.0,2,1,1,107566.65,1,98964.61,758,0
CUST04678,36,Male,Germany,North,8,0.0,1,1,1,38325.45,0,0.0,700,0
CUST05403,35,Female,Germany,North,8,0.0,2,0,0,128548.66,1,89950.89,631,0
CUST07029,30,Female,France,West,8,4843.31,1,0,0,178971.73,1,19249.69,353,0
CUST04413,34,Female,Spain,West,4,45830.74,4,1,1,160028.02,0,0.0,833,0
CUST04956,28,Male,Germany,South,5,16825.27,2,1,1,98752.69,1,52549.49,665,0
CUST01673,70,Male,Spain,South,0,194194.99,1,1,1,117959.91,1,76909.71,481,0
CUST01918,46,Female,Germany,South,2,202793.37,1,0,0,93780.3,1,6756.47,388,0
CUST03122,51,Female,Spain,South,7,25964.92,2,0,0,159229.72,0,0.0,511,0
CUST05025,61,Male,France,North,6,0.0,3,1,0,110401.85,1,91468.51,621,0
CUST08127,22,Male,Spain,North,5,66970.72,3,0,0,195494.7,1,19795.82,400,0
CUST05632,27,Female,Spain,East,5,0.0,2,1,1,162695.21,1,48133.17,765,0
CUST08462,41,Male,Spain,Central,9,34561.95,1,1,0,52822.38,1,82076.12,452,0
CUST08099,28,Male,Germany,West,7,7992.17,3,1,1,175100.42,0,0.0,456,0
CUST09310,21,Female,France,South,5,154725.58,2,1,1,107164.34,0,0.0,437,1
CUST00160,56,Male,Spain,North,3,212592.54,1,0,0,194728.23,1,57229.34,329,0
CUST05483,21,Female,Germany,South,7,15853.83,1,0,0,194448.21,0,0.0,426,0
CUST00326,49,Male,France,North,8,0.0,3,0,1,9245.07,1,47463.77,327,0
CUST01052,44,Female,Spain,South,6,0.0,1,1,1,17631.75,0,0.0,774,0
CUST02364,54,Male,France,Central,10,21781.51,1,1,1,24098.23,1,34760.92,473,0
CUST07077,39,Female,Germany,North,1,0.0,3,0,1,160102.23,1,87968.87,810,0
CUST05873,28,Male,France,East,6,3635.82,1,1,1,91066.98,0,0.0,365,0
CUST01666,23,Female,Spain,East,5,34216.46,1,1,0,163842.24,1,61227.03,359,0
CUST06135,39,Male,France,East,6,0.0,1,1,1,175898.11,0,0.0,703,0
CUST03590,38,Male,Germany,North,8,88051.09,2,0,0,141538.14,0,0.0,481,0
CUST07167,64,Male,Spain,East,8,98275.59,2,1,0,57677.6,0,0.0,626,0
CUST08308,69,Male,Spain,West,0,23384.02,1,1,0,14534.01,0,0.0,634,0
CUST04689,52,Female,France,East,4,9989.11,1,1,0,198112.6,1,20172.93,750,0
CUST04795,47,Female,France,East,8,3908.28,1,1,0,98635.03,1,27059.73,831,1
CUST06516,34,Female,Spain,South,6,2226.91,2,0,1,101996.03,1,11640.02,622,0
CUST02531,25,Female,Spain,North,0,2695.81,1,1,1,90674.61,1,72527.17,534,0
CUST07372,18,Female,Spain,West,9,94239.66,3,1,0,132208.07,1,97965.88,503,1
CUST03724,19,Female,Spain,South,7,142947.01,1,1,0,150709.11,1,47433.8,413,0
CUST08799,50,Male,Germany,West,4,56949.97,1,1,1,99335.19,1,10589.96,563,0
CUST06412,21,Male,France,South,5,0.0,3,1,1,169559.06,0,0.0,557,0
CUST05630,22,Female,Spain,South,0,0.0,1,1,1,196212.4,0,0.0,820,0
CUST02338,35,Male,France,Central,1,34566.17,1,0,1,190472.28,0,0.0,814,0
CUST03193,69,Male,France,South,0,0.0,1,0,1,94238.95,1,37657.3,334,0
CUST08793,31,Male,France,North,9,86224.36,1,1,0,124624.17,1,51505.17,554,1
CUST05704,65,Male,France,North,10,44944.14,1,1,0,54529.05,1,81111.12,435,0
CUST07446,30,Male,France,South,9,0.0,1,1,0,129553.64,1,13469.81,683,1
CUST07071,46,Female,France,Central,2,43450.38,1,1,1,58661.35,1,51563.5,471,0
CUST02813,28,Female,France,South,10,0.0,1,0,0,114212.9,0,0.0,675,1
CUST00949,61,Female,France,East,7,64475.39,1,1,1,166861.77,1,14437.72,,1
CUST07725,40,Female,France,North,5,0.0,2,1,0,62693.57,0,0.0,488,1
CUST01067,18,Female,Spain,South,8,0.0,2,1,1,132643.19,0,0.0,576,1
CUST00601,33,Male,Germany,West,4,37477.48,1,1,0,33124.13,1,96401.59,574,0
CUST05941,28,Male,Germany,Central,10,0.0,1,1,1,72636.27,0,0.0,552,0
CUST06085,41,Male,Spain,South,2,0.0,1,1,0,122709.44,0,0.0,372,1
CUST06934,28,Male,Spain,East,7,1737.05,2,1,1,174733.23,0,0.0,583,0
CUST02489,43,Male,France,West,6,42604.59,1,1,0,53068.79,1,42291.46,332,0
CUST00823,18,Female,Germany,North,10,250000.0,2,1,1,193733.5,1,30690.59,614,0
CUST02315,28,Female,Spain,East,10,105762.75,2,0,0,29994.85,1,87473.48,368,0
CUST01541,72,Male,France,East,6,7936.59,1,1,1,125920.02,0,0.0,441,0
CUST07637,24,Female,Spain,North,5,0.0,1,1,0,26275.35,0,0.0,775,0
CUST00386,55,Female,France,East,2,49924.02,1,1,1,188118.63,0,0.0,449,0
CUST03182,52,Male,France,East,9,0.0,3,0,1,150860.97,0,0.0,633,0
CUST02356,24,Female,Spain,Central,7,73132.88,2,1,1,55752.65,1,46389.26,364,0
CUST08851,51,Male,Spain,South,6,6275.19,2,0,1,139722.95,1,57353.6,770,0
CUST05940,61,Female,Germany,East,0,50184.62,1,0,0,53201.22,0,0.0,696,1
CUST01803,35,Female,Spain,South,1,0.0,1,1,0,51161.86,0,0.0,671,0
CUST08433,20,Male,Spain,East,6,0.0,1,1,1,180542.27,1,8349.66,596,0
CUST07850,64,Male,France,West,0,0.0,2,1,0,163255.21,0,0.0,592,0
CUST03859,38,Male,Spain,West,3,0.0,2,0,1,25558.16,0,0.0,751,0
CUST06842,57,Female,France,North,10,6626.03,2,0,0,45506.43,0,0.0,723,0
CUST09038,19,Male,France,East,10,0.0,1,1,1,191671.43,1,64386.78,592,0
CUST02630,55,Male,Germany,North,4,13127.77,2,0,1,27442.85,1,79151.43,598,0
CUST00422,48,Female,Germany,Central,7,96047.35,1,1,1,150600.87,0,0.0,787,0
CUST08946,29,Female,France,Central,10,17104.74,3,1,1,196276.28,0,0.0,415,0
CUST06696,22,Male,Spain,East,10,30461.77,1,1,0,117769.91,0,0.0,558,0
CUST07000,52,Male,France,North,4,,3,1,1,95418.92,1,55309.85,763,0
CUST08711,35,Female,France,East,3,0.0,1,0,1,106120.91,0,0.0,531,0
CUST08617,35,Male,France,East,8,215738.0,2,1,1,146795.47,1,32935.43,707,0
CUST00107,58,Male,Spain,South,4,10101.34,1,1,0,67926.75,0,0.0,735,0
CUST04639,30,Male,France,Central,8,54588.61,1,1,1,159250.32,0,0.0,708,0
CUST03850,25,Male,France,North,9,0.0,1,1,0,119874.53,1,85081.66,490,0
CUST04214,45,Female,France,West,2,0.0,1,1,1,31068.58,1,59514.35,573,0
CUST01330,21,Female,Spain,North,10,0.0,1,1,1,161915.66,0,0.0,667,0
CUST01945,52,Female,Germany,South,10,15576.7,1,0,0,,1,25931.44,739,0
CUST02758,66,Female,France,North,6,13531.06,1,1,1,346.79,1,70917.38,825,0
CUST06944,66,Male,Germany,Central,10,84974.76,1,1,1,77882.21,1,10266.41,579,0
CUST00674,49,Male,Germany,East,6,191862.76,3,0,1,187140.83,1,26051.9,755,0
CUST08626,56,Female,France,East,2,5996.1,1,1,0,10949.18,0,0.0,763,1
CUST07127,26,Male,Spain,West,7,0.0,3,1,0,175012.6,0,0.0,315,0
CUST01643,54,Male,France,North,0,0.0,3,0,1,51864.46,1,11709.76,505,0
CUST04230,73,Male,France,East,1,447.43,1,0,1,24436.36,1,42367.03,412,0
CUST02623,42,Male,Germany,East,1,0.0,1,0,1,72925.04,0,0.0,721,1
CUST09635,23,Female,France,West,10,83364.51,1,1,0,105087.65,0,0.0,320,0
CUST02111,24,Female,France,East,5,16199.73,2,0,1,38283.95,1,39352.96,651,0
CUST00401,65,Male,France,South,0,4792.84,4,1,0,79532.56,0,0.0,785,1
CUST08798,24,Male,Spain,South,3,28266.41,1,1,1,24447.12,0,0.0,468,0
CUST00008,56,Female,Spain,West,8,0.0,2,1,1,80205.77,0,0.0,711,1
CUST07968,38,Female,France,West,3,24006.32,4,0,1,100892.69,1,30399.67,830,0
CUST03807,43,Male,France,North,1,3514.08,2,1,0,78133.97,0,0.0,311,0
CUST01993,30,Male,France,Central,1,207738.17,3,0,1,137648.22,1,15488.81,710,0
CUST03335,25,Male,Spain,South,4,127879.79,1,1,0,24118.85,0,0.0,474,0
CUST08135,72,Male,France,Central,10,0.0,1,0,0,148563.77,0,0.0,843,0
CUST06450,35,Male,France,Central,10,250000.0,2,0,1,121278.17,0,0.0,532,0
CUST03635,19,Male,France,West,1,0.0,1,1,0,54729.58,0,0.0,786,1
CUST05272,43,Male,France,West,3,0.0,2,1,0,29998.08,1,97319.49,502,0
CUST01218,23,Male,Germany,West,2,107189.51,3,0,1,111720.2,0,0.0,623,0
CUST04297,23,Male,Germany,South,7,63537.07,2,0,0,167801.72,1,12603.92,445,0
CUST02848,55,Male,Germany,North,7,0.0,2,0,0,,0,0.0,608,0
CUST06350,21,Male,France,North,10,0.0,2,0,1,91798.53,1,34978.83,506,0
CUST09862,36,Female,France,South,9,28047.33,3,0,0,38302.85,0,0.0,311,0
CUST04540,31,Male,France,East,0,0.0,3,0,0,22570.1,1,74688.15,574,0
CUST00335,37,Female,France,South,5,7414.84,1,1,1,175037.58,1,21389.07,408,0
CUST03674,44,Female,Spain,East,3,16716.91,1,0,0,89914.06,0,0.0,843,1
CUST00724,56,Female,France,West,8,0.0,1,1,1,52190.38,0,0.0,356,0
CUST09156,62,Male,France,Central,3,121502.15,2,0,0,2142.64,1,74202.75,519,0
CUST04056,73,Female,Germany,West,8,20831.64,1,1,1,,1,65941.35,802,0
CUST06969,47,Female,France,North,10,25723.6,2,1,1,95551.11,0,0.0,635,0
CUST04588,40,Male,Spain,West,5,0.0,1,1,0,199050.05,0,0.0,504,0
CUST03935,69,Male,France,Central,0,0.0,2,1,1,168118.5,1,11596.19,336,0
CUST02177,25,Male,France,West,8,60188.45,2,0,0,49021.8,1,8593.28,748,1
CUST07165,24,Female,Germany,South,4,0.0,1,1,1,38587.38,0,0.0,813,0
CUST06478,70,Male,Germany,West,4,101562.52,2,1,1,178906.76,1,28242.89,662,0
CUST08744,35,Female,Germany,South,6,35574.56,1,1,1,119380.67,0,0.0,713,0
CUST01182,47,Female,France,North,1,0.0,2,1,0,159717.05,1,35660.55,820,0
CUST08666,54,Male,France,East,5,6561.87,2,1,0,143639.29,0,0.0,374,0
CUST02336,68,Male,France,East,2,0.0,1,1,1,44014.7,0,0.0,701,0
CUST03629,23,Female,France,East,3,74340.87,1,1,0,19220.89,1,80295.23,485,0
CUST08627,27,Male,France,North,3,,2,1,1,176722.36,1,22921.67,362,1
CUST03195,36,Male,Spain,East,6,0.0,2,1,1,179949.96,1,93958.53,694,0
CUST07205,19,Female,France,Central,0,0.0,1,1,0,34460.77,1,22844.14,705,1
CUST02710,21,Female,Germany,South,0,0.0,2,1,0,156258.5,0,0.0,345,0
CUST02457,25,Male,Germany,East,6,0.0,1,1,1,192988.94,0,0.0,360,0
CUST00973,32,Male,France,East,4,88488.49,1,0,1,38378.12,0,0.0,546,0
CUST07047,47,Male,France,South,5,5679.8,3,1,0,17882.93,0,0.0,354,0
CUST08219,43,Male,France,South,9,33110.32,1,1,0,172237.59,0,0.0,321,1
CUST05628,65,Male,France,Central,9,0.0,1,1,1,52408.96,0,0.0,325,1
CUST09081,41,Female,France,South,0,29713.07,1,0,1,195306.48,1,71793.68,821,1
CUST07970,57,Male,France,Central,8,122003.58,1,1,1,192861.69,0,0.0,688,0
CUST01310,25,Female,Spain,West,6,0.0,1,1,0,11720.65,0,0.0,651,1
CUST00677,66,Male,Spain,West,7,250000.0,2,1,1,15860.93,1,48353.62,513,0
CUST05179,68,Male,France,South,8,175776.58,1,1,1,14504.63,0,0.0,604,0
CUST01824,43,Female,France,North,8,125729.37,2,1,0,109908.15,0,0.0,692,0
CUST06175,60,Male,Spain,South,3,21211.87,2,1,0,149210.38,1,67897.72,760,0
CUST04161,74,Male,France,Central,6,130655.24,2,1,0,147570.7,1,97140.69,587,1
CUST06457,46,Female,France,East,1,171252.05,1,0,1,163346.52,1,30431.22,318,0
CUST02288,26,Female,France,East,0,17018.5,2,1,0,,0,0.0,652,0
CUST06711,68,Male,France,Central,2,36519.87,2,0,1,192740.81,1,97518.84,730,0
CUST00346,55,Male,Spain,East,5,83835.41,1,1,1,151479.71,0,0.0,483,0
CUST03651,55,Female,Germany,Central,2,138775.44,1,1,0,53140.83,1,63421.75,317,0
CUST02456,37,Male,Germany,East,6,47910.6,2,1,1,55414.67,0,0.0,341,0
CUST06921,36,Male,France,Central,6,151012.23,2,1,0,,0,0.0,310,0
CUST02196,37,Female,Germany,East,2,0.0,2,1,0,136665.03,1,29139.9,843,0
CUST00552,46,Male,France,Central,10,210341.83,1,1,0,63370.68,1,35492.0,766,0
CUST04042,36,Male,France,West,7,84566.46,1,1,1,91563.72,0,0.0,439,0
CUST06325,30,Female,France,South,9,6712.29,2,0,1,5442.56,1,15182.44,359,0
CUST07977,54,Female,Spain,South,8,250000.0,3,0,0,72374.18,0,0.0,768,1
CUST00883,71,Female,France,North,2,32485.76,3,0,1,152060.1,0,0.0,351,0
CUST04848,57,Male,France,East,7,25204.59,4,0,1,112561.51,0,0.0,302,0
CUST02987,19,Female,France,South,6,65811.94,2,1,0,185426.93,1,82437.38,675,0
CUST02352,46,Male,France,East,6,0.0,1,1,0,162059.64,0,0.0,768,0
CUST02642,38,Male,Germany,South,10,0.0,2,1,0,174692.6,0,0.0,675,1
CUST05047,47,Male,Spain,South,6,233502.46,1,1,1,59152.36,1,40625.62,309,0
CUST02246,63,Female,France,North,7,79377.28,2,0,0,141939.93,0,0.0,413,0
CUST02357,29,Female,Spain,Central,2,250000.0,3,0,0,165927.0,1,22600.86,515,0
CUST09409,46,Male,Spain,East,2,32535.6,1,0,0,26691.82,0,0.0,588,0
CUST07566,35,Male,France,East,3,0.0,1,1,0,44980.19,1,13182.0,774,1
CUST09998,57,Male,France,West,8,117720.55,1,1,1,28230.13,1,82770.82,707,0
CUST09187,73,Male,Spain,East,6,229571.44,1,1,0,73744.2,1,20202.89,641,0
CUST09193,30,Male,Germany,South,0,28989.4,1,1,1,9335.52,1,17161.75,666,0
CUST07554,59,Male,Germany,South,0,152636.73,2,1,0,121765.37,1,70456.19,835,0
CUST03974,50,Male,Spain,Central,5,212213.84,1,1,0,136648.84,0,0.0,332,1
CUST02528,67,Male,Germany,West,9,0.0,2,1,1,18430.11,0,0.0,837,0
CUST00826,71,Male,France,South,9,0.0,3,0,1,105876.5,1,72547.73,715,1
CUST07113,67,Female,Germany,South,5,0.0,3,1,0,83163.97,0,0.0,616,1
CUST02568,36,Male,Germany,West,9,0.0,1,1,1,147590.6,0,0.0,552,0
CUST09869,20,Male,Spain,North,8,3836.49,1,0,0,164746.03,0,0.0,478,0
CUST05349,29,Male,Spain,Central,1,128160.98,2,0,0,23559.56,1,19877.94,508,0
CUST05501,34,Male,France,North,0,23322.82,1,1,1,177181.74,0,0.0,,0
CUST04133,35,Female,France,East,8,14755.53,2,1,0,174546.43,0,0.0,448,0
CUST04154,30,Female,France,Central,3,0.0,4,1,0,185515.32,1,71462.72,360,1
CUST09674,27,Male,Spain,South,1,66313.63,2,0,1,66333.56,0,0.0,461,0
CUST08999,73,Female,Germany,North,4,32582.32,1,0,0,59372.41,1,91630.06,533,0
CUST04188,38,Female,Spain,West,2,0.0,1,1,0,5332.51,0,0.0,421,1
CUST01683,71,Male,France,North,4,18842.74,4,0,1,162324.39,1,47654.79,349,0
CUST09200,59,Female,France,North,6,95505.42,2,1,1,142414.37,1,61803.29,749,0
CUST02427,74,Male,Spain,North,3,33518.79,2,1,0,149805.72,0,0.0,661,1
CUST00243,66,Male,Germany,East,0,15663.61,2,1,0,65759.3,0,0.0,686,0
CUST06232,24,Female,France,East,5,0.0,1,0,0,92824.24,0,0.0,308,1
CUST05064,21,Male,Germany,Central,2,35798.81,2,1,1,162509.65,1,53083.61,388,0
CUST00972,47,Male,Germany,Central,5,24864.0,2,0,1,197410.89,1,51908.75,507,0
CUST07242,26,Male,Spain,Central,6,39076.43,3,1,1,76268.97,1,80147.8,383,0
CUST06506,29,Male,France,South,6,118695.71,1,1,0,85302.41,1,67248.74,561,1
CUST09371,59,Female,France,Central,5,250000.0,1,1,1,147678.17,0,0.0,601,0
CUST04981,25,Female,Spain,West,6,39025.02,1,1,1,163386.86,1,62148.69,319,0
CUST00259,61,Female,France,South,7,7370.99,1,1,1,169711.1,0,0.0,617,0
CUST09931,43,Female,Germany,South,5,82979.41,1,1,1,84950.88,1,98297.83,302,0
CUST05770,30,Female,Germany,West,10,166788.87,2,1,1,142291.69,1,86835.11,344,0
CUST09258,69,Male,France,West,7,51711.92,1,1,1,82418.95,0,0.0,558,0
CUST09334,71,Female,Germany,North,5,31410.77,2,1,0,183187.86,0,0.0,598,1
CUST08948,19,Male,Spain,South,8,0.0,1,1,0,193090.44,0,0.0,387,1
CUST03436,62,Female,Germany,East,9,0.0,1,0,1,64856.89,1,34439.04,438,0
CUST01458,24,Male,France,South,8,31981.99,2,1,0,93817.84,0,0.0,432,1
CUST03848,37,Male,France,West,1,23522.34,2,1,1,103902.17,1,31713.64,804,0
CUST08601,46,Female,France,West,3,250000.0,2,1,1,195642.71,0,0.0,570,0
CUST02773,27,Male,Spain,West,4,1250.75,2,0,1,132178.33,0,0.0,591,0
CUST00293,49,Male,France,Central,3,85234.29,3,1,1,14738.04,1,56314.42,844,0
CUST08565,18,Female,Germany,East,4,0.0,2,1,0,78521.14,0,0.0,689,0
CUST06158,73,Female,France,Central,3,0.0,1,0,0,164530.79,0,0.0,435,1
CUST06471,69,Female,France,North,8,57483.96,1,1,0,173609.0,1,93183.86,691,1
CUST00871,64,Male,France,Central,0,81246.9,3,1,1,22708.62,1,92032.02,456,0
CUST01261,25,Female,Germany,East,4,0.0,2,1,1,50885.0,1,85516.74,421,0
CUST08748,19,Female,France,South,1,17859.44,1,0,1,82697.08,1,17851.18,837,0
CUST05459,46,Female,Spain,West,1,65651.48,2,1,0,11189.06,0,0.0,432,0
CUST04919,39,Female,Spain,North,9,0.0,1,0,0,47476.4,1,94971.83,817,0
CUST06033,62,Female,Spain,Central,9,0.0,2,1,1,57298.52,0,0.0,487,0
CUST00894,44,Male,Spain,West,6,0.0,3,1,1,106366.6,1,90040.95,820,0
CUST06244,37,Male,France,Central,8,33668.21,1,1,1,25026.46,1,53762.59,334,0
CUST07930,40,Male,France,North,10,0.0,1,0,0,97619.56,0,0.0,770,0
CUST07203,66,Male,France,West,8,4434.78,1,1,0,90702.1,1,93632.84,807,0
CUST05997,49,Male,Spain,North,4,0.0,1,1,1,199717.65,0,0.0,585,0
CUST06718,43,Male,France,West,3,51131.53,2,1,0,156613.48,1,96879.43,817,0
CUST05111,32,Male,Germany,North,5,58218.7,3,1,1,197413.79,1,26910.92,766,0
CUST01515,55,Male,France,West,3,15928.89,1,1,0,167734.29,0,0.0,705,0
CUST05281,60,Female,Germany,West,5,7846.09,2,1,0,69458.78,1,48644.37,714,1
CUST09591,29,Female,France,East,0,15026.63,1,0,0,45124.73,0,0.0,595,0
CUST02210,74,Male,Spain,Central,5,70772.56,2,0,0,134734.76,0,0.0,379,0
CUST05999,32,Female,France,East,8,107801.2,2,1,0,145575.07,1,98443.81,806,0
CUST07253,19,Female,Spain,South,6,89063.07,2,0,1,70782.83,1,41664.82,504,0
CUST06436,25,Male,Spain,West,7,33197.11,1,1,1,9586.33,1,88765.0,832,0
CUST07067,54,Female,Spain,West,2,0.0,1,1,1,130899.91,0,0.0,582,0
CUST02532,67,Female,France,South,3,250000.0,2,1,1,187296.85,0,0.0,530,0
CUST05238,41,Male,Spain,North,7,42384.97,2,1,1,23174.33,1,47875.03,354,0
CUST02302,64,Male,France,East,6,172572.37,1,1,1,2509.65,1,89516.5,534,0
CUST01634,39,Male,Germany,West,8,68805.03,2,1,0,102584.66,1,14022.44,471,0
CUST03077,24,Female,Germany,Central,2,163269.92,1,1,1,24607.76,1,7607.17,849,1
CUST05180,53,Female,Spain,East,6,54599.37,1,1,1,49360.74,0,0.0,526,0
CUST02929,19,Male,France,West,9,58660.58,2,1,1,5947.04,0,0.0,456,0
CUST09260,51,Female,France,West,1,5636.64,1,1,0,30220.21,1,72265.57,427,0
CUST07214,59,Female,France,South,7,66959.5,2,1,0,104537.21,1,56007.51,690,0
CUST09685,20,Male,France,Central,3,146784.97,1,1,0,179813.27,1,21409.81,615,0
CUST06274,35,Female,France,Central,2,0.0,2,0,0,128454.71,0,0.0,409,0
CUST03671,69,Male,France,West,8,250000.0,2,1,0,3781.19,0,0.0,787,1
CUST01545,25,Male,France,West,4,0.0,2,1,1,183891.11,1,44164.6,766,0
CUST04346,28,Female,Germany,Central,6,0.0,1,1,0,168391.7,1,44663.59,736,1
CUST00273,69,Female,France,Central,6,62793.79,1,1,0,8758.11,0,0.0,469,0
CUST02739,64,Male,France,East,6,0.0,3,1,0,137799.22,0,0.0,837,0
CUST07493,29,Male,France,North,0,7363.02,2,1,0,194538.91,1,95529.5,481,0
CUST07181,24,Male,France,North,0,250000.0,2,1,1,15477.35,0,0.0,772,0
CUST09504,55,Male,Spain,East,8,0.0,1,0,0,195833.49,1,16957.86,812,0
CUST00510,69,Male,France,West,8,,2,1,1,1710.48,0,0.0,680,0
CUST05260,70,Male,Germany,North,6,0.0,1,1,1,62656.24,1,33996.36,466,1
CUST09198,31,Male,France,Central,9,0.0,1,0,0,12814.26,1,14098.07,408,0
CUST03428,36,Female,Spain,North,3,0.0,1,0,1,122963.21,1,13400.63,307,0
CUST05237,58,Female,Germany,Central,1,79535.52,1,1,1,58771.25,0,0.0,404,0
CUST03311,48,Female,France,South,9,66022.43,1,1,1,160305.44,0,0.0,813,0
CUST07663,44,Female,Spain,West,6,12335.25,3,1,1,195699.17,1,18254.98,675,1
CUST01792,31,Female,Germany,East,7,48321.19,1,1,1,184751.23,0,0.0,766,0
CUST02274,56,Female,France,North,4,11867.0,1,1,1,28707.08,0,0.0,397,0
CUST00370,37,Female,Germany,South,8,10399.54,2,1,1,105885.64,0,0.0,341,0
CUST07988,23,Female,Spain,North,6,0.0,2,0,1,54516.35,0,0.0,723,1
CUST02627,66,Male,France,Central,0,250000.0,2,1,0,155072.34,0,0.0,847,0
CUST00289,43,Female,Germany,South,9,79275.83,2,0,0,87682.26,0,0.0,773,1
CUST07707,74,Female,Spain,Central,5,0.0,2,1,1,118883.42,0,0.0,770,1
CUST09173,61,Male,France,North,10,26238.31,1,0,1,181725.77,0,0.0,395,0
CUST07812,60,Female,France,North,6,246811.82,1,0,0,33438.7,1,92274.45,522,0
CUST06809,32,Female,France,South,9,8395.28,1,0,0,18616.32,0,0.0,654,0
CUST00197,45,Male,Germany,North,6,0.0,2,0,0,34381.32,1,26748.89,556,0
CUST00749,19,Female,France,Central,0,34512.56,4,1,1,144218.35,1,49077.39,708,0
CUST02890,37,Male,Spain,East,2,21505.16,1,1,1,47927.91,0,0.0,674,0
CUST03784,46,Female,France,North,1,137068.44,2,1,1,97501.73,0,0.0,537,0
CUST08041,42,Female,Spain,East,0,51928.0,4,1,0,102027.8,1,60790.53,717,0
CUST09859,43,Male,Spain,West,4,0.0,2,1,1,174040.35,1,63309.5,637,0
CUST05267,62,Male,Germany,North,9,0.0,2,1,1,162808.16,1,96968.2,537,1
CUST08945,74,Female,France,East,1,0.0,1,0,0,120086.41,1,23362.84,834,0
CUST08809,19,Female,Germany,East,2,0.0,1,1,1,33908.18,0,0.0,843,0
CUST03717,63,Female,France,West,2,0.0,1,0,1,21965.78,0,0.0,302,0
CUST03866,31,Female,Germany,South,1,37509.94,1,1,0,174985.09,0,0.0,515,1
CUST06993,35,Male,France,South,7,70649.37,1,1,0,85223.37,0,0.0,742,0
CUST02656,65,Female,Spain,East,10,13281.09,1,0,1,48857.65,1,80294.97,646,0
CUST00886,49,Female,France,Central,1,223570.44,2,0,0,134406.24,1,21370.62,607,0
CUST03494,70,Female,Germany,Central,5,0.0,1,1,1,23639.23,1,53309.52,821,1
CUST09744,57,Female,France,South,9,13734.42,2,1,1,82301.49,1,46707.22,734,0
CUST07735,64,Female,France,West,1,64757.13,2,1,0,194425.86,1,68605.44,527,1
CUST06303,74,Male,France,Central,0,210547.38,2,1,0,47276.96,0,0.0,849,0
CUST08406,33,Female,France,East,1,77780.63,2,1,1,35064.69,0,0.0,838,0
CUST04457,59,Female,France,South,10,0.0,1,1,1,135197.72,1,9851.3,683,0
CUST06594,44,Male,France,West,3,55250.77,2,1,0,8092.08,1,24419.97,448,0
CUST03396,54,Male,Spain,Central,4,0.0,1,1,0,39421.86,1,77999.97,720,0
CUST00183,53,Male,France,West,1,2431.83,1,0,1,42693.94,0,0.0,473,1
CUST05614,21,Female,Spain,Central,8,129903.7,2,1,0,167170.72,0,0.0,626,0
CUST03772,22,Male,France,South,9,0.0,2,0,0,190868.29,1,60526.39,521,0
CUST02622,46,Male,Spain,South,10,250000.0,4,0,1,182271.62,1,22266.85,495,0
CUST06034,44,Female,France,East,3,49548.72,2,1,1,94646.31,0,0.0,355,0
CUST05336,36,Female,Spain,East,5,145524.6,1,1,0,180843.69,0,0.0,750,0
CUST01281,25,Male,France,North,5,0.0,3,1,0,,0,0.0,499,1
CUST00731,60,Male,France,South,3,0.0,1,1,1,89561.13,0,0.0,570,0
CUST02546,72,Male,Germany,East,10,250000.0,1,1,1,128635.23,0,0.0,605,0
CUST08241,52,Male,Spain,Central,3,199352.33,4,0,0,167100.18,0,0.0,662,0
CUST00781,67,Female,France,East,6,0.0,1,0,0,199089.7,0,0.0,436,1
CUST02720,30,Male,France,South,0,12704.02,2,0,0,29962.46,0,0.0,659,0
CUST07530,71,Male,Germany,East,2,250000.0,2,1,0,137719.65,1,99477.36,411,0
CUST07192,60,Male,France,South,0,47937.78,2,1,0,174285.82,1,70835.79,674,1
CUST01570,38,Female,Germany,North,7,11676.07,3,0,1,25708.24,0,0.0,626,0
CUST08791,24,Male,France,Central,5,0.0,1,1,0,104656.63,0,0.0,794,0
CUST06538,28,Male,France,Central,0,101637.88,1,0,0,17142.98,1,7735.41,342,1
CUST01363,43,Female,Spain,East,6,142587.82,1,0,0,107907.42,1,82123.65,679,0
CUST09367,22,Female,Germany,West,8,0.0,1,1,1,188722.88,1,97991.16,411,0
CUST04805,50,Male,Germany,South,1,53271.34,1,1,1,124160.93,1,94500.15,411,0
CUST06305,59,Male,France,North,8,0.0,1,1,1,120679.1,1,46716.75,716,0
CUST04020,39,Female,Spain,South,10,0.0,2,1,0,55929.11,1,12732.27,607,0
CUST07963,26,Female,Germany,North,2,0.0,1,1,0,43080.64,0,0.0,616,0
CUST02486,26,Male,Germany,East,2,0.0,1,1,1,60758.83,1,38922.67,675,1
CUST09158,66,Male,Germany,East,0,36631.9,1,0,0,49086.06,0,0.0,528,0
CUST04379,28,Female,France,West,2,92243.71,1,1,0,197715.95,1,75365.08,783,0
CUST07059,53,Male,France,West,5,0.0,2,0,1,16048.35,0,0.0,371,0
CUST02439,40,Female,Germany,West,9,0.0,1,0,0,153479.03,0,0.0,527,0
CUST02379,19,Female,Germany,North,3,185033.62,4,1,0,171827.01,1,77002.29,443,0
CUST09637,55,Female,Germany,West,3,0.0,1,1,0,26851.38,0,0.0,645,0
CUST02513,74,Female,France,North,7,14895.42,1,1,0,67587.7,1,85153.69,773,1
CUST06717,56,Male,Spain,South,8,0.0,2,1,0,138483.74,0,0.0,691,0
CUST04775,60,Male,Spain,South,6,0.0,2,1,0,65777.04,1,93339.41,540,0
CUST06467,72,Female,France,West,0,51392.48,3,1,0,76552.18,0,0.0,703,0
CUST05335,72,Male,Germany,East,1,71104.74,1,1,0,30869.4,0,0.0,347,1
CUST08682,19,Male,Spain,East,2,0.0,2,0,1,125085.27,0,0.0,631,0
CUST08581,61,Female,France,South,8,0.0,2,1,1,112614.16,1,43087.65,638,0
CUST07909,33,Male,Spain,South,8,0.0,2,1,1,40416.82,1,76674.66,314,0
CUST05910,46,Male,Spain,Central,5,0.0,1,0,0,138073.81,0,0.0,688,0
CUST02573,65,Female,Spain,Central,4,71072.0,3,1,0,126690.58,0,0.0,664,1
CUST00629,48,Female,Spain,Central,7,101791.93,2,0,1,51142.31,0,0.0,532,0
CUST03698,22,Female,Germany,Central,0,,2,1,1,166008.78,0,0.0,404,0
CUST00993,34,Female,France,East,7,22498.96,2,1,1,109895.51,0,0.0,806,0
CUST04200,35,Male,France,North,2,0.0,1,1,1,68866.83,0,0.0,478,0
CUST08637,68,Female,Germany,East,4,6403.29,1,0,1,184148.02,0,0.0,408,0
CUST05921,70,Male,Spain,North,5,107853.12,1,1,0,179500.56,1,6329.76,628,1
CUST06377,70,Male,Spain,Central,3,0.0,1,0,0,97789.02,0,0.0,418,0
CUST00404,52,Male,Spain,North,4,104603.12,1,1,0,75222.96,0,0.0,523,0
CUST09836,45,Female,Spain,Central,8,0.0,2,1,0,108602.28,0,0.0,456,0
CUST09960,28,Female,Spain,West,1,98988.26,2,1,0,107514.21,1,50669.5,392,0
CUST08864,68,Male,France,West,3,190569.55,2,0,0,13007.06,0,0.0,433,0
CUST06782,73,Female,France,East,6,38250.58,2,1,1,26647.48,0,0.0,483,0
CUST01882,73,Male,France,Central,5,50081.75,2,1,0,2949.01,0,0.0,842,0
CUST05832,47,Male,France,West,1,45359.16,1,1,0,68970.99,0,0.0,450,1
CUST04136,64,Female,France,Central,3,46769.57,1,1,0,159165.28,0,0.0,439,0
CUST07829,21,Male,Spain,South,7,47994.23,1,0,0,25199.3,1,11125.08,664,1
CUST00614,50,Male,France,West,10,172261.54,1,1,0,198809.26,0,0.0,836,0
CUST09394,22,Female,Germany,Central,0,143206.83,1,0,1,22873.4,1,84253.84,573,0
CUST05772,66,Male,France,South,9,250000.0,2,1,1,10220.29,0,0.0,725,0
CUST06485,26,Male,France,Central,0,0.0,1,0,0,65164.74,1,84151.14,543,1
CUST04535,51,Male,Germany,North,9,0.0,1,0,1,160849.83,1,39079.25,788,1
CUST06043,28,Female,France,West,8,26945.24,3,1,0,194946.65,0,0.0,695,0
CUST07092,46,Male,Spain,South,2,2646.13,1,1,1,51383.94,0,0.0,305,0
CUST06264,66,Female,France,South,7,250000.0,1,1,1,77221.9,0,0.0,817,1
CUST00572,29,Female,Spain,Central,0,87019.68,1,0,1,39069.88,0,0.0,536,0
CUST06161,30,Female,Spain,West,10,208612.45,3,0,1,50084.33,0,0.0,786,0
CUST01922,62,Female,Spain,Central,9,27494.32,1,1,1,92675.88,0,0.0,833,0
CUST08426,35,Female,France,East,5,0.0,2,1,1,185335.46,0,0.0,557,0
CUST02668,61,Female,Spain,Central,9,93992.64,2,1,1,71989.64,0,0.0,580,0
CUST03102,43,Male,France,West,3,993.58,1,1,0,167621.42,0,0.0,390,0
CUST03842,73,Female,France,East,0,22794.92,3,1,0,24975.11,0,0.0,650,0
CUST09508,29,Male,Germany,South,0,39455.24,1,1,1,33523.7,1,91228.22,707,0
CUST05593,60,Male,France,Central,3,70748.89,2,1,0,103207.86,0,0.0,547,0
CUST00908,22,Female,Spain,South,6,168087.24,2,1,1,86631.48,1,38827.13,542,0
CUST00779,62,Female,Germany,South,2,22331.13,1,1,0,15264.07,0,0.0,599,0
CUST04036,34,Male,France,East,3,17447.35,3,0,0,138017.65,0,0.0,508,1
CUST05981,40,Female,France,North,8,30089.74,2,1,0,47964.83,1,30536.45,601,1
CUST00029,29,Female,France,South,3,0.0,1,1,0,109420.63,0,0.0,624,0
CUST02367,61,Male,France,Central,0,0.0,1,1,1,195005.83,0,0.0,685,0
CUST08850,36,Male,Spain,South,1,29300.06,1,1,0,80397.72,1,50144.65,799,0
CUST01367,37,Male,France,West,3,0.0,1,1,1,100487.15,1,95834.57,393,0
CUST01062,60,Male,France,South,7,49409.82,1,1,0,126543.66,1,90684.55,343,0
CUST04315,66,Male,France,North,9,79062.44,1,1,0,156845.84,0,0.0,822,0
CUST08602,43,Male,Spain,South,3,2475.47,3,1,0,20390.07,0,0.0,416,0
CUST09954,44,Male,Spain,East,2,0.0,1,0,0,4234.79,1,89444.98,708,0
CUST07558,69,Male,France,North,5,72463.08,2,0,0,96506.44,0,0.0,778,0
CUST01091,40,Female,Spain,North,4,100820.44,2,1,0,52713.1,1,57879.83,678,0
CUST03429,48,Male,Spain,East,0,3864.19,2,0,1,45003.61,0,0.0,316,0
CUST08356,51,Male,France,East,9,0.0,1,1,1,38934.66,0,0.0,598,0
CUST04893,48,Female,France,East,0,100710.14,1,0,0,175625.47,1,58022.76,603,1
CUST05631,66,Female,France,Central,2,55869.96,1,1,1,110040.58,1,63621.85,350,0
CUST07043,46,Male,France,Central,3,38617.01,2,1,1,90527.99,0,0.0,,0
CUST08987,72,Male,Germany,East,5,107623.89,1,0,1,136357.89,0,0.0,731,0
CUST06758,34,Female,France,South,4,30201.54,2,1,0,47093.67,0,0.0,489,0
CUST08439,57,Male,France,Central,7,0.0,2,1,1,71720.2,1,51671.03,801,0
CUST05943,33,Male,France,East,10,0.0,2,1,0,196982.89,0,0.0,719,1
CUST00291,36,Male,Germany,Central,4,0.0,2,1,1,136965.47,0,0.0,317,0
CUST03447,47,Female,Germany,West,7,0.0,2,0,0,15217.85,0,0.0,430,0
CUST02215,19,Female,Germany,East,9,8047.92,2,1,1,100282.95,1,71920.39,769,0
CUST09626,21,Female,France,North,9,0.0,1,1,1,108962.67,0,0.0,755,0
CUST03891,36,Male,Germany,Central,1,126670.12,2,1,0,160108.01,1,41438.16,326,0
CUST01437,43,Female,Spain,North,2,0.0,2,1,1,47673.79,0,0.0,448,0
CUST04197,38,Male,France,West,6,110711.07,3,1,1,90685.02,1,89168.13,756,1
CUST00927,68,Male,France,East,7,10562.27,1,1,1,179638.86,0,0.0,538,0
CUST06584,57,Male,France,West,1,0.0,1,0,1,165484.67,0,0.0,598,0
CUST01799,25,Female,Germany,North,10,33205.83,1,1,0,167270.19,0,0.0,373,0
CUST07819,73,Female,Germany,West,5,0.0,1,0,1,884.07,1,10347.73,564,0
CUST06591,21,Female,France,West,3,0.0,2,1,0,120677.41,0,0.0,417,0
CUST01830,73,Female,France,East,7,223654.44,2,1,1,157778.11,0,0.0,779,0
CUST04393,43,Male,Spain,East,0,0.0,1,1,1,193961.35,0,0.0,785,0
CUST08896,74,Female,Spain,Central,10,0.0,2,1,1,79264.45,1,69039.48,623,1
CUST09563,66,Male,Spain,East,8,11839.75,2,1,1,123801.93,1,57111.79,324,0
CUST00116,18,Female,Germany,East,0,3639.89,1,1,0,52307.51,0,0.0,679,1
CUST00928,62,Female,Spain,South,9,88714.89,2,0,1,28473.45,0,0.0,826,0
CUST05304,33,Male,Germany,Central,1,0.0,2,1,1,8646.3,0,0.0,418,0
CUST01901,54,Female,France,North,3,5763.21,1,1,1,19797.23,0,0.0,789,0
CUST00027,38,Female,Germany,Central,8,,2,1,0,130247.56,1,87424.57,672,0
CUST00568,47,Female,Spain,West,2,0.0,2,0,0,44327.47,0,0.0,412,0
CUST06849,45,Male,Germany,Central,0,0.0,2,1,1,90035.59,0,0.0,652,0
CUST02700,52,Male,France,Central,7,0.0,1,1,1,51760.82,1,10214.28,593,0
CUST08962,31,Male,France,North,8,0.0,1,1,1,115798.35,0,0.0,635,1
CUST09932,55,Female,Germany,Central,10,0.0,1,0,0,175919.47,0,0.0,474,0
CUST07590,18,Male,France,East,0,170091.97,3,0,1,146553.5,0,0.0,814,1
CUST04624,45,Male,Spain,West,2,171034.44,4,1,1,71145.09,0,0.0,601,1
CUST05884,48,Male,France,Central,3,0.0,1,1,1,191040.87,0,0.0,676,0
CUST08263,58,Male,Spain,West,4,0.0,2,1,0,121886.07,0,0.0,427,0
CUST05478,62,Female,France,North,5,0.0,2,1,0,70019.4,1,8251.35,799,1
CUST07421,44,Female,France,Central,4,,1,1,1,76730.0,1,97898.96,763,0
CUST00620,18,Female,France,West,10,998.78,2,0,1,185883.35,1,64279.05,410,0
CUST01228,57,Female,Spain,South,6,20676.82,1,1,1,192197.0,1,23712.37,581,0
CUST00585,71,Female,France,East,6,155906.81,2,1,0,8880.31,1,11625.28,766,1
CUST08913,51,Female,France,East,2,105413.47,2,0,1,20460.03,0,0.0,502,0
CUST04694,52,Male,Spain,East,7,0.0,2,1,1,25843.38,1,39794.36,815,0
CUST06656,38,Male,Spain,East,9,0.0,1,1,1,125637.76,1,30295.81,565,0
CUST07377,28,Male,Germany,West,2,33219.53,1,0,0,25556.0,1,18410.13,515,0
CUST03456,64,Female,France,East,5,14275.92,4,1,1,123862.23,1,7080.81,612,1
CUST04713,39,Male,Germany,South,2,0.0,2,1,1,33723.71,1,88037.03,691,0
CUST01885,21,Female,France,South,7,99388.69,3,1,1,80282.54,1,47275.86,586,1
CUST05671,50,Male,Spain,East,4,70817.55,3,0,0,170999.5,0,0.0,714,0
CUST03684,25,Male,France,West,1,0.0,2,0,0,181350.97,0,0.0,432,1
CUST08763,52,Male,France,Central,3,250000.0,2,1,0,179935.71,0,0.0,678,1
CUST01324,74,Female,Spain,West,3,94338.37,1,1,1,51948.39,1,58989.44,640,0
CUST08457,68,Male,France,East,8,138148.37,1,0,1,84496.9,0,0.0,567,0
CUST05173,39,Male,France,Central,10,103517.84,1,1,1,30553.74,1,54102.97,314,0
CUST03092,32,Male,France,South,8,22190.7,3,1,0,87209.87,1,74450.54,411,1
CUST07457,48,Male,France,West,7,0.0,2,1,1,69334.74,1,31095.42,602,0
CUST03741,49,Male,France,Central,5,62514.73,3,1,1,769.74,1,17222.66,419,0
CUST07696,66,Male,Germany,North,2,0.0,1,1,1,133110.26,0,0.0,336,0
CUST08269,49,Male,France,West,2,15012.48,2,1,0,4288.49,0,0.0,335,1
CUST02680,53,Male,Germany,West,10,190925.95,3,1,1,65946.16,1,95383.22,425,0
CUST09348,36,Male,Spain,South,4,0.0,2,1,1,194371.07,0,0.0,415,0
CUST08458,73,Female,Germany,South,9,40533.22,3,0,1,48744.7,0,0.0,665,0
CUST09801,50,Female,Germany,South,10,33451.04,1,1,1,70690.72,0,0.0,454,1
CUST07292,53,Female,France,Central,5,0.0,2,0,0,131434.26,1,71674.14,655,1
CUST01513,67,Female,Spain,South,7,0.0,1,1,1,172838.13,0,0.0,764,0
CUST08285,71,Female,Germany,South,10,21153.39,2,1,1,39968.08,1,57198.65,419,0
CUST09620,19,Female,Spain,North,9,81822.51,3,1,1,179070.96,0,0.0,579,1
CUST03683,20,Female,Spain,East,9,52136.4,1,1,1,177741.36,1,33775.3,848,0
CUST01620,49,Female,Spain,East,7,6504.45,2,1,1,152245.95,1,66991.49,344,0
CUST07442,68,Male,Spain,South,10,81422.31,3,1,0,157648.16,0,0.0,420,1
CUST02065,51,Female,France,West,10,0.0,1,0,1,30822.78,0,0.0,522,0
CUST04987,53,Male,Germany,Central,0,12847.57,1,1,1,132332.56,1,25313.09,836,0
CUST07971,65,Male,France,East,8,58941.96,1,0,0,40289.16,0,0.0,378,0
CUST01913,24,Female,Spain,West,9,57519.43,1,0,0,195752.08,0,0.0,318,0
CUST09942,20,Male,France,North,10,0.0,1,1,1,113552.39,0,0.0,658,0
CUST09529,40,Male,France,East,0,0.0,1,1,1,118249.68,0,0.0,427,0
CUST06130,18,Female,France,West,1,16805.27,2,1,0,28558.21,0,0.0,305,0
CUST07005,74,Male,Spain,East,5,0.0,4,1,0,34528.7,0,0.0,402,0
CUST00948,71,Male,France,East,1,28866.02,3,1,0,199702.41,0,0.0,500,0
CUST08244,62,Male,France,Central,5,0.0,2,1,0,63407.77,1,62964.58,436,1
CUST02374,58,Female,Spain,Central,4,12788.31,3,1,0,115283.16,0,0.0,328,0
CUST01234,34,Female,Spain,West,6,31002.09,1,1,0,171366.34,1,15329.22,441,0
CUST06845,33,Male,Spain,East,9,38300.47,1,1,0,100198.84,0,0.0,738,0
CUST02504,37,Male,France,North,7,17496.54,2,1,0,170881.14,0,0.0,562,0
CUST06530,62,Male,Germany,West,2,60829.89,1,1,1,152827.0,0,0.0,337,0
CUST02217,25,Male,France,Central,8,107844.43,2,0,1,52671.12,0,0.0,685,0
CUST04591,29,Male,France,West,1,3644.86,3,1,1,22459.37,0,0.0,708,0
CUST09003,56,Male,Germany,North,6,101284.81,1,1,0,170686.58,0,0.0,480,0
CUST00789,20,Male,France,West,7,194614.49,1,0,0,181024.8,0,0.0,646,0
CUST07555,64,Male,Germany,West,9,72600.72,1,1,1,169890.17,1,59060.8,798,0
CUST06753,52,Female,Germany,West,3,79807.93,2,1,0,77762.57,1,18108.52,322,1
CUST05069,62,Male,Germany,Central,0,72159.15,4,0,1,84448.31,0,0.0,384,0
CUST01835,42,Male,Germany,South,6,0.0,2,1,1,32529.84,1,26421.04,447,0
CUST09600,55,Female,Spain,West,6,44255.64,1,0,1,105679.6,0,0.0,409,0
CUST09264,49,Male,France,East,0,0.0,1,1,0,145796.47,1,52182.09,584,0
CUST07678,70,Male,France,West,0,0.0,2,1,0,198492.19,1,75847.08,558,1
CUST05586,71,Female,France,South,7,0.0,2,1,0,169192.26,1,31545.57,821,0
CUST04596,35,Male,France,Central,10,0.0,1,0,1,189922.84,1,45914.41,576,1
CUST06054,48,Male,Germany,North,1,14959.19,2,0,0,7655.49,0,0.0,353,1
CUST08827,53,Female,Spain,North,8,90727.87,1,1,1,64246.06,0,0.0,459,0
CUST04048,66,Male,France,North,1,0.0,1,0,1,14891.02,1,22407.42,731,0
CUST07912,52,Male,France,West,5,100508.36,2,0,1,190673.5,0,0.0,673,0
CUST05506,67,Male,France,Central,10,71196.87,2,0,1,9535.74,0,0.0,382,1
CUST04510,20,Female,France,West,0,149131.38,2,0,1,166984.15,0,0.0,583,0
CUST04786,34,Male,Germany,Central,2,59106.79,3,1,1,77887.38,1,35766.14,466,0
CUST01176,28,Female,Spain,West,2,62625.24,2,1,1,164242.25,1,46764.54,675,0
CUST02405,61,Female,Germany,Central,10,0.0,1,1,1,191949.99,1,57450.94,619,0
CUST07861,67,Female,Germany,East,6,32783.16,1,1,0,25557.02,1,28993.38,538,0
CUST07821,49,Male,Spain,West,1,0.0,3,1,0,130487.24,0,0.0,322,0
CUST00309,48,Male,France,East,10,82805.66,4,1,0,187401.56,1,88155.84,554,1
CUST02134,72,Female,France,South,8,68181.81,1,1,0,157539.61,0,0.0,546,0
CUST01658,40,Female,France,North,3,60090.17,2,1,1,155637.81,1,54192.88,683,0
CUST02393,57,Female,Spain,North,4,,4,0,1,57341.21,1,23010.15,440,0
CUST01605,26,Female,France,East,4,4970.33,1,1,0,154370.96,1,59570.97,320,0
CUST09255,59,Male,France,Central,2,111178.97,1,1,0,154137.74,1,60269.1,416,1
CUST03410,34,Male,Germany,East,0,0.0,2,1,0,124336.65,1,84300.4,840,0
CUST04464,52,Male,Spain,South,1,5673.76,1,1,0,64601.48,0,0.0,794,0
CUST06972,42,Male,France,West,0,250000.0,4,1,1,62322.63,1,18015.72,827,0
CUST01517,21,Female,France,North,9,250000.0,1,0,0,175135.41,0,0.0,708,0
CUST02048,53,Male,Germany,North,0,29123.87,2,1,1,88244.95,1,83728.43,619,0
CUST08338,46,Male,France,North,10,216732.28,1,1,0,87924.96,0,0.0,609,0
CUST07920,38,Female,France,Central,0,39811.11,1,0,1,59124.81,0,0.0,743,1
CUST03205,49,Male,France,East,8,33921.22,2,1,1,20214.89,0,0.0,767,0
CUST07774,24,Female,Spain,North,3,78440.38,2,1,0,137574.39,1,49713.92,410,0
CUST05098,24,Male,France,South,9,139880.14,2,1,0,156121.94,0,0.0,488,0
CUST05386,46,Female,Germany,East,0,0.0,2,1,1,156278.53,0,0.0,460,1
CUST02207,26,Female,France,East,8,,4,1,0,133870.73,0,0.0,601,1
CUST04770,29,Male,France,West,1,13375.72,1,1,0,31367.62,1,82128.97,543,0
CUST04831,39,Male,Spain,East,10,60180.41,2,1,0,85872.11,0,0.0,824,0
CUST01251,28,Male,Germany,North,2,0.0,1,0,1,106799.99,0,0.0,316,0
CUST01010,74,Male,France,West,1,4334.03,2,1,1,135768.8,1,36814.65,797,0
CUST00277,28,Male,France,West,6,60752.8,3,1,0,126878.08,1,46957.76,594,0
CUST02893,47,Male,Germany,North,5,65916.97,1,1,0,193857.28,1,32689.4,406,1
CUST01347,32,Male,Germany,North,9,216464.32,1,0,1,91315.82,1,53769.95,668,0
CUST09237,20,Male,France,North,3,43441.18,1,0,0,198010.67,1,32883.47,455,0
CUST07317,29,Male,Germany,South,8,0.0,1,1,1,23518.77,1,67776.94,711,0
CUST07751,25,Female,France,West,9,17603.32,1,1,1,88836.23,0,0.0,344,0
CUST03744,54,Female,Germany,West,4,23142.02,2,1,1,165412.77,0,0.0,542,1
CUST05026,30,Female,France,East,6,0.0,4,1,0,33081.5,0,0.0,780,0
CUST03899,31,Female,France,East,1,81146.44,3,1,1,85596.45,0,0.0,422,0
CUST00266,72,Male,France,Central,5,25922.49,3,1,0,38344.26,1,71445.35,761,1
CUST09365,51,Female,Germany,North,6,191568.99,1,1,0,29251.81,1,94116.37,369,0
CUST08316,74,Female,France,West,1,31805.09,2,1,1,119172.44,0,0.0,359,0
CUST08160,21,Female,Germany,South,4,0.0,2,1,1,,1,76664.66,497,0
CUST05760,67,Male,France,South,1,99751.45,3,1,1,162112.52,1,57752.56,739,0
CUST07879,68,Female,France,Central,8,0.0,2,1,0,139101.55,1,61038.12,777,1
CUST08610,58,Male,France,Central,8,0.0,2,1,1,,0,0.0,646,0
CUST07586,60,Male,France,Central,8,20620.52,1,1,1,145987.42,1,99720.59,601,0
CUST07517,45,Male,France,West,4,0.0,1,0,1,49939.42,0,0.0,827,0
CUST07894,45,Male,France,North,9,205277.0,1,1,1,140702.98,1,54637.43,477,0
CUST03477,33,Female,France,North,3,34553.69,1,0,1,61269.71,1,81001.44,602,0
CUST02006,57,Male,France,North,1,138471.34,1,0,0,103780.0,0,0.0,513,0
CUST06704,46,Female,France,Central,1,90912.91,1,1,1,12736.16,1,70725.85,561,0
CUST07281,51,Female,France,North,2,0.0,1,1,1,,1,15050.9,812,0
CUST02377,51,Male,France,Central,7,26628.03,2,1,0,,0,0.0,498,0
CUST03293,49,Male,France,Central,10,87381.88,1,0,1,133407.83,1,21439.99,746,0
CUST08664,27,Male,Spain,South,0,6187.44,1,0,1,61335.08,1,51491.1,512,0
CUST09049,35,Male,France,Central,0,775.93,1,1,1,59834.46,0,0.0,834,0
CUST04500,51,Female,Germany,West,6,19462.67,1,0,0,2248.85,0,0.0,472,0
CUST04858,49,Male,France,West,5,38435.62,1,1,1,73599.72,1,75756.29,683,0
CUST08246,24,Female,France,West,7,2457.34,2,0,0,86593.14,0,0.0,779,1
CUST07121,21,Male,France,North,2,0.0,2,0,1,136664.18,0,0.0,459,0
CUST02214,70,Male,France,West,6,27829.33,1,1,1,172452.98,1,22601.5,449,0
CUST07878,18,Male,France,North,3,0.0,3,0,0,90069.31,0,0.0,619,0
CUST07351,71,Male,France,Central,5,75000.44,2,1,0,27064.52,1,14069.85,354,0
CUST01586,46,Female,France,East,3,0.0,2,0,0,102360.88,0,0.0,456,0
CUST03687,59,Male,Spain,South,0,0.0,1,0,0,94651.63,1,98445.77,750,0
CUST07771,74,Male,France,East,6,0.0,3,0,0,136251.85,0,0.0,,0
CUST08046,49,Male,Germany,North,2,0.0,3,0,1,68062.33,1,90801.82,683,0
CUST06181,43,Female,France,South,7,46769.76,1,1,1,,0,0.0,401,0
CUST09520,74,Male,France,West,5,81004.64,1,0,0,179414.57,1,29818.54,631,0
CUST07333,51,Male,France,East,3,0.0,1,0,1,78645.55,0,0.0,608,0
CUST02783,50,Male,Spain,North,2,78913.53,2,0,1,30623.9,0,0.0,392,0
CUST08656,30,Male,Germany,North,9,12281.98,1,0,0,135910.62,0,0.0,497,1
CUST01891,70,Male,Germany,Central,8,0.0,1,0,1,138353.7,0,0.0,838,0
CUST08606,40,Male,Germany,South,8,43207.92,1,0,0,1252.07,0,0.0,794,0
CUST09470,30,Male,France,North,1,9180.84,4,1,0,110946.3,0,0.0,518,0
CUST01277,59,Male,France,West,7,51154.56,2,0,0,136716.9,1,77118.14,627,0
CUST05610,24,Male,France,North,6,113055.07,1,1,1,167622.47,0,0.0,523,0
CUST02596,63,Male,Spain,South,3,250000.0,1,1,0,118977.04,0,0.0,793,0
CUST02995,63,Female,France,West,6,0.0,2,0,1,24562.85,0,0.0,767,0
CUST07791,42,Female,Spain,West,8,2961.37,2,1,1,148443.36,0,0.0,713,0
CUST07247,49,Male,Germany,East,0,44882.63,3,1,1,81340.77,1,17213.78,665,0
CUST00411,63,Male,Spain,Central,9,22725.26,2,1,1,19039.99,1,98261.95,421,0
CUST08205,72,Male,France,North,8,29541.23,1,1,1,45851.44,0,0.0,543,0
CUST04963,55,Male,France,Central,2,8711.83,1,1,1,169731.59,0,0.0,558,0
CUST03514,56,Female,Spain,Central,9,99144.98,1,0,0,6744.82,0,0.0,816,0
CUST06057,67,Male,France,East,7,0.0,2,1,1,109622.72,1,54463.24,652,0
CUST07305,62,Female,Germany,West,4,0.0,1,1,0,11817.3,1,38058.66,560,0
CUST08623,69,Male,France,East,7,,1,1,0,117137.17,0,0.0,833,0
CUST07444,40,Female,France,East,6,78260.38,1,1,0,162941.71,0,0.0,542,0
CUST02347,20,Male,France,North,2,162770.06,1,1,1,53815.01,1,81436.25,682,0
CUST03476,43,Male,Spain,South,5,0.0,2,1,1,158143.61,1,97482.35,725,0
CUST05109,59,Female,Spain,Central,8,28601.83,1,1,0,47624.76,0,0.0,353,1
CUST04177,34,Female,Spain,West,3,128381.33,1,1,0,52955.94,0,0.0,665,0
CUST04425,62,Female,France,Central,10,34867.66,2,1,0,75045.2,0,0.0,553,0
CUST08757,73,Male,France,Central,6,41834.2,1,0,1,56531.68,0,0.0,408,1
CUST08486,59,Male,Spain,South,8,137620.79,1,1,1,127569.77,1,81292.3,730,0
CUST00597,62,Female,France,South,3,183026.09,1,1,0,185456.55,0,0.0,378,0
CUST06454,30,Female,France,North,6,22595.06,1,1,0,119483.01,1,87611.57,596,0
CUST09613,61,Male,Spain,East,10,24593.71,2,1,0,69890.24,0,0.0,713,0
CUST03202,22,Male,France,North,3,196730.38,2,1,0,35186.27,1,12874.61,651,1
CUST02808,59,Male,Germany,Central,2,79730.16,2,1,1,40134.89,0,0.0,564,0
CUST08202,23,Male,France,Central,1,35358.95,2,0,0,25822.4,0,0.0,385,0
CUST08727,30,Male,France,South,8,0.0,2,0,1,42634.85,0,0.0,481,0
CUST09127,69,Female,Spain,West,0,0.0,3,1,0,170715.95,0,0.0,542,0
CUST05474,53,Female,France,South,10,16178.01,2,1,0,62276.38,0,0.0,584,0
CUST07362,42,Female,France,East,2,0.0,1,0,1,92112.12,1,67792.07,503,0
CUST01025,49,Male,Spain,North,3,12993.97,2,1,1,93479.47,1,16846.46,801,0
CUST08304,57,Female,France,West,8,184384.05,2,1,0,66375.05,0,0.0,524,0
CUST05643,21,Male,France,East,7,143656.1,3,1,0,44146.84,1,23028.33,361,0
CUST00280,50,Male,France,South,7,23054.65,1,1,0,99706.03,1,37538.33,504,1
CUST02998,63,Female,Spain,Central,6,108567.66,1,1,1,95533.63,1,97860.75,748,0
CUST07425,30,Female,Germany,South,4,37255.97,1,0,0,134431.83,1,62766.39,682,0
CUST09883,63,Female,France,South,3,8322.04,3,1,0,130600.73,0,0.0,523,0
CUST01318,47,Female,Germany,West,1,0.0,1,1,0,39154.47,1,38924.24,727,1
CUST03902,40,Male,France,East,0,0.0,2,1,1,199878.33,0,0.0,,0
CUST04065,37,Female,Spain,East,3,0.0,3,1,0,61018.69,1,20267.47,318,0
CUST03297,60,Male,Germany,East,5,0.0,3,1,1,108279.32,0,0.0,401,0
CUST07820,44,Female,France,North,6,219221.93,3,1,0,184109.28,0,0.0,726,1
CUST07352,40,Female,France,Central,1,100341.92,1,1,0,50711.68,0,0.0,763,0
CUST02045,56,Female,France,East,0,60936.91,3,1,1,121485.57,1,34235.53,644,1
CUST02667,67,Female,France,North,1,206188.58,1,1,0,25715.19,0,0.0,609,0
CUST04873,28,Female,Spain,East,10,165371.29,1,1,1,192653.48,0,0.0,427,1
CUST00004,32,Female,Spain,West,10,147300.0,1,0,1,6284.22,0,0.0,770,0
CUST06915,34,Male,Spain,West,5,92599.91,1,0,1,61766.31,0,0.0,517,0
CUST09236,54,Female,France,North,3,57324.9,1,1,0,3915.62,0,0.0,558,1
CUST04933,62,Male,France,South,8,6603.51,2,1,1,26787.46,1,27412.07,557,0
CUST03082,24,Female,Germany,North,8,0.0,2,0,1,195055.72,1,12387.91,326,0
CUST04544,71,Female,France,West,0,12184.93,3,0,1,35430.07,0,0.0,495,1
CUST03695,67,Female,Spain,East,8,13164.47,2,1,1,85340.26,1,5252.34,632,0
CUST01604,47,Male,France,South,2,30346.46,1,0,1,78604.28,0,0.0,310,0
CUST06613,37,Female,France,South,3,43295.34,2,1,1,57839.78,0,0.0,573,0
CUST00685,34,Male,France,West,6,36005.92,2,1,1,115752.9,1,14768.36,419,1
CUST09242,52,Female,France,West,9,0.0,3,0,0,112867.48,0,0.0,767,1
CUST06060,53,Male,Germany,West,5,115452.76,2,0,1,100351.39,0,0.0,484,0
CUST02061,58,Male,France,East,8,165945.22,2,0,1,134899.13,0,0.0,833,0
CUST09372,58,Female,France,North,5,0.0,1,1,1,60364.78,1,53357.47,530,0
CUST07471,69,Female,France,West,8,32285.88,3,1,0,49836.93,1,16544.84,737,1
CUST01336,50,Female,Spain,West,5,26978.24,1,1,0,176903.3,1,18204.59,562,0
CUST01591,22,Male,Germany,West,3,31692.89,3,1,1,147194.76,0,0.0,684,0
CUST04298,21,Female,Germany,East,0,35372.29,2,0,0,42150.44,1,65041.47,609,0
CUST02708,66,Male,France,South,7,43284.92,2,1,0,137824.32,0,0.0,601,1
CUST09968,25,Female,Germany,West,5,250000.0,1,1,0,117509.11,1,40958.2,378,0
CUST03527,48,Male,France,South,5,168196.11,1,1,1,195716.31,0,0.0,642,0
CUST05006,45,Female,France,Central,8,34142.29,1,1,1,133614.9,1,39554.63,590,0
CUST09703,44,Male,Spain,West,2,,2,1,1,133741.02,1,28218.55,831,0
CUST01767,54,Female,France,West,9,37164.66,1,1,0,92565.28,0,0.0,680,0
CUST03063,57,Male,France,East,7,61823.47,2,1,0,27915.79,1,27805.67,612,0
CUST02461,74,Male,France,West,4,59957.57,1,1,1,52518.89,1,24197.13,534,0
CUST00102,70,Male,France,Central,10,0.0,1,0,1,83385.78,0,0.0,370,0
CUST05711,19,Female,Spain,West,10,0.0,3,0,1,13700.93,0,0.0,728,0
CUST08701,41,Male,Germany,Central,6,0.0,1,1,0,178758.59,0,0.0,845,0
CUST04263,18,Male,Spain,North,7,110028.95,4,1,0,141153.81,0,0.0,785,1
CUST09603,32,Male,Germany,East,10,0.0,2,1,0,53997.63,1,88616.9,529,0
CUST02908,38,Female,Germany,West,10,0.0,2,1,0,53342.12,1,63591.49,690,0
CUST04944,45,Female,Spain,Central,0,79449.63,1,1,0,1895.76,1,33983.18,765,0
CUST06482,50,Female,Spain,North,2,130188.61,3,1,1,188430.26,1,78970.07,841,1
CUST04023,41,Male,France,North,9,125087.22,2,0,1,,0,0.0,656,0
CUST06052,39,Female,France,West,7,250000.0,3,1,1,36068.78,0,0.0,548,0
CUST06602,72,Male,Germany,North,9,10728.68,1,1,0,110065.16,0,0.0,309,0
CUST05011,41,Female,Spain,North,6,146895.49,1,1,0,55828.08,1,54523.51,304,0
CUST03129,46,Male,Spain,South,6,0.0,1,0,0,73677.16,0,0.0,330,1
CUST06826,34,Female,France,North,2,30359.66,1,1,0,88517.39,0,0.0,849,0
CUST07540,34,Female,France,Central,10,128362.16,2,1,0,17599.51,1,20304.85,590,0
CUST03219,19,Male,Spain,South,7,0.0,2,0,0,142712.43,1,24865.65,326,0
CUST08196,53,Female,Spain,West,9,26243.79,3,1,0,151161.66,1,96350.5,661,0
CUST09449,58,Male,Germany,North,1,0.0,4,1,1,92800.58,0,0.0,497,0
CUST07648,39,Female,Spain,South,5,24344.87,2,0,1,196698.12,1,33329.02,324,0
CUST09167,57,Male,France,North,6,50022.21,1,0,0,53198.33,1,68891.18,627,0
CUST04839,51,Male,Germany,West,7,76440.88,1,0,1,11006.42,0,0.0,503,0
CUST03749,71,Female,Spain,North,2,0.0,2,1,1,177111.32,1,29076.08,635,0
CUST01255,52,Female,Spain,North,8,0.0,1,0,0,109777.44,0,0.0,338,0
CUST00641,27,Female,Spain,Central,9,161137.38,2,1,1,185348.55,0,0.0,679,0
CUST04706,33,Female,Spain,North,2,119391.62,2,0,0,135035.02,0,0.0,680,0
CUST05019,39,Female,France,East,1,0.0,2,0,0,53352.05,1,34734.72,380,1
CUST00131,45,Male,France,South,9,41411.23,3,0,0,139038.62,1,15631.6,602,1
CUST03460,62,Female,Germany,North,7,0.0,3,0,0,190295.28,1,30665.65,840,0
CUST09174,29,Male,France,North,8,0.0,1,1,0,72020.19,1,27578.29,503,0
CUST03266,61,Male,France,East,7,118230.88,2,1,0,101648.1,1,33201.74,528,0
CUST00610,29,Male,Germany,North,9,138024.49,3,0,1,8197.72,0,0.0,487,0
CUST03221,67,Male,Germany,South,7,77346.52,1,1,0,192498.22,1,32282.2,839,0
CUST04185,32,Male,Germany,South,4,16025.92,1,0,1,47082.67,1,37019.92,334,0
CUST01870,27,Female,France,East,1,29032.2,1,1,0,40369.06,1,49849.84,711,0
CUST09398,57,Male,France,Central,6,0.0,2,0,1,5015.83,0,0.0,660,0
CUST00581,47,Male,Germany,South,4,780.64,4,1,1,85177.02,0,0.0,645,0
CUST04303,30,Male,France,West,5,95462.95,1,1,0,32531.82,1,68045.71,690,0
CUST08968,38,Male,France,Central,7,50491.79,2,1,0,135259.26,1,93713.09,360,0
CUST00625,61,Male,Spain,North,5,0.0,2,0,1,49747.69,1,30780.56,802,1
CUST06695,28,Male,Germany,South,3,56318.44,2,0,1,114767.35,0,0.0,374,0
CUST09860,65,Female,France,Central,5,32050.81,2,1,1,18480.22,0,0.0,583,0
CUST03709,54,Female,Spain,Central,1,157604.61,1,1,0,44195.37,1,68933.9,393,0
CUST01232,54,Male,France,South,10,250000.0,2,0,1,92155.87,0,0.0,427,0
CUST04940,30,Female,France,East,4,102116.03,1,1,0,113404.53,0,0.0,705,0
CUST09213,74,Female,France,Central,5,14023.0,4,0,0,133493.67,1,21900.67,455,0
CUST01404,68,Male,France,Central,0,35434.22,1,1,1,24007.97,1,67728.8,542,0
CUST02775,72,Female,Germany,Central,0,237892.89,3,1,1,84608.04,1,7256.58,831,0
CUST04280,71,Male,France,North,3,49062.2,1,1,0,130185.64,0,0.0,340,0
CUST08461,37,Male,Germany,North,5,130937.82,3,0,1,45026.24,0,0.0,562,1
CUST07906,40,Female,France,East,5,0.0,4,0,1,65766.63,0,0.0,697,0
CUST08095,63,Male,France,East,6,24588.88,1,1,0,93522.98,0,0.0,593,0
CUST01642,40,Female,Spain,Central,6,20445.76,3,1,0,106032.52,1,42142.02,514,0
CUST01039,38,Female,Germany,Central,2,66509.29,1,1,1,198652.58,1,51132.47,832,1
CUST08990,68,Male,Germany,East,0,34931.89,3,0,1,188232.15,1,75498.17,649,0
CUST00657,74,Female,Germany,West,9,0.0,1,1,1,57178.99,1,25486.1,544,0
CUST02754,59,Female,Spain,Central,4,36231.03,2,0,1,35285.79,1,95734.76,609,0
CUST07447,45,Female,Spain,East,10,28058.0,2,1,1,18866.96,0,0.0,451,0
CUST05812,33,Female,France,South,4,0.0,1,1,0,62937.22,0,0.0,634,1
CUST07298,53,Male,France,North,0,3968.61,1,1,0,118413.1,1,65988.41,597,1
CUST07876,41,Male,Germany,South,6,14918.71,1,1,0,109443.32,0,0.0,759,0
CUST06807,61,Male,France,West,1,0.0,1,1,1,15976.13,0,0.0,724,0
CUST04998,46,Female,France,West,3,588.41,1,1,1,80833.19,0,0.0,632,0
CUST07534,53,Female,France,Central,5,0.0,1,1,1,141334.67,0,0.0,674,0
CUST03925,73,Male,Germany,South,5,18264.68,1,1,1,,0,0.0,662,0
CUST02218,28,Female,Spain,North,0,22066.98,1,1,0,113476.58,1,76620.22,722,0
CUST03650,57,Male,Germany,West,1,69934.84,1,1,0,187904.75,0,0.0,756,0
CUST03074,54,Female,France,South,9,0.0,2,0,0,144079.72,0,0.0,578,1
CUST06769,23,Female,Spain,Central,0,0.0,1,1,1,111324.7,1,64576.58,619,1
CUST05672,66,Female,France,North,0,0.0,2,1,0,61057.95,0,0.0,689,1
CUST09252,67,Male,France,South,0,47041.64,1,1,1,21080.91,1,74960.32,801,0
CUST02450,27,Female,Germany,West,9,112772.64,1,1,1,179653.14,1,67603.37,799,0
CUST07546,46,Female,Germany,East,3,230057.03,2,1,0,71719.13,0,0.0,645,1
CUST05080,39,Female,Spain,West,0,,1,0,1,123834.31,1,6463.69,463,0
CUST03944,58,Male,France,East,9,250000.0,1,1,1,55659.36,0,0.0,533,0
CUST06390,72,Male,France,Central,6,0.0,1,0,0,41877.86,0,0.0,562,0
CUST08954,38,Female,Germany,West,0,0.0,2,1,1,80218.52,1,18453.89,327,0
CUST04726,35,Male,France,Central,5,55574.8,1,1,1,193199.76,1,5304.0,355,0
CUST03027,49,Female,Spain,South,6,11988.85,2,0,0,186526.48,1,12246.56,702,0
CUST08723,64,Female,France,Central,8,0.0,1,1,1,120250.87,1,25300.13,512,0
CUST03563,60,Female,Germany,West,5,17387.78,3,1,1,197627.83,1,36506.98,432,0
CUST08953,27,Female,Germany,West,4,13825.12,2,1,0,85443.46,1,71553.53,384,0
CUST07932,60,Male,Spain,East,3,0.0,2,1,1,92921.93,1,94227.44,376,0
CUST05785,24,Male,France,West,8,0.0,2,0,1,72669.97,0,0.0,473,0
CUST05563,73,Female,France,South,7,5916.81,1,1,0,187665.06,0,0.0,485,1
CUST01373,25,Male,France,East,4,66168.39,3,1,1,109434.41,0,0.0,774,0
CUST06783,52,Female,France,East,7,0.0,1,1,1,184309.02,0,0.0,568,0
CUST07833,65,Male,France,North,3,0.0,2,1,0,198654.56,1,65703.59,312,0
CUST03953,58,Male,France,Central,4,0.0,1,0,1,92497.15,0,0.0,306,0
CUST06838,65,Male,France,South,7,0.0,2,1,0,510.77,1,85537.69,789,1
CUST09412,53,Male,France,West,2,0.0,1,1,0,90207.5,1,10220.54,754,0
CUST00579,53,Female,France,Central,0,86532.49,1,1,1,179634.27,1,19856.51,714,0
CUST07772,24,Female,Spain,West,3,32427.01,3,1,0,196001.91,0,0.0,818,0
CUST06675,64,Female,Germany,South,4,0.0,2,1,0,91104.55,1,70882.69,440,0
CUST06715,61,Female,Germany,West,8,0.0,1,1,1,31545.92,0,0.0,430,0
CUST06512,28,Female,Spain,West,9,0.0,1,1,0,199594.51,1,29227.81,651,0
CUST02610,41,Male,France,North,1,92001.51,2,1,1,9598.43,0,0.0,491,0
CUST03737,18,Male,Spain,North,3,171874.07,1,1,0,166625.56,1,93801.56,837,1
CUST01381,30,Female,Germany,South,9,29146.01,1,1,0,59393.35,1,21507.35,845,0
CUST06618,41,Male,Spain,East,7,62708.47,2,1,0,75381.95,0,0.0,377,0
CUST08330,71,Female,Spain,South,4,36201.53,1,0,0,194246.08,0,0.0,601,1
CUST00784,45,Male,France,West,4,64683.96,1,1,0,120903.39,1,10384.85,503,1
CUST09882,55,Female,France,West,0,181046.52,1,1,1,13690.96,1,94014.18,753,1
CUST02749,26,Female,Germany,East,5,0.0,1,0,1,158128.61,0,0.0,365,0
CUST06940,40,Female,Germany,East,5,0.0,1,1,0,84010.52,1,62362.37,726,0
CUST03067,69,Female,France,East,8,24632.6,1,0,1,128945.94,0,0.0,365,0
CUST03187,38,Male,Spain,East,0,0.0,1,1,1,130813.19,0,0.0,672,1
CUST00154,20,Female,France,East,2,91141.65,1,0,0,87089.56,1,98124.86,821,0
CUST05435,37,Female,France,South,2,0.0,1,0,1,122159.45,1,10588.28,621,0
CUST06828,60,Female,Germany,South,2,0.0,3,0,1,177934.56,1,10496.89,658,0
CUST01848,47,Female,France,East,7,0.0,1,1,0,113203.52,1,5670.66,636,0
CUST05574,68,Male,France,South,8,0.0,2,1,1,168879.96,1,93670.04,409,0
CUST00587,53,Male,France,West,7,0.0,1,1,0,185486.02,0,0.0,411,1
CUST03498,63,Female,Spain,South,2,99665.18,1,1,1,132712.63,0,0.0,341,0
CUST06117,61,Female,France,Central,5,1829.53,2,1,1,68891.05,0,0.0,509,1
CUST02644,25,Male,Spain,East,4,5605.05,3,1,0,187012.0,0,0.0,704,0
CUST01527,36,Female,France,East,6,5273.13,2,1,1,91332.0,0,0.0,395,0
CUST07065,59,Male,France,West,8,0.0,2,1,1,94761.88,1,34718.43,486,0
CUST05290,21,Female,France,West,1,0.0,2,0,1,172106.13,0,0.0,623,0
CUST02521,61,Female,Spain,East,9,0.0,2,1,1,108941.0,1,5245.18,686,0
CUST07536,31,Female,France,East,2,0.0,3,1,1,26973.95,1,78096.49,836,0
CUST03486,66,Female,Germany,South,10,0.0,1,1,1,809.12,0,0.0,780,0
CUST07459,31,Male,Spain,Central,6,0.0,3,1,1,181352.09,1,58607.95,542,0
CUST02871,53,Female,Spain,North,9,61316.96,1,0,1,54099.36,0,0.0,812,0
CUST05734,45,Male,France,South,4,116648.99,1,0,1,135431.94,0,0.0,711,0
CUST04765,42,Male,Germany,South,7,0.0,2,1,0,150103.38,1,27153.03,594,1
CUST03317,30,Female,Spain,South,3,22728.78,3,1,0,137888.6,1,21167.92,703,0
CUST00818,58,Male,Germany,West,10,51930.61,4,1,1,152450.24,0,0.0,602,1
CUST00795,73,Male,France,South,5,0.0,3,1,0,145499.2,0,0.0,311,1
CUST08904,31,Male,Spain,East,10,68336.76,1,0,0,159962.36,0,0.0,431,1
CUST06272,21,Male,Germany,North,3,0.0,3,1,1,196286.85,0,0.0,311,1
CUST01358,48,Male,Spain,Central,6,41135.35,3,1,0,95537.26,0,0.0,790,1
CUST09296,65,Female,France,West,9,0.0,2,1,1,43024.18,0,0.0,593,1
CUST01250,73,Female,Germany,North,7,0.0,2,0,0,4305.91,0,0.0,445,1
CUST02812,66,Male,France,East,0,0.0,1,1,0,169040.16,1,44276.75,473,0
CUST08929,38,Female,France,West,10,0.0,3,1,0,125578.91,1,8189.8,537,1
CUST08810,31,Female,Spain,North,2,66258.03,1,1,0,75295.33,0,0.0,354,0
CUST00848,45,Male,Spain,East,5,189041.53,2,1,1,29278.34,0,0.0,493,0
CUST02228,48,Male,Germany,Central,5,0.0,3,1,0,98510.31,0,0.0,612,0
CUST08340,38,Male,France,East,1,105963.72,4,1,1,89133.98,0,0.0,434,0
CUST09423,33,Male,Germany,West,2,67143.65,2,0,0,96983.88,1,47199.93,690,0
CUST09341,54,Male,Germany,Central,9,0.0,1,0,1,154309.12,0,0.0,404,0
CUST09734,58,Female,France,Central,3,188927.96,2,0,0,85149.37,0,0.0,559,1
CUST03425,51,Female,Spain,West,1,142160.01,1,1,0,53977.39,0,0.0,360,0
CUST03014,21,Female,Spain,East,1,22304.66,1,1,1,105124.12,1,47769.77,466,0
CUST07717,68,Male,France,East,3,0.0,2,1,0,154742.68,1,32375.85,682,0
CUST09121,32,Male,France,East,0,48004.69,2,1,1,172270.84,0,0.0,400,0
CUST05949,68,Male,France,South,5,0.0,3,0,1,170971.34,1,12838.15,552,1
CUST08465,25,Male,France,North,6,17122.59,1,1,1,27261.91,0,0.0,678,0
CUST02518,60,Male,France,East,9,42189.96,1,1,0,87587.71,1,18678.92,471,0
CUST07399,23,Male,France,East,7,0.0,1,0,0,49374.23,0,0.0,306,0
CUST05919,59,Male,Germany,East,2,0.0,1,1,0,147256.23,0,0.0,814,0
CUST01365,44,Male,France,Central,2,111212.46,1,0,0,50861.37,0,0.0,309,0
CUST07482,64,Female,Spain,West,5,0.0,2,1,1,97170.74,1,75370.46,469,1
CUST07061,63,Male,France,North,9,0.0,2,1,0,184734.38,0,0.0,831,0
CUST09251,62,Male,Spain,Central,0,1939.78,1,1,0,181270.78,1,57862.98,742,0
CUST01771,25,Male,France,West,9,61492.39,1,1,0,105365.25,1,15651.32,403,0
CUST01131,57,Male,Spain,North,2,0.0,1,1,1,33967.76,0,0.0,322,0
CUST03663,69,Female,France,West,4,52437.81,1,1,1,85071.27,0,0.0,329,0
CUST03940,52,Male,France,West,7,0.0,1,0,1,9644.1,1,72037.07,696,0
CUST00103,41,Male,France,West,3,40044.75,3,1,1,19412.67,0,0.0,542,0
CUST06575,52,Female,France,South,5,151087.91,1,1,1,87395.39,0,0.0,530,0
CUST09138,45,Female,Germany,Central,4,28644.57,1,1,0,186379.27,0,0.0,780,0
CUST01262,28,Male,France,Central,10,64235.41,1,0,1,77411.43,1,8013.25,723,0
CUST01675,27,Male,Spain,Central,3,0.0,3,1,1,153733.84,1,40442.07,451,0
CUST02424,23,Male,France,North,0,215023.67,2,1,0,49176.41,0,0.0,648,0
CUST06293,52,Female,France,South,1,195984.95,1,1,0,65353.52,0,0.0,504,1
CUST06448,19,Male,France,West,9,19975.33,1,1,0,194787.57,0,0.0,582,0
CUST09919,66,Male,France,Central,8,0.0,2,1,1,102855.84,1,68007.02,533,1
CUST03163,41,Male,Spain,Central,0,9831.94,1,1,1,22593.58,1,95715.85,633,0
CUST02898,57,Male,Germany,West,7,0.0,1,1,0,174254.25,0,0.0,625,0
CUST01169,53,Female,France,South,4,104867.67,3,1,1,15742.26,0,0.0,701,1
CUST03173,30,Female,France,East,10,0.0,2,1,1,123075.66,1,76133.93,437,0
CUST02675,33,Female,France,East,5,0.0,2,0,1,56558.69,1,34190.91,696,0
CUST09309,44,Male,Germany,North,5,0.0,4,1,1,11848.21,0,0.0,441,0
CUST09411,66,Female,Germany,West,0,0.0,1,1,0,97149.37,0,0.0,652,0
CUST00147,44,Female,Spain,West,4,75441.25,1,1,1,109495.06,1,59227.06,614,0
CUST01013,33,Male,Germany,East,2,0.0,1,1,0,72458.51,0,0.0,544,0
CUST01172,23,Male,Germany,Central,9,152842.16,2,0,1,145328.89,1,85091.58,656,1
CUST09560,45,Male,France,North,10,73641.32,3,1,1,106535.23,1,34044.57,594,0
CUST06483,74,Male,Germany,Central,10,2608.05,1,1,0,65219.31,0,0.0,667,0
CUST07454,68,Female,France,North,6,0.0,2,1,1,85472.2,0,0.0,362,1
CUST06739,57,Female,Spain,South,5,7826.62,1,1,1,8639.26,0,0.0,663,0
CUST05624,18,Female,France,North,9,47290.53,1,1,0,51533.7,0,0.0,354,0
CUST09764,28,Male,Germany,Central,1,0.0,1,1,0,68724.83,1,38535.19,340,0
CUST08291,44,Female,Germany,South,7,139356.24,2,1,0,135000.79,1,28819.98,706,0
CUST07786,33,Female,France,East,7,76026.93,2,0,0,78065.07,0,0.0,438,0
CUST08464,55,Female,France,South,1,32838.5,3,1,1,126073.87,0,0.0,806,0
CUST04542,72,Male,Spain,West,5,59658.51,2,1,1,190705.4,1,89477.0,455,1
CUST01524,49,Female,France,North,9,76731.07,1,1,0,103749.9,1,54711.15,730,1
CUST09303,43,Male,Spain,West,0,129522.54,2,1,0,150901.29,0,0.0,636,0
CUST00026,19,Male,France,West,8,176008.41,1,1,1,1531.2,1,39005.35,525,1
CUST08557,34,Male,France,North,2,98173.11,2,1,1,143875.41,1,71335.9,604,0
CUST01205,29,Female,France,South,3,80801.84,1,1,0,197875.29,0,0.0,348,0
CUST05991,25,Male,Spain,West,6,99850.68,2,1,0,153988.99,0,0.0,407,0
CUST05642,52,Male,Germany,Central,6,80747.51,1,1,0,42309.44,1,6372.51,306,1
CUST04571,71,Male,Spain,West,10,0.0,2,1,0,79705.79,0,0.0,661,1
CUST04050,57,Male,Germany,South,7,0.0,2,1,1,123336.48,0,0.0,642,0
CUST04380,56,Male,France,North,3,0.0,1,0,0,148042.71,0,0.0,457,0
CUST01743,68,Male,France,South,3,78339.08,3,0,1,151341.16,1,70675.74,318,0
CUST02464,45,Female,Spain,South,6,153896.4,2,0,1,69462.01,1,83789.63,735,0
CUST08064,57,Female,France,East,5,35291.62,2,1,0,1173.29,0,0.0,606,0
CUST07539,45,Female,Germany,South,1,,3,1,0,193133.88,0,0.0,569,0
CUST02190,20,Male,Germany,Central,5,6315.29,1,1,1,61171.46,1,12701.05,812,0
CUST09901,20,Female,Spain,East,8,70312.78,3,1,1,190784.69,0,0.0,515,1
CUST01920,70,Male,Germany,Central,8,67413.71,2,1,0,105631.59,1,57362.8,848,0
CUST00997,41,Male,France,North,5,0.0,1,1,0,20749.52,0,0.0,627,0
CUST04008,46,Male,Germany,South,10,0.0,2,0,1,109677.95,1,5118.37,582,0
CUST00324,22,Male,France,Central,9,37927.48,1,1,1,24709.29,1,98352.25,820,0
CUST07172,50,Female,France,West,1,130397.5,3,1,0,170497.23,1,35317.56,576,0
CUST00395,47,Female,France,East,9,130738.37,1,1,1,167484.96,0,0.0,430,0
CUST06787,66,Female,Spain,South,6,0.0,1,1,1,125721.83,1,56250.27,652,0
CUST06531,68,Male,Spain,North,0,0.0,1,1,1,153529.02,1,81630.83,445,0
CUST00117,61,Female,France,Central,0,0.0,1,1,0,87023.31,0,0.0,751,1
CUST05210,48,Female,France,North,2,0.0,2,1,0,99916.18,0,0.0,431,0
CUST05743,32,Male,France,West,3,27502.83,1,0,1,82866.63,1,89376.83,749,0
CUST00730,46,Male,France,South,5,220329.23,1,1,1,105664.99,1,81404.7,507,0
CUST09753,28,Female,Spain,East,5,72962.3,2,0,0,24380.68,0,0.0,646,0
CUST05759,46,Female,Spain,West,4,82990.29,2,1,1,34956.45,0,0.0,721,0
CUST01966,20,Female,Germany,Central,9,84475.53,2,0,0,45726.47,0,0.0,673,1
CUST04028,18,Male,Spain,West,5,144765.54,2,0,0,16182.24,0,0.0,325,1
CUST00025,55,Female,Spain,North,9,0.0,1,1,1,191366.7,1,50101.06,608,0
CUST05482,62,Male,France,Central,2,195183.94,1,1,1,112094.33,1,63883.19,743,1
CUST08098,70,Male,France,West,3,0.0,2,1,1,9916.44,1,93265.69,614,1
CUST08314,61,Male,Germany,North,3,0.0,4,1,1,64277.6,1,10314.86,424,0
CUST05338,35,Female,France,East,4,29019.96,1,1,1,135607.63,0,0.0,468,0
CUST07098,53,Female,Spain,East,6,15516.91,2,0,0,112817.87,0,0.0,665,0
CUST08816,61,Female,Spain,West,2,10946.45,4,1,0,149141.83,0,0.0,747,0
CUST00201,47,Male,Germany,South,7,160738.42,1,0,0,188670.46,0,0.0,703,0
CUST05209,72,Female,France,Central,4,83316.39,1,1,0,59647.29,1,37030.42,425,0
CUST01880,62,Female,France,Central,3,110807.95,2,1,0,130840.64,1,5041.42,809,1
CUST09983,47,Male,France,East,8,34576.58,2,0,0,75639.84,1,59027.03,837,0
CUST00770,61,Male,France,South,1,53166.3,2,1,0,100814.57,0,0.0,818,0
CUST09082,51,Male,France,North,2,0.0,1,1,0,81413.79,0,0.0,351,1
CUST06638,40,Female,France,Central,7,0.0,1,1,0,77235.33,0,0.0,622,1
CUST03508,22,Male,France,North,8,147402.58,2,0,0,162005.24,0,0.0,765,0
CUST05504,44,Male,France,West,8,250000.0,2,0,0,157501.27,0,0.0,615,0
CUST09994,39,Male,Spain,West,10,77040.09,2,0,1,184151.15,1,55705.88,541,0
CUST06523,40,Male,Spain,West,9,0.0,3,1,0,42901.29,1,89633.83,401,1
CUST01702,51,Male,Spain,East,7,13667.83,2,1,0,122644.96,1,25724.55,419,0
CUST02578,19,Male,France,West,0,250000.0,1,1,1,88441.18,0,0.0,662,0
CUST04648,34,Female,Spain,West,9,60602.81,1,0,0,9027.56,1,76849.08,368,0
CUST09006,35,Female,Germany,East,8,250000.0,1,1,0,36850.09,0,0.0,754,0
CUST03165,36,Male,France,North,3,0.0,1,1,0,76656.28,1,22386.35,811,0
CUST05753,20,Female,France,North,2,120825.4,2,0,1,199589.82,1,78231.82,439,0
CUST02674,72,Female,France,Central,4,29189.86,1,1,0,,1,19849.69,758,0
CUST02793,24,Female,Germany,North,9,126331.22,2,1,0,118935.93,0,0.0,508,0
CUST03637,65,Female,France,Central,4,0.0,1,1,1,185562.45,1,22793.74,461,0
CUST07150,34,Male,France,North,0,25575.67,1,1,1,61629.12,1,35236.05,431,0
CUST03126,57,Male,France,Central,2,250000.0,2,1,0,137511.63,0,0.0,479,0
CUST00691,30,Female,Spain,East,2,16524.29,2,1,0,129546.96,1,87102.86,551,0
CUST08434,24,Female,France,East,7,0.0,1,1,0,161282.35,0,0.0,610,0
CUST00755,25,Female,France,West,9,71092.3,1,1,0,177756.59,0,0.0,428,0
CUST09026,40,Male,Germany,East,8,62304.53,2,1,0,118761.81,0,0.0,689,0
CUST06357,66,Male,Germany,Central,7,83992.9,2,0,0,22381.54,1,40678.57,718,0
CUST04880,48,Female,Spain,North,0,34016.03,2,1,1,23200.2,1,80251.28,774,0
CUST00095,74,Male,France,South,9,11452.81,1,1,0,113877.79,1,38940.7,509,1
CUST00073,57,Male,France,West,9,0.0,2,1,1,52019.38,1,73284.15,743,0
CUST05814,68,Male,France,North,6,153285.65,2,1,0,136974.01,0,0.0,672,0
CUST04832,21,Male,France,East,6,132516.36,2,1,1,187572.38,0,0.0,534,0
CUST05927,28,Male,France,West,0,108242.02,1,1,0,179753.34,0,0.0,520,0
CUST07016,71,Female,France,Central,4,0.0,2,1,1,81203.02,0,0.0,635,0
CUST07737,36,Male,Spain,South,8,0.0,1,1,1,27662.24,1,39047.21,433,0
CUST01589,18,Female,Germany,East,4,250000.0,1,0,0,158831.45,1,91124.91,793,0
CUST00075,19,Female,Germany,East,1,0.0,1,0,0,70264.35,0,0.0,797,1
CUST00523,34,Female,Spain,North,6,26881.36,2,1,1,177555.08,1,37747.09,380,0
CUST04725,53,Female,Germany,South,2,186965.82,1,0,0,61840.0,1,18289.54,688,0
CUST00718,33,Male,Germany,West,2,0.0,1,0,1,195137.88,1,18256.59,512,0
CUST02240,68,Male,France,East,9,29364.7,1,0,0,142342.04,0,0.0,754,0
CUST04078,54,Male,France,North,6,61613.52,2,0,1,192943.43,1,58894.12,805,0
CUST03034,68,Male,France,North,9,0.0,2,1,1,30807.61,0,0.0,810,0
CUST06425,18,Male,France,South,9,50687.57,2,1,1,23450.48,0,0.0,562,1
CUST06497,29,Female,France,North,7,0.0,2,0,1,62802.57,1,5121.77,832,0
CUST07321,40,Female,France,East,5,9350.29,1,1,0,621.74,1,35890.09,733,0
CUST05293,36,Male,Germany,East,4,250000.0,3,1,0,77195.13,0,0.0,658,0
CUST04296,40,Female,France,Central,3,4086.58,1,1,1,140776.42,0,0.0,512,0
CUST02530,72,Male,France,East,0,80351.65,3,1,1,39869.73,0,0.0,510,0
CUST09354,53,Female,France,South,8,151683.3,2,0,0,45575.06,0,0.0,838,0
CUST01321,53,Male,France,South,9,76152.42,3,1,1,174276.51,0,0.0,332,0
CUST04557,70,Male,France,North,7,3117.36,2,1,1,171478.28,0,0.0,758,1
CUST04645,29,Female,Germany,South,7,35350.26,2,0,1,119606.62,0,0.0,580,0
CUST05438,37,Male,Spain,East,10,110422.13,1,1,0,187095.03,0,0.0,497,0
CUST01470,67,Female,France,Central,5,250000.0,2,0,1,2498.67,1,68898.62,372,0
CUST03252,57,Male,France,South,5,1988.71,2,1,1,155991.78,1,64756.38,375,0
CUST00192,62,Male,France,North,6,0.0,1,1,0,29285.96,0,0.0,703,0
CUST06018,25,Male,Spain,East,3,250000.0,1,0,1,69614.3,0,0.0,484,0
CUST07651,35,Female,Spain,West,7,81901.7,1,1,1,178386.27,0,0.0,646,0
CUST09132,67,Male,Germany,West,6,134096.99,1,1,1,170390.01,0,0.0,830,0
CUST02649,70,Female,Germany,South,0,31399.45,1,1,0,175230.13,1,37643.55,522,0
CUST00693,66,Female,France,South,10,0.0,2,0,1,120739.35,1,16830.83,324,0
CUST03020,30,Male,France,East,6,0.0,1,1,1,156279.63,1,83582.6,766,0
CUST03614,72,Female,France,Central,1,250000.0,1,1,0,32898.55,1,46287.35,544,0
CUST05390,58,Male,Germany,Central,2,27326.63,1,1,1,776.08,0,0.0,590,1
CUST06737,72,Female,France,East,1,0.0,1,1,0,13774.63,1,87700.81,778,0
CUST01128,51,Female,France,South,3,0.0,1,1,1,107775.93,1,41888.55,331,0
CUST08910,61,Female,Germany,Central,1,250000.0,1,1,0,154154.59,1,43602.17,307,0
CUST03380,68,Female,France,North,1,3833.38,2,1,0,93441.75,1,32597.01,545,0
CUST02876,64,Male,Germany,Central,8,25391.26,1,1,1,57553.21,1,5492.23,335,0
CUST05081,51,Male,France,South,9,0.0,3,1,1,1281.89,0,0.0,441,0
CUST00478,68,Male,France,North,6,17795.52,1,1,0,132941.38,0,0.0,504,0
CUST03689,52,Female,Germany,Central,9,28440.93,1,1,0,94940.0,0,0.0,741,0
CUST02344,49,Female,Spain,East,5,129742.95,2,1,0,18579.17,1,28967.15,649,0
CUST00712,42,Female,France,West,3,154251.65,1,0,1,129289.46,0,0.0,573,0
CUST07525,60,Male,France,East,8,0.0,2,0,0,13298.31,0,0.0,733,1
CUST09633,72,Male,Germany,South,9,44945.99,2,1,1,129661.41,1,36046.45,678,0
CUST00732,28,Female,France,West,3,7717.62,2,1,1,74891.64,1,41827.88,638,0
CUST01713,37,Female,France,Central,7,258.73,2,1,1,26405.51,1,33921.18,722,0
CUST04671,64,Female,Germany,South,0,51703.24,1,1,0,,1,85109.46,391,0
CUST00941,51,Female,Spain,East,8,5569.14,2,0,1,152262.42,0,0.0,775,0
CUST03012,42,Female,Germany,South,8,0.0,1,1,0,56705.68,1,11600.51,804,0
CUST09543,29,Male,France,West,7,0.0,2,1,0,82705.38,0,0.0,759,1
CUST05452,50,Female,France,South,1,0.0,1,0,0,17871.27,1,29548.48,409,0
CUST07777,58,Male,Germany,East,10,94145.78,1,1,0,62070.45,0,0.0,434,0
CUST03536,59,Female,Spain,West,2,60717.65,3,1,0,196068.54,1,87210.29,541,0
CUST04382,22,Female,Germany,North,4,0.0,2,1,0,79710.7,0,0.0,784,0
CUST05764,71,Male,France,North,3,0.0,2,1,1,148076.82,0,0.0,675,0
CUST05017,65,Female,France,South,5,26857.32,1,1,1,154602.72,0,0.0,507,1
CUST09483,37,Male,France,Central,10,136955.98,2,1,1,45153.45,1,5675.14,454,0
CUST09616,55,Female,Spain,Central,6,2687.26,1,1,1,2008.07,1,97399.04,782,0
CUST08903,72,Female,Spain,East,4,62979.47,1,1,1,170219.66,0,0.0,550,0
CUST04779,55,Male,France,East,4,83348.57,2,1,1,96847.72,1,11791.09,624,0
CUST02717,61,Female,Spain,North,4,36844.48,2,0,1,94674.86,1,55739.84,678,0
CUST00679,30,Female,France,East,7,0.0,3,1,0,6461.75,1,59080.92,559,0
CUST01239,55,Male,France,North,5,33619.21,1,1,0,136021.77,0,0.0,606,0
CUST06884,51,Male,Spain,West,0,104044.68,2,0,0,94589.85,0,0.0,466,0
CUST06118,22,Female,France,East,1,0.0,2,1,0,130738.49,1,38848.91,772,0
CUST05883,45,Female,Germany,Central,1,0.0,1,0,1,103089.9,0,0.0,764,0
CUST06990,29,Female,France,South,4,250000.0,1,1,0,15632.1,1,32857.12,820,0
CUST08311,18,Male,France,South,10,46480.48,1,0,1,9078.32,1,9943.86,849,0
CUST06242,32,Male,Spain,South,5,60252.07,2,1,1,112640.12,0,0.0,580,0
CUST08048,65,Male,Spain,East,0,0.0,2,0,0,49060.74,0,0.0,680,1
CUST09622,32,Male,France,South,5,178139.7,1,1,1,54038.6,1,83748.34,421,0
CUST04664,54,Male,Germany,North,10,0.0,2,1,1,179861.41,0,0.0,596,0
CUST03168,61,Male,Spain,Central,0,65675.25,1,1,1,82372.38,1,83704.45,821,0
CUST07338,40,Male,France,West,3,5650.75,2,1,0,37983.82,0,0.0,442,0
CUST07128,59,Female,Spain,South,4,0.0,2,1,1,82652.54,1,30964.25,301,0
CUST09844,62,Male,Spain,East,5,0.0,1,1,1,176015.31,1,30805.92,746,0
CUST06911,20,Male,France,North,6,28226.8,2,1,1,24772.26,1,42301.64,344,0
CUST07672,60,Male,France,Central,9,0.0,2,1,0,35869.87,0,0.0,659,0
CUST01217,50,Male,France,Central,10,250000.0,2,1,1,51469.97,1,63205.05,362,0
CUST08372,59,Female,Spain,Central,9,4772.37,1,1,1,114819.93,1,32560.43,728,0
CUST06249,25,Female,Germany,South,10,96624.03,1,1,0,108337.76,1,5948.7,651,0
CUST05925,59,Male,France,North,3,17311.71,1,1,0,108594.87,0,0.0,436,0
CUST06600,48,Female,Germany,West,7,0.0,2,1,1,41831.7,1,57468.34,712,0
CUST08106,30,Female,Germany,Central,1,250000.0,1,1,1,112994.98,0,0.0,412,1
CUST04521,57,Male,Spain,East,10,0.0,2,1,1,46881.05,0,0.0,460,0
CUST03690,23,Male,France,North,1,0.0,1,0,0,15742.41,0,0.0,684,0
CUST02152,46,Male,France,North,2,8953.71,1,1,1,27322.71,1,85655.2,808,0
CUST08989,34,Female,Spain,East,2,0.0,1,1,0,9599.04,0,0.0,526,0
CUST06150,29,Female,Germany,North,6,237342.81,2,1,0,45173.87,0,0.0,785,0
CUST01059,64,Male,France,West,4,52824.06,1,1,0,54086.04,0,0.0,489,1
CUST00170,56,Male,France,South,1,121890.89,1,1,1,182511.84,0,0.0,771,0
CUST09595,39,Male,Germany,Central,2,0.0,1,1,0,194872.49,0,0.0,497,0
CUST00198,61,Female,Spain,East,10,207951.1,1,0,0,144442.27,0,0.0,819,0
CUST03226,31,Female,Spain,East,5,7869.07,1,1,0,15954.08,1,15213.7,541,0
CUST03227,58,Female,France,North,0,250000.0,3,1,1,8093.63,0,0.0,346,1
CUST02141,64,Male,France,West,2,174574.82,2,0,0,28222.37,1,53966.38,513,0
CUST06463,38,Male,Spain,Central,2,67002.08,3,0,0,81325.68,0,0.0,553,0
CUST04967,23,Female,France,West,5,161704.46,2,1,0,99519.84,1,59148.13,409,0
CUST00235,66,Male,France,Central,5,87658.7,4,1,1,6606.28,1,69608.8,729,0
CUST02519,67,Female,France,North,6,39495.67,4,0,1,143974.87,1,58358.91,469,0
CUST02678,32,Male,France,East,4,0.0,2,0,1,130543.2,0,0.0,543,1
CUST05460,21,Male,France,East,9,134254.57,1,0,1,84265.91,0,0.0,595,0
CUST05142,59,Male,France,South,5,0.0,4,0,1,176981.01,0,0.0,656,0
CUST05334,33,Male,France,East,6,73530.43,1,0,1,165346.16,1,58677.94,308,0
CUST06126,36,Female,Spain,Central,10,77651.15,1,0,0,43057.29,0,0.0,436,0
CUST02869,39,Male,Germany,North,2,66834.58,2,0,1,196212.58,0,0.0,442,0
CUST07951,68,Male,Spain,North,1,134144.0,1,1,1,107015.15,0,0.0,444,0
CUST06304,72,Male,France,Central,2,0.0,2,1,1,100575.12,0,0.0,494,0
CUST05167,56,Female,France,West,6,250000.0,2,0,1,170042.13,0,0.0,706,0
CUST07394,18,Male,Germany,Central,1,32068.12,1,1,0,67331.47,1,25919.9,736,0
CUST03510,23,Male,Spain,South,5,65637.74,1,0,1,80948.17,0,0.0,730,0
CUST06757,64,Male,France,North,8,250000.0,1,1,1,4532.09,0,0.0,557,0
CUST01245,22,Female,Spain,North,7,64318.94,1,1,1,143493.74,0,0.0,444,0
CUST00686,66,Male,Germany,Central,8,0.0,2,0,1,111346.03,0,0.0,509,0
CUST00286,37,Female,Spain,West,1,0.0,1,1,1,19490.61,0,0.0,736,0
CUST04555,38,Female,France,East,4,0.0,3,1,0,87019.37,0,0.0,387,1
CUST01752,34,Female,France,North,7,13129.0,1,0,0,87560.25,0,0.0,707,0
CUST07844,30,Female,Germany,East,2,146401.18,2,1,0,59561.7,0,0.0,574,0
CUST09875,55,Female,France,Central,9,0.0,1,1,0,196590.67,0,0.0,429,0
CUST00604,66,Male,France,Central,5,114127.43,1,0,1,25801.26,1,43059.64,656,0
CUST01784,33,Male,France,Central,7,194619.72,1,1,0,22819.35,0,0.0,668,0
CUST06589,33,Male,Germany,South,10,0.0,3,0,1,102655.83,0,0.0,729,1
CUST06370,42,Female,Germany,North,0,0.0,2,1,0,106771.59,0,0.0,335,1
CUST00032,42,Male,Germany,Central,7,58520.3,1,1,1,171948.42,1,49959.54,700,0
CUST09392,26,Female,France,East,0,74675.58,1,0,0,177524.69,1,60068.93,679,0
CUST03058,33,Male,France,North,0,56872.22,1,1,1,137566.93,0,0.0,625,0
CUST04777,53,Male,Germany,South,3,250000.0,1,1,0,6276.42,1,94503.97,526,0
CUST05058,69,Male,France,West,7,25454.88,1,1,1,62396.65,0,0.0,628,0
CUST02396,50,Female,Spain,South,3,194327.48,1,0,0,112982.11,0,0.0,807,0
CUST02655,51,Male,France,North,6,94269.14,1,0,0,106809.12,1,10549.26,776,1
CUST06211,25,Female,Germany,East,5,68025.79,2,1,0,21027.58,0,0.0,544,0
CUST02536,25,Female,Spain,East,0,16841.87,1,0,0,29058.63,0,0.0,731,0
CUST05078,18,Male,France,East,1,150175.76,1,1,1,32806.36,1,70628.78,451,0
CUST03283,38,Female,Germany,West,5,19258.26,1,1,0,71497.57,0,0.0,308,0
CUST04904,28,Male,Spain,West,4,81027.52,4,0,0,49924.86,0,0.0,770,1
CUST00230,49,Female,France,South,5,0.0,3,0,0,158655.65,1,93874.86,841,0
CUST08065,26,Male,France,Central,8,0.0,3,0,1,118303.74,0,0.0,709,0
CUST01822,60,Female,Spain,South,2,0.0,2,1,0,21572.27,0,0.0,818,1
CUST01936,71,Male,France,East,2,8225.25,2,1,0,179675.2,1,59730.9,691,0
CUST01910,30,Female,France,North,8,0.0,1,0,1,86486.24,1,59211.45,556,0
CUST07697,51,Female,Germany,South,2,24578.69,1,0,1,15372.83,1,51200.85,380,1
CUST03354,63,Female,France,South,2,200348.13,1,0,0,110639.33,1,6915.28,824,1
CUST03390,37,Male,Spain,North,2,75112.08,1,1,1,134660.23,0,0.0,539,0
CUST06082,65,Male,France,East,8,0.0,2,0,1,180008.96,1,90775.78,792,0
CUST07781,54,Male,Germany,South,7,118871.21,2,1,0,168816.46,1,64187.19,,0
CUST09459,61,Female,Germany,West,0,130186.8,1,1,1,124372.33,1,70469.54,471,0
CUST09139,49,Female,France,West,9,0.0,2,1,0,82691.8,1,16121.55,340,1
CUST08923,56,Female,France,Central,9,165455.48,3,1,1,124477.61,0,0.0,570,0
CUST08895,38,Female,Spain,South,8,1121.21,1,0,0,70672.52,1,40387.65,794,0
CUST04732,38,Male,France,West,3,7988.99,2,1,1,176064.54,0,0.0,698,0
CUST09972,73,Female,Germany,South,2,49865.55,1,1,1,189890.73,0,0.0,486,0
CUST07479,25,Male,Germany,South,10,59966.93,3,1,1,122596.57,1,15440.17,672,0
CUST02705,47,Male,France,South,7,0.0,4,1,1,44770.29,0,0.0,589,0
CUST09144,38,Female,Spain,South,1,41853.79,1,0,0,99891.49,0,0.0,681,0
CUST04684,71,Male,Spain,West,1,6023.11,2,0,0,122084.91,0,0.0,407,0
CUST08365,33,Female,Germany,Central,4,14070.8,1,0,1,74584.0,1,18462.77,381,0
CUST00580,50,Female,Spain,East,3,0.0,2,1,1,172001.04,0,0.0,474,0
CUST01499,47,Male,France,North,5,96474.45,2,0,1,105011.07,1,17117.62,588,0
CUST00814,37,Male,Spain,Central,6,44403.82,3,0,1,138868.21,1,8184.78,686,0
CUST04408,44,Male,France,North,7,87677.96,1,1,0,79130.05,1,20251.32,411,1
CUST06072,42,Male,Spain,South,5,105423.83,1,1,1,190604.2,1,80907.05,696,0
CUST09011,49,Male,Germany,North,4,250000.0,4,0,1,171698.01,0,0.0,367,0
CUST05054,31,Male,Spain,East,5,79937.27,1,0,0,184834.01,0,0.0,745,0
CUST09399,55,Male,France,West,6,19370.66,2,0,0,22830.1,0,0.0,768,0
CUST03143,18,Female,France,East,8,0.0,1,0,1,144231.74,0,0.0,695,0
CUST01741,61,Female,France,North,8,13255.5,3,0,0,5933.97,1,60308.28,724,0
CUST07917,72,Male,Germany,West,7,192201.95,2,1,0,111582.98,1,55834.12,556,0
CUST01115,30,Female,Spain,North,5,76321.98,1,1,0,174960.27,0,0.0,483,1
CUST01382,57,Male,France,Central,4,96239.58,1,1,0,7242.96,0,0.0,658,0
CUST06710,57,Male,France,North,7,151144.11,2,1,0,115144.88,0,0.0,667,1
CUST07393,64,Male,Spain,North,6,0.0,1,0,0,99700.74,1,20563.94,664,0
CUST08153,36,Female,France,North,4,0.0,1,1,0,27185.2,0,0.0,611,0
CUST07716,45,Male,France,East,3,237399.94,2,1,1,72377.09,1,59543.87,422,1
CUST07520,40,Male,Germany,North,0,14860.73,1,1,1,28106.39,1,96865.16,382,0
CUST07513,66,Female,France,West,0,0.0,2,1,1,103169.01,0,0.0,662,0
CUST07747,30,Male,France,West,5,0.0,2,0,0,61489.38,0,0.0,426,1
CUST08847,53,Female,France,Central,6,636.54,1,0,1,141332.59,1,92956.76,718,0
CUST04002,57,Female,France,North,7,0.0,2,1,1,85928.27,0,0.0,748,0
CUST01616,47,Female,Spain,Central,2,0.0,1,1,0,67361.58,0,0.0,450,1
CUST07529,42,Female,France,West,9,0.0,1,1,0,73054.66,0,0.0,490,1
CUST09358,62,Female,France,West,5,0.0,1,0,1,78054.55,1,48269.11,592,0
CUST09701,31,Male,Spain,North,9,73719.64,1,1,1,198736.4,0,0.0,798,0
CUST06344,52,Male,France,West,7,250000.0,1,1,1,38041.26,1,37339.1,554,0
CUST04478,47,Female,France,North,5,23646.82,1,1,1,36687.78,0,0.0,835,1
CUST01994,45,Female,Spain,West,6,96302.6,1,1,1,49039.93,1,6071.66,531,0
CUST04146,56,Male,Spain,Central,1,7405.88,1,0,0,137976.14,1,38672.35,551,0
CUST09148,28,Female,France,West,7,0.0,1,1,0,70212.27,0,0.0,546,0
CUST05347,22,Female,France,North,8,0.0,2,1,1,96762.61,0,0.0,612,0
CUST05737,56,Male,Germany,Central,2,47613.62,1,1,1,66541.16,0,0.0,838,0
CUST05942,32,Male,Germany,South,4,5415.96,1,1,0,111436.09,0,0.0,805,0
CUST02516,73,Male,France,North,4,250000.0,2,0,0,50223.57,1,40333.18,819,0
CUST08231,39,Male,France,North,8,92997.54,2,1,0,193454.36,0,0.0,684,0
CUST09267,65,Male,Spain,North,1,0.0,1,1,1,158358.27,1,23113.21,715,0
CUST00857,50,Male,Germany,West,1,250000.0,1,1,1,182968.64,0,0.0,781,0
CUST07611,52,Male,Germany,North,2,100985.9,2,1,1,132662.09,0,0.0,404,0
CUST06173,61,Male,Spain,West,5,78516.84,1,1,0,59605.1,1,80959.78,516,0
CUST03567,67,Male,Germany,West,10,28559.38,1,1,0,1466.18,1,85949.71,342,0
CUST06134,39,Female,Spain,South,6,0.0,1,1,0,130856.74,1,88882.03,518,0
CUST09737,62,Female,Germany,North,6,13583.93,2,1,1,1238.91,1,68276.57,,0
CUST09855,51,Female,France,East,3,196822.88,2,1,0,129456.59,1,40330.19,333,1
CUST09287,66,Female,Spain,West,1,,2,0,0,61757.0,1,61074.76,388,0
CUST01712,64,Female,Spain,East,2,76705.41,1,1,1,49427.33,0,0.0,838,0
CUST04797,51,Female,Spain,East,4,8180.78,1,0,1,106759.05,1,25062.4,411,1
CUST03528,37,Male,France,West,3,52987.84,1,1,0,166254.22,1,18860.29,773,0
CUST00680,40,Male,France,Central,7,989.03,2,0,1,186126.73,1,49232.72,408,0
CUST02068,52,Male,France,East,8,197849.66,2,0,0,73424.79,0,0.0,478,0
CUST00851,58,Male,France,West,5,53539.64,2,0,1,157573.69,0,0.0,397,1
CUST09282,26,Female,France,West,8,0.0,2,0,1,71616.85,0,0.0,643,0
CUST08732,54,Female,France,East,8,53878.5,2,0,1,190518.37,1,40126.29,814,0
CUST02138,69,Female,Germany,North,6,234.88,1,0,1,39328.46,1,24169.69,774,0
CUST04843,40,Female,Germany,East,3,0.0,1,1,0,83241.85,0,0.0,659,0
CUST04999,39,Female,France,North,0,29721.53,3,1,1,19374.42,1,59143.53,583,0
CUST04714,50,Male,France,Central,7,164542.56,2,1,0,183979.41,0,0.0,659,0
CUST05130,54,Female,Spain,South,6,41095.83,3,1,0,151878.09,0,0.0,606,1
CUST09779,24,Male,France,South,1,0.0,2,1,0,151155.01,0,0.0,674,1
CUST07143,49,Male,Germany,Central,4,96809.92,1,1,1,67678.75,1,71630.04,529,0
CUST01329,50,Female,France,North,6,0.0,2,0,0,189138.29,1,74054.4,380,0
CUST04838,51,Female,Spain,Central,9,77828.92,1,1,0,131951.19,1,37128.35,464,0
CUST06083,36,Female,Spain,East,9,231322.84,1,0,1,130342.86,1,75009.96,430,0
CUST00872,42,Female,Spain,South,9,81955.14,3,0,0,137449.26,0,0.0,843,0
CUST07138,38,Male,France,East,4,0.0,1,1,1,8570.89,0,0.0,352,0
CUST07024,64,Female,Spain,South,5,35903.15,1,1,0,78309.44,1,85097.74,441,0
CUST09799,66,Female,Germany,East,2,0.0,2,0,0,88202.52,0,0.0,770,1
CUST08312,51,Female,France,Central,0,34686.52,1,1,1,54289.21,1,61848.07,686,0
CUST09782,62,Male,France,West,9,0.0,3,1,0,137251.31,0,0.0,831,0
CUST09288,41,Male,France,North,2,36728.61,2,1,1,187870.4,0,0.0,652,0
CUST08166,72,Female,Spain,West,2,43363.5,1,1,0,164064.27,1,24854.14,572,0
CUST01203,37,Female,France,East,8,0.0,2,0,0,159819.24,0,0.0,576,1
CUST01430,26,Male,France,East,5,118071.37,1,1,0,147031.64,0,0.0,,0
CUST06941,31,Male,Germany,West,2,8595.9,1,0,0,90070.62,0,0.0,712,0
CUST09625,34,Female,France,East,6,0.0,2,1,1,174014.6,1,91623.42,517,0
CUST02423,56,Male,France,East,3,104038.94,1,0,0,161575.97,1,84449.69,433,0
CUST02081,54,Female,France,South,5,9149.07,1,1,1,87044.55,1,7742.9,483,0
CUST02611,71,Male,France,Central,9,250000.0,1,1,0,97571.79,0,0.0,740,0
CUST07336,44,Female,Germany,South,3,165903.07,2,1,1,78977.74,0,0.0,543,0
CUST09651,39,Female,France,North,2,90810.32,2,1,1,24675.42,1,24223.79,484,0
CUST05160,71,Male,Germany,North,0,60399.72,2,1,0,147677.97,1,86894.43,317,1
CUST03641,51,Female,France,Central,3,152248.01,1,1,1,188029.41,0,0.0,565,0
CUST08248,18,Male,Spain,North,10,64732.94,1,0,1,181770.75,1,79806.47,552,0
CUST08722,73,Male,France,South,9,0.0,2,1,0,16218.47,1,59967.46,695,0
CUST02831,20,Female,France,West,6,12707.4,2,0,0,32559.97,0,0.0,526,0
CUST08250,33,Male,France,Central,2,239120.9,2,0,1,2848.81,0,0.0,454,0
CUST08234,62,Male,France,Central,6,87614.27,2,1,1,141987.91,0,0.0,591,0
CUST04498,40,Female,Spain,East,9,17704.38,1,1,0,198924.86,0,0.0,616,0
CUST09374,56,Female,France,West,7,0.0,2,1,0,16526.55,0,0.0,804,0
CUST06592,55,Male,Spain,West,5,0.0,2,1,0,103643.94,0,0.0,561,0
CUST01679,38,Female,Spain,Central,7,250000.0,1,0,0,131384.05,1,62125.35,402,1
CUST03576,28,Female,Germany,West,9,0.0,1,0,0,38618.61,1,26038.66,803,0
CUST08279,34,Male,France,West,6,66215.79,1,0,1,93212.39,1,75362.88,565,0
CUST02681,28,Male,France,East,3,42995.71,1,1,0,184992.29,0,0.0,389,0
CUST09238,26,Female,Spain,North,8,59760.75,3,1,1,90918.45,1,8285.14,304,0
CUST01120,20,Female,France,Central,10,0.0,3,0,0,137837.6,1,71804.18,759,1
CUST03493,68,Female,Spain,North,1,0.0,3,1,1,95511.38,0,0.0,687,1
CUST08867,49,Female,Spain,Central,6,0.0,1,1,0,82114.97,1,28561.83,522,0
CUST08926,30,Male,Germany,North,8,209571.07,1,1,1,150479.63,1,5417.36,495,0
CUST03874,32,Male,France,West,6,24504.13,1,1,0,45636.96,0,0.0,647,0
CUST05341,25,Female,Spain,East,6,49899.13,1,0,1,94696.05,1,98589.91,531,0
CUST02865,40,Female,Spain,West,1,0.0,2,1,1,163645.49,0,0.0,750,0
CUST04636,35,Male,France,South,5,7154.03,1,0,0,88618.16,0,0.0,466,0
CUST06936,59,Male,France,Central,7,42503.51,1,1,0,167905.36,1,69455.87,313,0
CUST09672,22,Male,France,West,10,21403.92,1,0,0,2343.28,0,0.0,380,0
CUST08028,68,Female,Spain,West,7,44910.4,1,1,1,164460.76,0,0.0,646,0
CUST06658,69,Female,France,South,10,1806.84,2,1,1,170352.12,1,57523.5,550,0
CUST04217,58,Female,France,East,1,94510.52,2,0,0,100653.18,0,0.0,417,0
CUST07405,20,Male,Spain,East,3,74155.11,1,1,1,114486.02,1,91759.12,711,0
CUST09524,34,Female,France,North,2,0.0,2,0,1,127233.2,0,0.0,490,0
CUST08384,55,Male,France,South,1,5867.5,2,1,1,182998.16,0,0.0,804,1
CUST09414,27,Female,France,North,1,2449.41,2,1,0,135650.41,1,73038.01,705,0
CUST08271,69,Male,France,East,4,0.0,1,1,0,,1,56267.46,793,1
CUST00843,45,Female,France,West,5,13630.66,2,1,1,31007.97,1,84882.48,466,0
CUST04254,55,Female,France,North,5,33601.55,1,1,0,158449.32,1,12180.76,746,0
CUST05346,28,Male,France,Central,5,96441.28,2,1,1,19771.43,1,44306.87,323,0
CUST04939,28,Female,France,North,6,43761.85,1,1,1,105695.34,0,0.0,657,0
CUST01795,24,Male,Germany,South,2,26358.99,1,0,1,80662.1,0,0.0,745,0
CUST09811,54,Male,France,North,1,126943.24,3,1,1,50164.42,1,29382.21,796,1
CUST00945,67,Female,France,West,8,0.0,2,1,1,3542.76,0,0.0,380,0
CUST08068,43,Male,Germany,West,0,104923.5,1,0,0,158940.16,1,92234.54,440,0
CUST08366,68,Male,Spain,Central,6,250000.0,1,0,0,115128.25,1,92797.42,414,0
CUST06360,36,Female,France,West,3,0.0,1,1,0,168197.07,0,0.0,390,0
CUST09780,56,Male,Germany,North,4,147036.26,2,0,1,167650.03,1,64502.04,453,0
CUST03172,25,Female,France,Central,3,0.0,1,1,0,74444.7,1,66006.17,464,0
CUST07028,29,Male,Germany,South,9,6805.68,1,1,1,199279.27,1,87826.19,631,0
CUST09247,31,Male,Germany,South,8,0.0,1,0,0,38255.64,1,28092.44,670,0
CUST00319,66,Female,France,East,8,0.0,2,1,1,87887.77,1,80419.7,659,0
CUST07404,50,Female,France,South,6,26139.58,1,1,0,38629.96,0,0.0,453,0
CUST08934,22,Female,France,East,9,0.0,1,1,0,88176.74,0,0.0,834,1
CUST02280,59,Male,Spain,North,1,116213.73,1,1,1,66302.55,1,18430.97,554,0
CUST09940,33,Male,Germany,South,7,0.0,2,1,1,110420.75,1,65292.63,531,0
CUST04259,69,Female,France,Central,8,18279.05,3,1,0,104780.3,1,53085.85,752,0
CUST09550,27,Female,France,East,7,,1,0,1,65128.69,1,80909.1,807,1
CUST08592,19,Male,Spain,South,6,0.0,1,1,1,190252.24,0,0.0,653,0
CUST03726,33,Male,France,East,4,35099.26,1,1,1,140850.05,1,45935.88,449,0
CUST07466,51,Male,France,West,4,0.0,1,1,1,7884.55,1,96831.84,719,0
CUST09900,37,Female,France,North,4,13739.15,3,0,0,38852.24,1,39533.44,652,0
CUST06546,56,Male,Spain,West,7,176302.07,1,1,0,86052.7,0,0.0,319,0
CUST07141,48,Male,France,North,1,101289.69,2,1,1,97440.43,1,34822.68,426,0
CUST05834,57,Male,Germany,West,5,38914.88,1,1,0,7474.66,1,85167.52,415,0
CUST07926,18,Male,Germany,Central,0,0.0,1,1,1,81475.24,0,0.0,532,0
CUST00091,32,Male,France,East,1,3616.47,1,1,1,37517.64,1,89648.77,451,1
CUST00180,32,Female,Germany,East,5,225782.25,2,0,0,7837.09,1,51202.45,411,0
CUST06182,47,Male,France,South,8,0.0,1,0,1,96543.33,0,0.0,439,0
CUST00600,41,Male,Spain,Central,6,168749.95,1,1,0,7897.76,0,0.0,530,0
CUST08047,58,Male,Germany,South,5,67963.6,2,0,1,110733.9,1,15414.22,834,0
CUST03292,61,Male,Spain,West,9,51966.39,2,1,1,58627.38,1,43828.45,587,0
CUST02703,59,Male,Spain,East,3,6016.76,1,1,0,121616.11,0,0.0,463,0
CUST09278,40,Male,Germany,Central,2,98505.11,4,0,0,45701.41,1,8834.79,340,0
CUST06897,23,Male,Spain,West,5,24849.8,2,0,0,66432.83,1,72014.75,553,0
CUST02906,74,Female,Spain,West,0,250000.0,1,0,1,145793.99,1,61844.73,564,0
CUST08731,45,Male,Spain,West,7,205103.7,1,0,1,97821.36,1,84576.33,340,0
CUST02785,38,Female,Germany,Central,7,45899.26,2,0,0,89464.17,0,0.0,686,0
CUST05727,27,Female,Germany,Central,4,82528.69,2,1,1,,1,92126.59,659,0
CUST01555,25,Female,France,South,4,78389.7,2,1,0,173820.96,0,0.0,527,0
CUST04965,35,Male,Germany,Central,3,40779.48,2,1,1,65714.42,0,0.0,560,0
CUST03079,45,Male,France,South,2,,1,0,0,34648.15,0,0.0,557,0
CUST07439,59,Male,Germany,West,4,37291.53,1,1,1,86328.64,0,0.0,444,0
CUST02956,66,Female,Spain,Central,10,0.0,2,1,1,81390.4,1,45247.77,474,0
CUST05038,49,Male,France,South,2,33517.08,1,1,0,115092.72,1,61942.36,687,1
CUST03817,51,Male,Spain,West,6,104242.62,3,0,0,88378.42,1,54429.03,626,0
CUST02805,38,Female,Spain,North,8,79965.32,1,1,1,10028.69,0,0.0,818,0
CUST07153,33,Female,France,West,5,7072.52,2,1,1,109094.9,0,0.0,451,0
CUST09826,52,Female,Spain,West,10,87805.98,3,0,1,160779.39,1,96552.91,498,0
CUST08768,71,Male,Germany,West,8,27910.39,1,1,1,6701.69,0,0.0,834,1
CUST02663,65,Male,Germany,West,3,969.56,2,1,1,38883.26,0,0.0,639,0
CUST06393,23,Female,France,North,5,60554.37,1,0,1,97869.57,1,29493.22,442,0
CUST06363,43,Female,Germany,East,2,59480.75,2,1,1,108325.45,0,0.0,511,0
CUST07252,56,Male,Germany,North,7,32650.72,2,0,0,164313.55,1,94691.23,374,0
CUST02182,70,Female,France,West,2,0.0,1,1,0,133462.48,1,9315.14,805,1
CUST01894,26,Female,France,North,2,24250.92,1,0,1,22757.57,0,0.0,368,0
CUST04387,63,Male,France,West,5,0.0,1,1,0,40487.01,0,0.0,591,1
CUST04341,41,Female,France,West,5,86809.67,3,1,0,126323.0,1,76357.55,764,0
CUST03733,57,Female,France,East,2,,1,1,0,126236.2,1,77252.96,476,0
CUST05914,48,Female,Germany,North,2,0.0,2,1,0,64525.21,0,0.0,626,0
CUST09867,56,Male,Germany,North,1,21040.49,1,0,0,54757.04,1,63824.25,491,0
CUST03261,39,Female,Germany,South,2,110404.59,3,1,1,15798.98,0,0.0,817,0
CUST02827,57,Female,France,East,4,92501.6,1,0,1,42938.3,0,0.0,524,0
CUST08908,29,Female,Spain,South,4,363.92,1,1,0,38797.71,1,77104.59,729,0
CUST01384,42,Male,Germany,North,2,2432.79,3,1,1,82561.51,0,0.0,671,0
CUST04859,45,Female,Spain,East,6,0.0,2,0,0,45364.44,0,0.0,327,1
CUST07516,28,Male,France,South,10,0.0,1,0,0,70332.05,0,0.0,755,1
CUST02948,60,Male,France,Central,10,40290.43,2,0,1,51197.61,0,0.0,400,0
CUST06629,61,Male,Germany,Central,9,89269.68,2,1,0,78237.51,1,29754.95,478,1
CUST01859,46,Male,Spain,West,2,0.0,2,1,1,2017.45,0,0.0,418,0
CUST00295,69,Male,France,South,9,102419.47,2,0,0,196126.55,1,51881.36,787,0
CUST07301,55,Female,Germany,Central,4,106197.16,2,1,0,93643.49,1,41006.66,693,1
CUST02183,25,Female,Spain,East,10,0.0,2,1,1,87548.13,0,0.0,611,1
CUST02321,30,Male,France,Central,2,0.0,1,1,0,159725.38,1,57834.53,588,0
CUST00700,24,Female,Germany,West,2,0.0,2,1,1,126381.28,0,0.0,778,0
CUST04650,43,Female,France,Central,10,0.0,4,1,1,121832.35,0,0.0,787,1
CUST03230,72,Male,France,West,8,26337.19,3,1,1,46167.8,0,0.0,783,1
CUST03057,33,Male,Germany,East,2,207847.99,1,0,0,107486.18,0,0.0,822,1
CUST09593,60,Female,France,East,5,67015.86,1,0,1,14764.13,0,0.0,542,0
CUST09907,22,Male,France,East,10,127801.19,1,0,1,62913.99,0,0.0,514,0
CUST06335,30,Male,France,Central,1,87463.8,1,1,0,81692.28,1,78194.6,415,0
CUST01957,42,Female,Germany,South,7,79499.9,2,1,1,48709.93,1,30312.57,397,0
CUST01814,48,Male,Spain,West,6,0.0,1,1,0,83756.22,1,6012.98,823,0
CUST06385,33,Female,Spain,East,10,1090.55,2,1,1,43735.33,1,83249.1,814,0
CUST09429,55,Female,France,North,10,28771.64,2,1,1,125869.96,0,0.0,638,0
CUST03464,21,Male,France,South,7,0.0,2,0,0,121739.46,0,0.0,687,0
CUST04774,46,Female,France,West,4,0.0,2,0,1,103734.63,1,27668.02,553,0
CUST06693,25,Male,France,South,8,22394.85,3,1,1,195311.53,1,18831.73,401,0
CUST05786,66,Female,France,Central,2,106704.27,4,1,0,42142.78,0,0.0,624,1
CUST07170,48,Male,Spain,Central,5,25.86,1,0,1,176940.23,0,0.0,344,0
CUST03718,57,Male,France,East,1,55246.98,2,1,0,161780.62,0,0.0,611,0
CUST02972,31,Male,Spain,West,10,0.0,2,1,0,8528.77,1,73618.62,332,0
CUST00943,71,Female,Germany,East,0,11752.46,2,1,1,97428.28,0,0.0,719,0
CUST04739,38,Male,Spain,Central,6,0.0,2,0,1,185993.36,0,0.0,743,0
CUST08016,60,Female,Spain,West,7,103812.75,1,1,0,166934.96,0,0.0,582,0
CUST03379,33,Female,Spain,West,8,32145.43,4,1,0,95650.67,0,0.0,,1
CUST04837,46,Male,Spain,North,2,160607.91,1,1,0,60662.63,0,0.0,622,0
CUST08745,49,Male,France,North,0,171516.19,2,0,1,172898.86,1,49040.97,658,0
CUST07430,64,Male,Germany,South,0,127136.69,1,1,0,64638.21,0,0.0,385,1
CUST01341,64,Male,France,East,0,81821.74,2,1,0,11813.17,0,0.0,485,1
CUST08272,64,Female,France,North,0,0.0,2,1,0,120708.06,0,0.0,585,0
CUST05414,51,Female,France,North,3,0.0,1,0,0,120413.32,0,0.0,421,0
CUST04563,34,Female,Spain,West,2,40053.48,1,1,1,67690.65,0,0.0,646,0
CUST02581,26,Female,France,South,0,72174.18,1,0,0,70783.72,0,0.0,399,0
CUST08762,43,Female,Germany,East,6,38463.68,3,0,0,44845.95,0,0.0,389,0
CUST02745,39,Male,Spain,East,0,57864.38,1,1,0,57476.27,1,30390.44,387,0
CUST00407,61,Male,France,North,0,25122.66,2,0,1,75725.18,1,51913.21,658,0
CUST02189,24,Male,Germany,West,7,0.0,1,1,0,189660.51,1,19442.55,623,0
CUST00804,64,Male,France,Central,6,20228.98,1,0,0,131267.72,1,7514.8,,1
CUST07420,55,Male,Germany,West,8,14774.03,2,0,1,85729.73,1,65569.28,731,0
CUST08425,32,Male,Germany,West,1,77529.39,1,1,1,138269.54,1,67918.01,795,0
CUST03334,64,Female,France,Central,5,0.0,3,1,1,24992.73,1,77995.31,531,1
CUST00698,29,Male,France,South,4,50.27,4,1,1,25879.72,1,51566.87,661,0
CUST04099,61,Male,France,Central,5,179062.85,2,1,0,118322.07,1,95519.08,576,1
CUST01802,46,Female,France,North,4,8891.38,2,1,1,105301.95,1,83122.98,669,0
CUST07164,21,Male,France,East,2,0.0,3,1,0,14768.93,0,0.0,342,0
CUST08074,74,Female,Germany,North,4,108121.42,2,1,1,173164.04,0,0.0,434,0
CUST09088,65,Female,Spain,East,3,145947.85,1,1,1,198424.21,0,0.0,665,0
CUST00988,22,Male,France,South,3,134848.66,1,1,1,124483.83,0,0.0,593,0
CUST09376,27,Male,Spain,East,3,60715.51,1,1,1,47746.43,0,0.0,712,0
CUST01979,22,Male,France,Central,7,0.0,3,1,1,40044.79,0,0.0,665,1
CUST03169,18,Male,Spain,South,2,32884.42,2,1,0,110715.64,0,0.0,828,1
CUST01248,31,Female,France,West,2,30775.89,2,0,1,17922.13,1,26640.69,796,0
CUST07013,30,Male,Germany,West,8,37950.75,1,1,1,81505.69,0,0.0,358,0
CUST01692,38,Female,France,West,1,66568.72,2,1,0,149944.47,1,28891.13,652,0
CUST04953,43,Female,France,East,9,0.0,2,1,0,132935.08,1,88651.07,833,0
CUST05513,32,Male,Spain,East,5,250000.0,3,0,0,95324.18,0,0.0,800,0
CUST01478,37,Male,France,South,4,250000.0,2,0,0,29849.35,0,0.0,348,1
CUST03181,41,Male,Germany,North,5,25071.24,1,0,1,140126.21,1,20680.21,325,0
CUST04477,24,Male,France,East,1,868.94,1,0,1,145884.32,0,0.0,505,0
CUST03959,65,Male,Spain,Central,4,152530.56,1,1,1,35345.8,0,0.0,806,0
CUST09784,23,Female,Spain,North,9,1816.64,3,1,0,193617.09,1,26386.8,745,0
CUST01138,23,Male,France,South,1,136390.87,3,0,0,14568.93,1,14646.11,363,0
CUST04291,54,Female,Germany,South,1,0.0,1,1,0,55826.06,0,0.0,452,0
CUST09108,29,Female,France,East,4,104257.7,1,1,1,33021.93,1,47743.5,571,0
CUST09872,69,Female,France,North,3,0.0,1,0,1,148257.01,0,0.0,347,0
CUST09515,41,Male,France,Central,7,20959.97,1,0,1,148463.64,1,91972.46,301,0
CUST00225,61,Female,Germany,South,8,90841.82,1,1,1,159643.99,0,0.0,332,0
CUST06376,45,Female,Spain,South,3,0.0,1,1,0,140181.92,1,78508.31,671,0
CUST08695,28,Male,Spain,West,5,2130.01,2,1,0,113930.93,1,19493.59,515,1
CUST05362,65,Female,France,East,9,23036.55,1,0,1,108176.82,1,92859.46,573,0
CUST07559,55,Female,Spain,East,4,0.0,1,1,1,159537.0,1,54328.07,684,0
CUST03036,36,Male,France,East,10,147172.32,2,1,0,66446.49,1,50764.25,344,0
CUST00999,51,Female,France,East,6,42885.02,1,1,0,155014.43,1,57529.38,343,1
CUST03981,51,Female,France,East,7,0.0,2,1,1,,1,26555.3,596,0
CUST00402,36,Male,France,Central,8,3245.05,3,1,1,142017.9,0,0.0,413,0
CUST09095,46,Female,Spain,North,1,8838.44,2,1,1,197930.38,0,0.0,362,0
CUST04712,73,Female,Germany,North,7,30466.45,2,1,0,119229.37,1,49358.22,362,0
CUST06159,43,Male,Spain,South,9,50040.48,2,0,1,23723.39,1,56658.5,326,0
CUST01938,40,Male,France,North,5,788.16,1,1,1,71041.26,0,0.0,515,0
CUST09929,38,Male,Spain,West,10,38177.38,1,0,1,7691.79,0,0.0,628,1
CUST06896,40,Male,Germany,South,9,131842.48,1,1,1,114113.47,0,0.0,468,0
CUST00887,64,Female,Germany,Central,6,193754.75,1,0,1,118089.79,1,65761.42,831,1
CUST05192,68,Female,France,Central,10,39263.06,1,1,0,82161.86,1,39329.8,489,1
CUST06246,54,Male,Spain,South,0,109296.17,2,1,1,144632.9,0,0.0,526,0
CUST01746,51,Female,France,East,10,30865.99,1,0,1,118577.15,0,0.0,811,0
CUST03469,32,Female,France,South,3,0.0,2,1,1,161778.65,0,0.0,460,1
CUST05534,40,Male,France,Central,6,19785.28,2,1,1,69584.28,0,0.0,398,0
CUST00414,52,Male,France,Central,6,0.0,2,1,0,132327.53,0,0.0,728,1
CUST00442,64,Male,France,North,4,24055.31,1,1,1,159611.97,1,24596.3,378,0
CUST06494,26,Male,Germany,South,1,56721.47,1,0,0,93659.24,0,0.0,540,0
CUST01042,22,Male,Germany,West,1,61692.99,2,0,0,118902.32,1,9950.08,753,0
CUST02037,48,Male,France,East,6,73751.9,2,1,1,124799.61,0,0.0,554,0
CUST06219,70,Female,Spain,Central,10,0.0,1,1,1,131846.24,1,48546.87,588,1
CUST04575,67,Female,France,North,0,0.0,1,1,1,41175.46,0,0.0,791,0
CUST05579,23,Male,France,West,0,2575.56,1,1,0,74608.23,0,0.0,744,1
CUST02897,68,Male,France,North,3,34981.6,1,0,0,114494.64,0,0.0,577,0
CUST01494,47,Female,France,South,2,119655.87,2,1,1,147353.98,1,23119.95,447,0
CUST04585,47,Female,France,North,3,0.0,1,1,0,27119.63,1,63310.87,829,0
CUST03931,47,Male,Germany,North,8,81075.08,2,0,1,52281.5,0,0.0,825,0
CUST05966,45,Female,France,North,3,41382.48,1,0,1,66392.38,1,60174.67,710,0
CUST04162,56,Male,France,North,3,177392.27,2,1,0,14225.73,1,29154.23,600,0
CUST04024,51,Female,France,Central,1,0.0,2,0,0,150689.7,1,55776.27,734,1
CUST08347,66,Female,France,North,9,0.0,4,1,0,18442.17,1,27190.06,784,0
CUST05540,74,Male,Spain,Central,1,138140.64,2,1,0,,1,9958.66,749,0
CUST09723,60,Male,France,East,7,68995.69,1,1,0,90363.26,0,0.0,390,0
CUST06569,34,Female,France,North,9,83274.24,3,1,1,191726.05,1,55193.48,300,1
CUST09029,69,Male,Germany,Central,5,0.0,1,0,1,113479.91,1,71721.16,739,0
CUST05637,20,Female,France,East,4,142273.58,2,0,1,63781.46,1,75647.2,596,0
CUST08492,35,Female,Germany,South,10,183730.85,2,0,1,15075.91,1,45867.76,766,0
CUST07187,36,Female,Spain,South,3,0.0,2,1,1,99098.56,0,0.0,595,1
CUST03595,43,Male,Germany,South,6,27535.98,2,1,1,173353.89,0,0.0,532,0
CUST00666,65,Male,France,North,5,9473.11,2,0,0,177368.06,1,35812.47,595,0
CUST06667,41,Female,Spain,West,1,107809.34,1,0,1,93126.94,0,0.0,546,0
CUST08011,18,Female,Spain,West,3,0.0,2,0,1,171675.9,1,70768.26,452,1
CUST05233,42,Female,France,North,9,36379.29,2,0,0,137272.26,0,0.0,421,1
CUST02914,56,Male,Spain,South,5,0.0,2,1,0,91748.04,0,0.0,824,0
CUST00271,41,Male,France,South,10,40669.77,2,1,1,173969.41,0,0.0,320,0
CUST08886,26,Male,France,Central,10,110032.28,2,0,1,7507.77,0,0.0,514,0
CUST09668,34,Female,France,South,4,0.0,1,0,1,159285.98,0,0.0,444,0
CUST03174,25,Male,Spain,South,10,32118.79,1,1,0,61285.81,0,0.0,331,0
CUST00162,26,Female,Spain,East,6,44441.38,2,1,0,121750.03,1,31526.04,604,0
CUST06827,24,Male,France,North,9,55960.4,2,1,1,186544.7,0,0.0,500,0
CUST03961,29,Male,France,Central,2,32606.66,3,1,0,37242.94,0,0.0,791,0
CUST05903,61,Male,France,North,7,62432.64,1,0,0,,1,42875.54,795,0
CUST05214,51,Female,France,West,0,37041.09,1,0,0,23865.44,0,0.0,731,0
CUST02316,35,Female,Spain,East,8,132023.82,3,1,1,40760.45,1,54197.79,320,0
CUST09171,59,Male,France,North,5,250000.0,1,1,0,77510.97,1,33703.09,394,0
CUST04391,68,Male,France,West,4,81129.76,3,0,0,174084.76,1,27093.76,577,0
CUST02673,60,Female,France,Central,6,79534.36,1,1,1,2402.81,0,0.0,738,0
CUST04755,54,Male,France,South,10,42760.9,2,1,0,181464.27,1,51535.75,537,0
CUST05560,36,Female,Spain,South,2,121170.6,1,1,1,161345.01,1,6114.05,670,0
CUST05741,36,Female,France,South,0,36639.74,1,1,0,36674.5,1,33753.18,665,0
CUST07078,49,Female,France,North,0,38249.16,1,1,1,49077.32,0,0.0,599,0
CUST01158,47,Male,France,North,3,13796.64,2,1,0,131679.82,0,0.0,656,0
CUST05418,19,Male,Spain,North,3,2141.67,2,0,0,143533.05,0,0.0,558,0
CUST00357,35,Female,France,Central,6,0.0,1,1,0,132122.7,0,0.0,409,1
CUST07023,24,Female,France,East,8,140376.99,1,0,0,193428.86,1,81813.64,593,1
CUST03503,54,Female,Germany,East,3,141507.84,3,1,0,13866.4,0,0.0,444,0
CUST05057,62,Female,Germany,North,4,0.0,2,1,0,185400.49,1,71010.01,448,0
CUST04685,65,Male,Spain,North,4,85392.86,1,0,1,16854.71,1,44150.51,360,1
CUST05203,38,Male,France,West,0,250000.0,1,0,1,1816.37,0,0.0,448,0
CUST04487,54,Female,France,North,7,0.0,2,0,0,138848.19,0,0.0,626,1
CUST03646,39,Female,Spain,South,9,23961.67,3,1,1,1431.84,0,0.0,561,0
CUST07396,19,Male,France,North,10,28658.04,2,0,0,152513.07,1,49273.6,502,0
CUST07149,41,Female,France,West,9,67568.58,1,1,0,145272.16,1,19630.32,773,0
CUST06138,34,Male,France,East,6,20888.37,1,1,1,157470.6,1,12253.44,565,0
CUST07177,64,Female,Germany,Central,8,59912.2,2,1,1,136919.41,1,30282.21,575,0
CUST04016,39,Female,Spain,North,6,62062.06,1,1,0,116599.35,0,0.0,376,0
CUST01481,45,Female,France,South,10,0.0,2,1,1,175870.79,1,56483.75,411,0
CUST04237,18,Male,France,North,2,0.0,1,1,0,14199.51,1,46325.9,455,0
CUST05481,66,Female,France,West,9,36013.32,1,1,0,40803.95,1,66614.41,548,0
CUST05556,72,Female,Spain,Central,1,0.0,2,1,0,179341.31,0,0.0,842,0
CUST07010,65,Male,Spain,North,7,0.0,2,1,0,198129.84,0,0.0,507,0
CUST07882,39,Male,France,West,2,59014.06,3,1,0,123557.09,1,67401.87,598,1
CUST09106,54,Male,France,West,10,0.0,1,1,1,183904.5,1,98762.23,814,0
CUST03319,60,Female,Spain,Central,10,0.0,3,1,1,134406.55,0,0.0,499,0
CUST04342,52,Male,France,North,9,50984.43,2,1,1,80115.22,1,68135.84,477,0
CUST00983,47,Female,Germany,Central,6,30110.8,1,1,0,197845.64,1,90087.37,796,0
CUST06816,52,Female,France,South,0,0.0,2,0,0,192749.59,0,0.0,817,1
CUST04102,25,Female,France,Central,5,234824.43,1,1,0,123563.54,0,0.0,380,0
CUST01710,50,Female,Spain,Central,4,0.0,2,1,1,186532.98,1,65010.46,371,0
CUST07491,55,Female,France,Central,6,1870.01,3,1,0,,1,65106.35,457,0
CUST04922,27,Male,Spain,North,10,68194.2,1,1,0,103283.73,0,0.0,731,1
CUST02337,61,Female,France,North,9,0.0,2,0,1,113782.34,0,0.0,339,1
CUST04013,45,Male,France,North,3,7242.48,2,0,1,36210.67,0,0.0,691,0
CUST07176,18,Male,Spain,East,10,0.0,2,0,1,148782.83,0,0.0,792,1
CUST01322,46,Male,France,Central,4,0.0,2,1,1,109545.77,0,0.0,300,0
CUST05602,35,Male,Germany,East,5,0.0,1,1,0,59050.78,0,0.0,711,1
CUST06960,73,Female,Germany,West,10,1419.53,3,1,0,160298.79,0,0.0,381,1
CUST00220,26,Female,Germany,East,8,31278.34,2,1,1,110350.09,1,55105.16,816,1
CUST06444,45,Female,France,East,10,0.0,2,1,1,22607.05,0,0.0,421,0
CUST06556,72,Female,France,North,8,79629.22,1,1,0,160516.68,1,37880.6,468,1
CUST01293,34,Female,France,East,7,160962.61,2,0,1,173565.1,1,44616.1,626,1
CUST03411,72,Female,Germany,North,2,219.54,4,1,0,173988.85,0,0.0,368,0
CUST09586,21,Male,France,Central,7,60617.78,1,1,0,53935.48,1,42432.29,486,0
CUST07852,19,Female,Spain,West,9,29603.05,1,0,0,110342.6,1,23563.16,372,0
CUST01029,49,Female,France,South,3,46242.8,1,1,0,171893.12,1,54318.17,758,0
CUST09317,39,Female,France,North,8,0.0,2,1,1,160971.47,0,0.0,767,0
CUST09477,36,Female,France,East,10,45583.59,1,0,1,179078.63,0,0.0,477,0
CUST00852,53,Male,France,Central,3,106320.33,1,1,0,128602.4,0,0.0,735,0
CUST01925,60,Male,Germany,Central,7,0.0,1,0,1,157287.8,1,78897.2,455,0
CUST06649,20,Female,France,East,0,108579.28,1,0,1,90761.37,0,0.0,684,0
CUST02838,21,Female,Germany,South,0,0.0,1,1,1,61761.25,1,44248.71,322,0
CUST02508,60,Male,Spain,Central,6,5413.1,1,1,0,104614.41,0,0.0,658,0
CUST09741,27,Male,Spain,North,1,0.0,3,1,1,170881.38,1,60974.21,620,0
CUST02430,52,Female,France,North,8,48931.65,2,0,1,147674.03,0,0.0,500,1
CUST09279,39,Female,France,West,4,9721.47,1,1,0,43347.31,0,0.0,789,0
CUST01626,26,Male,Spain,West,4,97754.0,2,1,0,19803.99,1,53074.55,843,1
CUST06999,35,Female,Germany,East,1,79512.41,1,1,1,165227.57,0,0.0,699,0
CUST03295,39,Male,France,Central,5,185634.61,1,1,0,154940.88,1,36990.13,339,1
CUST02515,48,Female,France,Central,1,68406.87,2,1,1,41431.23,1,16152.01,362,0
CUST08031,59,Female,France,East,8,10438.81,2,1,1,18508.87,1,19931.6,699,0
CUST01289,40,Male,Germany,South,4,7811.81,1,1,0,14464.54,0,0.0,439,0
CUST01427,32,Male,France,Central,5,30822.61,1,1,0,50488.41,0,0.0,458,0
CUST05951,40,Female,France,East,1,46272.88,1,1,0,9080.0,1,42577.21,489,0
CUST01473,24,Male,France,West,3,0.0,1,0,1,149668.43,1,51867.46,357,1
CUST07145,69,Male,France,South,10,159755.74,1,0,1,148049.79,1,65265.56,547,0
CUST01765,34,Male,Spain,Central,3,36771.87,1,1,0,,1,9830.61,580,0
CUST02545,18,Male,France,East,10,250000.0,1,1,1,59184.88,1,17978.15,492,0
CUST06873,33,Male,France,Central,3,34259.5,1,1,1,58495.01,1,84144.6,437,0
CUST05620,31,Female,Germany,Central,9,153926.62,3,1,1,63230.96,0,0.0,402,0
CUST04745,71,Male,France,East,4,5167.87,2,0,1,37546.55,0,0.0,661,0
CUST00079,21,Male,Spain,Central,8,9144.76,3,0,1,155357.25,1,32846.37,783,0
CUST00689,42,Male,France,South,9,0.0,1,0,1,177333.3,0,0.0,447,0
CUST03188,57,Male,France,North,6,0.0,1,1,1,102423.68,0,0.0,479,0
CUST05084,58,Male,France,East,6,21646.59,2,1,0,147533.7,0,0.0,518,0
CUST02985,27,Female,France,South,5,89487.94,1,0,1,144095.28,0,0.0,672,0
CUST09909,19,Female,Germany,Central,5,89713.82,1,1,0,52705.96,1,61352.63,464,0
CUST09766,24,Female,Germany,North,2,23871.36,3,1,0,59750.39,0,0.0,708,0
CUST01004,60,Female,France,North,5,18178.53,1,1,1,154868.81,1,58729.82,607,0
CUST05875,60,Male,France,West,10,21955.11,3,0,1,112595.19,1,17806.43,363,0
CUST06913,28,Male,Germany,East,2,32421.37,1,0,0,28237.62,0,0.0,502,0
CUST07834,20,Female,France,Central,0,29895.91,3,1,0,32911.51,1,89702.19,638,0
CUST03004,42,Male,France,East,10,220454.75,2,0,1,56157.51,0,0.0,767,0
CUST07744,29,Female,Spain,Central,6,190712.11,2,1,0,125603.74,0,0.0,753,0
CUST08790,33,Male,France,West,10,65326.95,2,1,0,48058.93,1,92278.38,688,0
CUST06040,66,Female,France,East,5,85671.66,1,1,1,30205.26,1,22801.76,738,0
CUST07294,42,Female,Germany,West,7,0.0,3,0,0,2962.91,0,0.0,324,1
CUST09395,74,Female,France,Central,10,0.0,1,1,1,135924.55,0,0.0,814,0
CUST08167,31,Male,France,North,0,9416.64,2,0,1,53341.23,1,10180.46,718,0
CUST03459,71,Female,Spain,East,8,105278.4,1,1,1,59953.4,1,57739.85,663,0
CUST08767,70,Male,Spain,East,3,190244.03,2,1,1,97208.02,1,54774.23,485,0
CUST04109,62,Female,France,South,6,0.0,2,1,0,141479.43,1,27687.0,519,1
CUST03693,40,Male,France,Central,2,0.0,2,0,1,72035.12,0,0.0,515,0
CUST04507,28,Male,France,West,4,250000.0,1,1,1,197421.15,1,49191.38,451,0
CUST00545,62,Male,Germany,North,8,0.0,2,0,0,181817.55,1,42857.9,519,1
CUST00529,54,Male,France,South,10,0.0,1,1,0,72681.82,0,0.0,602,0
CUST04456,27,Female,Spain,East,8,178305.62,1,1,1,10166.98,1,75579.62,797,0
CUST06640,40,Female,Spain,West,9,27043.27,1,1,0,81425.67,0,0.0,403,0
CUST04031,55,Male,France,North,2,64159.38,3,1,0,114811.59,1,64905.83,505,0
CUST06542,68,Female,Germany,Central,8,,2,1,1,148682.51,0,0.0,549,0
CUST07050,31,Female,Germany,South,7,2861.32,2,1,1,193814.21,0,0.0,589,0
CUST08100,52,Male,Germany,North,2,70935.08,3,1,0,57403.46,1,32389.95,768,0
CUST06316,29,Female,Spain,East,2,31008.73,2,1,0,43588.04,0,0.0,,0
CUST08459,68,Female,Spain,South,9,0.0,1,1,0,170548.85,0,0.0,541,0
CUST06367,21,Male,Germany,East,9,27038.17,1,1,0,113358.69,0,0.0,507,0
CUST01668,57,Male,France,East,4,77161.68,1,1,0,66216.85,1,33500.74,491,0
CUST01624,34,Female,France,North,3,0.0,2,1,1,54170.54,0,0.0,450,0
CUST07438,25,Female,Spain,West,7,0.0,2,1,0,10500.46,1,24464.84,833,0
CUST04600,58,Male,Spain,North,2,98538.71,2,1,0,150391.68,0,0.0,529,0
CUST09304,33,Female,Germany,West,8,43580.4,1,1,1,141273.66,1,95950.25,381,0
CUST09379,44,Female,Spain,South,6,59150.66,3,1,1,41330.8,1,44199.54,514,0
CUST09270,52,Male,France,South,1,10688.54,1,0,1,128436.65,0,0.0,599,0
CUST02468,64,Female,France,West,3,78045.75,2,0,0,174588.8,1,34444.49,300,0
CUST00354,46,Female,Spain,West,4,26954.47,2,1,0,4477.24,1,6157.23,422,0
CUST05690,20,Female,France,West,10,98281.43,1,1,0,63818.39,0,0.0,647,0
CUST05510,42,Male,France,Central,2,2468.1,1,1,1,174127.73,1,8924.56,702,1
CUST07040,53,Female,Spain,West,8,89663.09,2,0,1,196302.54,1,22182.7,780,0
CUST03826,39,Male,Spain,Central,8,63047.79,3,0,0,189510.53,0,0.0,829,0
CUST01271,36,Male,Germany,East,10,72874.35,2,1,0,110686.69,0,0.0,424,0
CUST08635,50,Female,France,East,6,81830.69,1,1,0,86043.93,1,27169.31,692,0
CUST07683,24,Male,France,West,3,3684.64,1,1,0,53013.53,1,11695.26,323,0
CUST04667,61,Female,Spain,South,8,0.0,2,1,1,77600.45,1,24695.77,651,0
CUST04127,35,Male,France,North,0,0.0,1,1,0,126423.66,0,0.0,742,0
CUST00425,69,Female,Germany,East,1,119383.97,1,1,0,191117.24,1,60859.42,637,0
CUST09299,51,Female,Spain,North,0,15787.31,3,1,1,99043.76,1,48229.85,514,1
CUST06432,44,Female,Germany,West,1,74771.29,1,1,1,21742.08,0,0.0,460,0
CUST08152,22,Male,France,South,4,9365.24,2,1,1,153305.94,0,0.0,422,0
CUST02789,54,Female,France,South,7,0.0,1,0,0,108682.56,1,32624.21,626,1
CUST03622,56,Male,Spain,West,0,0.0,2,0,1,3656.83,1,72273.29,801,0
CUST09648,49,Female,France,East,4,78894.1,2,0,1,98649.17,1,79775.86,699,1
CUST09559,44,Female,France,East,9,0.0,1,1,1,103907.48,1,83330.56,545,0
CUST06961,65,Female,France,South,9,0.0,1,1,0,131996.1,0,0.0,828,1
CUST05232,18,Male,Spain,East,2,0.0,2,1,0,199714.86,0,0.0,806,0
CUST03814,38,Male,Spain,West,0,31925.4,1,1,1,61829.45,0,0.0,,0
CUST08829,19,Female,Spain,West,4,61705.27,1,0,0,133123.43,1,92671.29,594,0
CUST00403,21,Male,France,West,4,32636.36,2,1,0,191647.68,1,54105.81,355,1
CUST09083,70,Female,France,Central,6,13108.72,2,1,1,2405.94,1,19172.45,339,1
CUST00317,74,Male,Germany,South,6,0.0,1,0,0,178494.96,1,61125.04,313,0
CUST00106,62,Male,Spain,East,7,168182.15,1,1,1,134674.84,1,66868.34,733,0
CUST06624,32,Male,Germany,North,2,141319.59,1,1,0,41483.4,0,0.0,367,0
CUST05969,30,Female,Spain,East,5,0.0,1,1,1,192157.4,0,0.0,321,0
CUST00527,72,Male,Germany,Central,3,0.0,3,1,1,141008.16,0,0.0,578,1
CUST09386,56,Male,Germany,North,1,99618.97,3,1,0,152225.45,0,0.0,819,1
CUST06521,38,Female,France,North,7,0.0,3,0,1,124882.22,0,0.0,426,1
CUST07916,61,Female,Spain,East,6,0.0,2,1,1,72742.3,0,0.0,434,0
CUST03475,26,Male,Germany,South,6,23312.11,1,1,1,173891.32,1,82659.27,342,0
CUST05009,60,Male,France,South,4,7615.29,1,1,0,82255.1,1,59142.32,523,1
CUST09612,22,Male,France,South,1,19071.61,1,1,0,114918.82,0,0.0,575,0
CUST09971,38,Male,France,West,7,,1,1,0,189700.81,0,0.0,502,1
CUST08075,69,Male,Spain,West,5,0.0,1,1,0,151175.29,0,0.0,315,0
CUST09229,57,Female,France,East,2,0.0,1,1,1,14482.8,1,67147.62,769,0
CUST01432,26,Female,France,Central,3,40684.12,1,0,1,96883.51,1,59574.78,377,0
CUST04244,35,Female,France,North,3,70656.54,1,1,0,163099.3,1,69333.28,706,0
CUST08984,39,Female,Spain,North,4,0.0,2,0,0,174008.3,1,47136.84,584,0
CUST04278,44,Male,France,North,2,250000.0,2,0,1,144959.06,0,0.0,825,1
CUST05137,53,Male,France,South,7,117450.93,1,1,0,151817.95,0,0.0,760,1
CUST08206,34,Male,France,East,10,112259.46,1,1,1,28405.24,0,0.0,489,0
CUST02335,49,Male,Spain,North,6,130139.92,2,0,0,55054.17,0,0.0,825,0
CUST02859,61,Male,France,East,7,250000.0,1,1,1,39175.55,1,32999.77,834,0
CUST09482,59,Male,Germany,West,1,0.0,2,0,0,78657.92,1,49651.38,756,0
CUST05695,46,Female,France,East,5,0.0,1,0,1,69986.27,0,0.0,533,0
CUST02029,44,Female,Germany,East,5,92907.89,1,1,1,69393.79,0,0.0,345,0
CUST06012,24,Male,France,North,6,126416.57,1,0,1,197088.66,0,0.0,776,0
CUST06630,43,Female,Germany,West,0,0.0,1,0,1,15406.02,0,0.0,392,0
CUST01190,25,Male,Germany,South,2,0.0,2,1,0,148072.92,1,29350.22,361,0
CUST04792,70,Male,Germany,North,1,119781.18,2,1,1,197776.5,0,0.0,328,0
CUST06352,49,Male,Germany,East,2,0.0,3,1,1,123098.13,0,0.0,376,1
CUST05936,47,Male,Germany,North,1,250000.0,1,0,1,91624.41,0,0.0,795,0
CUST05131,18,Male,France,West,10,34890.49,1,1,0,6831.73,0,0.0,450,1
CUST01081,41,Male,Spain,South,4,105363.43,2,1,0,198537.23,0,0.0,573,1
CUST08445,66,Female,Germany,East,1,0.0,3,0,1,86023.42,0,0.0,839,1
CUST02404,59,Female,France,South,7,51628.36,1,1,1,120644.18,1,50878.13,511,0
CUST00859,37,Male,Spain,West,1,35689.82,3,0,0,108334.94,0,0.0,345,1
CUST08115,71,Female,France,East,9,0.0,1,1,0,12228.92,1,89943.46,628,0
CUST00181,60,Male,France,South,10,69969.43,2,0,0,143580.14,0,0.0,605,0
CUST02449,46,Male,France,East,8,42633.42,1,1,1,199838.53,1,45646.28,307,0
CUST00970,51,Female,France,East,0,124173.83,2,0,1,177680.6,0,0.0,559,0
CUST03360,65,Male,Spain,East,2,29741.02,2,0,1,191304.44,1,94566.94,669,0
CUST00053,21,Female,Germany,Central,1,4101.0,2,0,1,103976.06,1,84746.45,335,0
CUST00216,56,Female,France,Central,7,53727.92,2,1,1,93399.71,1,27402.23,317,0
CUST07985,42,Female,Germany,Central,0,80967.0,2,1,0,87505.54,0,0.0,550,1
CUST07848,71,Male,Spain,East,9,66948.38,1,1,1,15665.48,1,65438.6,676,1
CUST07838,33,Male,Germany,South,9,250000.0,2,1,1,82420.5,1,47759.8,847,0
CUST08993,41,Male,France,North,3,135978.16,2,1,1,153359.78,0,0.0,740,0
CUST06270,43,Male,France,South,2,0.0,2,0,1,13091.88,1,38106.5,307,1
CUST02762,21,Male,France,East,9,84629.02,1,1,1,69938.55,0,0.0,821,0
CUST09325,29,Female,Germany,South,10,146752.54,1,1,0,139783.36,0,0.0,534,0
CUST01955,73,Female,France,South,6,2526.12,2,0,0,28573.73,1,61149.13,369,1
CUST07232,44,Male,Spain,West,3,130930.22,1,1,0,180293.0,1,11711.98,504,0
CUST06879,67,Male,Germany,East,0,0.0,2,0,1,151109.07,0,0.0,641,0
CUST05456,58,Male,France,Central,9,44131.35,2,1,0,181084.24,1,92796.89,323,0
CUST05280,36,Male,France,South,4,0.0,1,1,0,98345.05,1,26570.4,681,0
CUST06541,38,Female,France,Central,8,52528.62,2,1,1,192341.4,0,0.0,510,0
CUST00051,56,Female,Spain,Central,10,0.0,1,1,1,39689.44,0,0.0,625,1
CUST04833,57,Female,Germany,Central,1,0.0,3,1,0,73233.85,0,0.0,735,1
CUST02086,49,Female,France,West,10,23450.83,1,1,0,167910.45,1,46733.77,459,0
CUST09497,24,Female,Spain,West,0,0.0,1,1,1,46340.92,0,0.0,626,0
CUST06835,23,Female,Spain,West,4,192265.86,2,1,0,75034.83,0,0.0,731,0
CUST02372,68,Male,France,West,3,0.0,2,0,1,39532.09,1,71236.53,671,0
CUST04117,63,Female,Spain,West,8,64177.56,1,1,1,105259.08,0,0.0,333,0
CUST09017,63,Female,France,Central,6,25351.0,2,1,0,137358.12,0,0.0,345,0
CUST06518,49,Male,France,West,3,0.0,1,1,0,49271.7,1,37521.65,691,0
CUST03005,30,Female,France,East,8,0.0,2,0,1,180021.27,1,37802.93,408,0
CUST06195,65,Female,France,East,9,122404.08,4,1,1,154532.13,0,0.0,432,1
CUST09103,45,Male,France,North,2,194732.83,1,1,1,11832.85,0,0.0,717,0
CUST01454,68,Female,France,South,6,0.0,1,1,1,145558.6,0,0.0,318,0
CUST09881,48,Male,France,North,0,11237.66,2,1,1,142908.58,1,13285.7,675,0
CUST08555,27,Male,Spain,East,6,0.0,3,1,1,184000.49,1,11789.26,669,0
CUST08451,43,Male,France,South,8,0.0,2,1,1,188482.07,0,0.0,372,0
CUST08715,66,Male,France,West,7,0.0,1,1,1,122012.16,1,55830.13,631,0
CUST07422,62,Male,Spain,Central,3,214049.86,1,1,1,60649.13,0,0.0,593,0
CUST05278,35,Female,Spain,West,9,38729.32,3,0,0,128726.34,0,0.0,789,0
CUST06755,33,Female,France,South,1,32301.31,1,1,1,28287.22,0,0.0,481,0
CUST09857,32,Male,France,East,7,51964.06,1,1,1,36528.44,1,6310.86,411,0
CUST02721,48,Female,France,Central,7,189626.31,1,1,1,51506.42,1,60602.18,792,0
CUST03399,71,Female,Spain,North,7,734.21,2,1,1,172178.24,0,0.0,769,0
CUST03945,21,Male,France,North,5,37736.45,1,0,1,127830.14,0,0.0,674,0
CUST00185,49,Female,Germany,East,0,3159.82,1,0,0,178150.7,0,0.0,789,0
CUST08477,52,Male,France,Central,10,30110.47,1,0,0,122779.85,1,19390.65,708,1
CUST06698,70,Female,France,Central,10,250000.0,1,1,0,76995.98,1,5924.34,390,1
CUST01079,40,Female,France,North,3,54363.91,1,1,1,195399.37,1,77139.67,709,1
CUST03041,28,Male,Germany,North,2,0.0,1,1,0,174212.84,1,75957.12,336,0
CUST03844,64,Male,Spain,Central,4,14858.79,2,0,1,116360.21,0,0.0,468,0
CUST03617,41,Female,France,East,4,27794.84,1,0,0,102772.36,1,60466.81,736,0
CUST04260,73,Male,Spain,South,4,94087.53,1,1,1,101310.73,1,25711.05,783,0
CUST01992,65,Female,France,North,0,10607.37,1,1,0,146480.8,0,0.0,523,0
CUST07468,36,Female,Germany,Central,5,0.0,1,1,1,61987.95,0,0.0,652,0
CUST09610,29,Female,France,South,0,7306.81,1,0,0,179738.38,1,75283.63,574,0
CUST05615,45,Female,Spain,North,0,0.0,2,0,1,77928.02,0,0.0,592,1
CUST09185,71,Female,Germany,North,8,50289.78,2,1,0,81330.68,1,75517.21,738,0
CUST01871,47,Female,France,South,10,0.0,1,1,1,145637.64,0,0.0,464,0
CUST00068,52,Female,France,North,6,248743.71,1,1,0,156845.36,1,42447.49,360,0
CUST03559,73,Female,France,West,4,13239.15,2,0,0,127824.91,1,98088.42,317,0
CUST01071,69,Male,Spain,South,4,33450.27,1,1,0,121226.19,0,0.0,503,1
CUST01823,57,Female,Spain,East,3,134397.72,2,1,1,155356.12,1,58547.3,511,0
CUST02712,42,Male,France,East,1,25732.79,1,1,1,88439.07,1,89807.23,682,0
CUST08957,25,Female,Germany,South,1,35532.05,3,0,0,128774.2,0,0.0,517,1
CUST09064,50,Female,Germany,Central,10,0.0,2,0,0,72535.62,1,55117.73,669,0
CUST04441,22,Male,Spain,North,5,157448.61,1,1,1,38756.45,1,95404.91,846,0
CUST07501,33,Male,Germany,Central,2,194835.48,1,1,1,403.41,0,0.0,450,0
CUST07649,36,Male,Spain,North,3,22429.11,3,1,1,142788.08,0,0.0,464,1
CUST03996,58,Female,France,North,3,2778.08,2,1,1,57965.99,0,0.0,347,0
CUST00322,65,Male,Germany,West,3,183101.02,2,1,0,179105.76,0,0.0,538,0
CUST00864,30,Female,Germany,Central,9,0.0,2,1,0,5848.43,1,41691.03,611,1
CUST01647,38,Female,France,West,6,0.0,2,1,0,123719.79,0,0.0,522,1
CUST04294,54,Female,Germany,North,5,24898.15,3,1,0,109906.3,0,0.0,341,0
CUST00212,69,Female,Spain,North,1,82425.94,2,1,0,199901.01,1,9381.03,555,0
CUST08364,37,Male,France,West,1,99574.45,1,1,1,60748.56,1,84144.88,552,0
CUST09265,43,Male,France,North,5,0.0,2,1,1,12953.03,1,58496.47,730,0
CUST05702,69,Female,France,East,0,0.0,1,1,1,39840.49,1,92125.07,440,1
CUST06918,21,Female,Germany,West,1,15648.06,2,0,1,106888.78,1,47162.37,667,0
CUST07981,34,Male,Germany,North,6,53254.8,2,1,1,37166.22,0,0.0,672,1
CUST09917,71,Female,France,North,6,18620.19,1,1,1,195965.57,1,19019.66,466,0
CUST04165,37,Male,Spain,Central,7,89151.72,2,1,1,132945.26,0,0.0,707,0
CUST00207,50,Male,France,Central,5,22588.73,1,1,1,168121.61,0,0.0,641,0
CUST04404,50,Male,Germany,West,4,0.0,1,1,1,84501.99,1,25792.53,528,1
CUST00461,43,Female,Spain,South,4,30123.31,1,1,1,62598.36,0,0.0,303,0
CUST09028,74,Male,Spain,South,4,0.0,1,1,0,90142.11,1,37397.14,578,0
CUST03367,43,Female,France,Central,1,207663.59,1,0,0,178922.78,0,0.0,684,0
CUST04914,38,Male,Spain,Central,8,102474.0,2,1,1,148742.59,1,49188.24,728,0
CUST09963,50,Female,France,South,2,12630.06,2,0,1,2302.74,0,0.0,595,0
CUST09967,38,Female,France,West,9,0.0,1,1,0,158133.63,1,62693.29,829,0
CUST06292,41,Male,France,Central,5,34219.25,3,0,1,45846.96,1,7228.9,845,0
CUST02713,47,Female,France,West,10,0.0,4,1,1,130230.12,0,0.0,625,0
CUST06865,25,Female,Germany,North,7,203567.62,1,0,1,55057.48,0,0.0,399,0
CUST09403,67,Male,Spain,South,6,0.0,1,1,1,103513.05,0,0.0,442,0
CUST05110,37,Male,France,East,3,221.67,1,1,1,121968.93,0,0.0,430,1
CUST08775,71,Female,France,East,3,47838.07,3,1,1,38094.25,0,0.0,576,1
CUST06850,49,Female,France,West,9,80502.83,3,1,1,174313.07,0,0.0,554,0
CUST00895,66,Male,Germany,Central,7,58583.7,1,0,0,161074.09,0,0.0,364,1
CUST01110,39,Female,Germany,North,1,724.15,2,1,1,77916.41,0,0.0,,0
CUST01776,32,Male,Spain,Central,3,17477.36,4,1,1,149246.85,0,0.0,411,1
CUST05532,66,Male,Germany,North,0,58482.76,1,0,0,122230.29,0,0.0,346,0
CUST08449,46,Female,France,West,4,9374.05,1,0,1,148416.71,1,78782.46,312,0
CUST03286,25,Male,Spain,West,5,118743.57,1,1,1,100837.31,1,46608.31,483,0
CUST08551,24,Female,Germany,West,1,0.0,2,0,0,192380.04,0,0.0,679,0
CUST06418,37,Male,France,West,10,54297.69,1,1,0,170863.73,0,0.0,560,0
CUST07783,18,Male,Spain,South,0,42051.02,1,1,0,83259.78,1,57480.43,791,0
CUST02807,20,Female,France,East,10,0.0,2,1,1,117615.73,1,66243.4,453,0
CUST09435,38,Female,Germany,North,5,0.0,1,1,1,124229.65,1,28877.77,765,0
CUST04047,62,Female,Germany,Central,2,93972.87,1,1,1,79739.09,1,88248.59,400,0
CUST07283,39,Female,France,East,10,0.0,1,1,0,130171.99,1,29888.93,453,1
CUST07231,60,Female,Spain,Central,10,0.0,1,0,1,73909.9,0,0.0,567,0
CUST08579,24,Female,Germany,Central,2,73183.84,1,1,0,94973.62,0,0.0,788,0
CUST02946,52,Male,France,West,0,23170.2,1,1,0,89555.44,0,0.0,544,0
CUST01416,43,Male,France,Central,3,66999.2,1,1,1,39352.83,0,0.0,558,0
CUST03022,31,Male,Spain,Central,1,0.0,2,1,1,190867.15,1,17004.48,503,0
CUST07041,45,Male,France,East,4,137197.89,3,0,1,169434.61,1,37114.48,653,0
CUST07796,43,Male,France,North,0,44150.96,1,1,0,19061.19,1,75122.32,610,0
CUST02957,59,Male,France,Central,8,250000.0,1,1,0,157776.09,1,84111.09,822,1
CUST02346,58,Male,France,Central,7,18191.4,1,1,1,131602.91,0,0.0,501,0
CUST06647,19,Male,Spain,East,3,2562.43,1,1,0,1054.16,0,0.0,621,0
CUST06645,71,Female,France,East,9,0.0,2,1,1,197579.42,0,0.0,737,1
CUST06617,20,Female,France,Central,2,146647.07,3,1,0,127850.33,0,0.0,707,0
CUST07937,60,Female,Germany,West,7,36208.39,1,1,0,101051.35,0,0.0,707,1
CUST01223,40,Male,France,Central,10,0.0,3,1,1,54775.51,1,23469.35,548,0
CUST02010,30,Male,France,North,2,75957.34,2,0,0,8043.06,0,0.0,635,0
CUST06283,28,Female,Germany,East,1,56410.87,2,0,0,4061.43,0,0.0,300,1
CUST03983,49,Male,France,Central,4,56539.84,1,0,1,151185.73,0,0.0,400,0
CUST03699,68,Male,France,South,5,39883.78,2,1,1,92245.62,0,0.0,830,0
CUST09039,35,Female,Germany,Central,9,127857.01,2,1,1,30007.83,1,89078.2,628,0
CUST08411,41,Female,Germany,East,3,132200.39,2,1,0,80891.78,0,0.0,845,1
CUST01998,67,Female,France,South,4,0.0,1,0,1,171264.45,0,0.0,728,0
CUST09513,21,Female,Spain,South,6,3383.2,2,0,0,47530.27,1,65792.98,666,1
CUST08738,42,Male,Germany,Central,1,66986.17,3,0,0,42974.22,0,0.0,444,1
CUST02849,25,Female,France,South,10,234190.42,2,0,1,23633.47,1,81609.55,627,0
CUST03482,67,Male,France,Central,0,0.0,3,0,1,131171.51,1,33132.5,438,0
CUST07846,42,Female,Germany,West,10,38638.37,1,1,0,63757.92,1,91731.36,606,0
CUST07064,30,Female,Spain,East,8,42832.42,2,1,0,138028.98,1,86041.53,719,0
CUST05119,36,Male,France,South,7,47430.97,1,1,1,188929.77,1,78899.35,348,0
CUST05567,55,Male,France,South,2,1954.68,2,1,1,42737.82,0,0.0,653,0
CUST06876,27,Male,Spain,Central,3,1658.96,1,1,1,31684.11,1,21201.93,571,0
CUST06243,54,Female,Germany,South,3,50495.16,2,1,1,104827.02,0,0.0,601,0
CUST08665,42,Male,France,North,4,49572.48,1,0,0,65497.32,1,36958.1,589,0
CUST01748,36,Male,France,North,2,105889.17,2,1,1,83036.73,1,36899.36,770,0
CUST00853,44,Male,Spain,West,7,34419.04,2,1,1,151333.72,1,25545.89,466,0
CUST07467,60,Female,France,West,0,0.0,2,1,1,143089.03,0,0.0,705,0
CUST02818,21,Female,Germany,North,0,0.0,2,1,0,51300.27,0,0.0,593,0
CUST09037,38,Female,Germany,East,4,30404.34,3,0,1,106689.25,0,0.0,704,0
CUST02561,44,Female,Germany,South,8,0.0,1,1,1,122369.61,0,0.0,449,0
CUST05508,69,Male,France,Central,6,74055.7,2,0,1,88492.35,1,49447.82,667,1
CUST00661,26,Male,Spain,Central,3,108160.09,1,1,0,94075.42,1,76419.32,340,0
CUST02787,39,Female,Germany,North,9,24405.81,1,1,0,129255.88,0,0.0,367,0
CUST08277,48,Female,France,North,7,0.0,1,1,0,81419.75,0,0.0,561,0
CUST06923,49,Male,Germany,Central,7,195223.46,1,1,1,84456.93,0,0.0,695,0
CUST06572,72,Female,Spain,South,5,0.0,1,1,0,176834.49,0,0.0,519,0
CUST06424,50,Male,France,West,4,5600.57,3,1,1,70032.82,1,15518.35,711,1
CUST03809,38,Female,Germany,West,10,39546.59,1,1,1,137742.45,1,89325.5,806,0
CUST03375,70,Female,Spain,Central,4,78971.89,2,1,1,48429.41,0,0.0,650,0
CUST03161,34,Male,France,South,1,0.0,2,1,1,60385.85,0,0.0,323,0
CUST07325,49,Male,France,East,4,0.0,2,1,0,55623.9,0,0.0,429,0
CUST03647,29,Female,France,Central,10,178885.83,2,1,1,177007.86,1,33968.53,779,0
CUST04687,45,Female,France,North,0,0.0,1,0,1,41495.23,1,84257.23,798,0
CUST06489,61,Female,France,Central,3,0.0,3,1,1,94176.76,1,98879.43,790,0
CUST06231,67,Female,France,East,3,0.0,1,1,0,34874.44,0,0.0,309,1
CUST07754,37,Male,Germany,West,2,0.0,1,0,0,66079.68,0,0.0,807,0
CUST01266,47,Female,Germany,East,3,160014.94,1,1,1,147077.91,0,0.0,336,0
CUST09797,25,Male,Germany,East,3,0.0,3,0,1,165346.79,1,98730.3,304,0
CUST01900,29,Female,Germany,East,5,0.0,1,1,0,83584.86,1,55924.15,749,1
CUST00820,31,Male,France,North,2,0.0,1,1,0,182029.84,1,98217.17,459,0
CUST08619,24,Female,Spain,South,8,3098.99,1,1,0,69798.76,0,0.0,843,0
CUST06582,35,Male,Spain,South,4,58474.33,1,0,0,53927.62,1,28201.3,595,1
CUST00455,71,Female,Spain,East,7,11736.26,3,1,0,171961.48,1,21820.5,431,0
CUST05661,72,Male,France,West,9,46285.83,1,1,1,197982.22,1,37406.73,350,1
CUST05450,27,Male,Germany,North,10,0.0,1,1,0,128573.18,0,0.0,376,0
CUST05172,68,Female,France,North,4,123400.54,3,1,1,155286.99,0,0.0,734,1
CUST05371,21,Female,Spain,North,7,0.0,1,1,0,118467.35,1,84272.24,468,0
CUST00821,32,Female,France,East,8,0.0,1,1,0,154404.95,1,73870.76,566,1
CUST02005,73,Male,France,West,6,84336.52,4,1,1,170160.69,0,0.0,725,1
CUST03045,32,Female,France,East,1,50017.9,2,1,0,137758.24,1,84643.55,313,0
CUST06725,56,Male,France,South,7,35089.79,1,1,1,101962.01,1,96265.86,706,0
CUST00320,19,Female,France,East,0,0.0,2,0,0,103173.92,0,0.0,779,0
CUST07008,64,Female,Spain,Central,1,12882.4,3,1,1,160785.85,0,0.0,568,0
CUST08491,65,Male,France,Central,8,41334.67,1,1,1,162332.87,0,0.0,598,0
CUST01424,72,Male,France,North,10,128441.3,2,1,1,86649.75,0,0.0,508,1
CUST03907,63,Male,France,West,3,92573.59,2,0,1,132801.33,0,0.0,358,0
CUST02050,31,Female,Spain,West,5,3258.07,1,1,1,136718.29,1,74926.85,506,0
CUST08091,58,Female,Germany,North,1,41399.78,2,0,1,102639.98,1,94500.54,571,0
CUST02260,19,Male,Spain,Central,3,60941.68,2,1,1,86664.0,1,92661.95,837,0
CUST00490,39,Male,Spain,Central,7,0.0,1,1,1,584.74,0,0.0,428,0
CUST04426,52,Female,France,North,3,7171.39,1,0,1,88996.23,1,54648.5,690,0
CUST09710,34,Female,France,West,4,4552.13,1,1,0,152019.51,1,46403.95,544,0
CUST08591,22,Female,France,South,5,77115.59,1,1,1,86333.06,1,25428.89,784,0
CUST05360,50,Male,Spain,East,5,0.0,1,1,1,52072.8,1,79727.42,721,0
CUST03047,40,Female,Germany,South,4,0.0,2,0,0,166573.76,1,30576.0,359,0
CUST00134,25,Male,France,Central,8,0.0,2,1,0,82900.66,0,0.0,439,1
CUST09597,40,Female,Germany,West,0,14096.6,2,1,0,65620.81,1,39265.37,727,0
CUST03594,40,Female,Germany,Central,7,19582.99,1,1,0,38168.85,0,0.0,359,0
CUST01939,66,Female,France,West,10,0.0,2,1,0,72126.26,0,0.0,300,0
CUST03140,73,Male,Germany,North,6,408.79,2,0,1,99050.1,1,93128.68,570,0
CUST09772,37,Male,France,South,6,0.0,1,1,1,107797.18,0,0.0,786,0
CUST05758,18,Male,France,North,3,0.0,1,1,0,72084.54,0,0.0,444,0
CUST08363,22,Male,Spain,South,0,84567.55,1,1,1,70505.72,0,0.0,450,0
CUST02136,46,Female,France,East,1,124197.37,1,0,1,188738.49,0,0.0,504,0
CUST06992,59,Male,France,North,9,0.0,2,1,1,78518.26,0,0.0,708,1
CUST05154,22,Male,France,East,3,0.0,2,1,1,10122.65,1,31339.9,314,0
CUST05275,49,Male,France,North,8,14962.85,1,1,0,130448.08,1,22021.62,829,0
CUST03301,46,Male,Germany,South,6,122268.52,1,0,0,80102.85,0,0.0,527,0
CUST09243,74,Male,France,Central,10,43859.16,1,1,0,192976.74,1,15481.65,611,0
CUST06196,44,Female,Spain,North,9,30215.48,2,1,0,14265.1,1,76345.93,385,1
CUST05922,39,Male,France,East,1,0.0,3,0,1,192033.8,0,0.0,659,0
CUST08604,32,Female,Spain,Central,7,5687.81,2,0,0,167417.92,0,0.0,644,0
CUST06515,48,Male,France,East,8,0.0,1,1,1,161494.1,0,0.0,631,0
CUST06038,33,Male,France,Central,3,172882.28,2,1,0,85420.99,1,78134.76,368,0
CUST04552,47,Male,Spain,East,10,65894.59,2,1,1,41756.68,0,0.0,475,0
CUST05519,36,Female,France,Central,0,22193.31,3,1,0,179787.0,0,0.0,570,0
CUST06652,37,Female,France,West,2,40384.78,4,1,0,48755.7,0,0.0,649,0
CUST09338,40,Female,France,South,10,0.0,1,0,0,137077.19,0,0.0,543,0
CUST02904,61,Male,France,South,10,63488.26,1,1,1,126925.76,1,70362.45,495,0
CUST07291,33,Male,France,West,9,69488.36,3,1,0,185153.93,0,0.0,393,1
CUST08978,18,Male,Spain,Central,9,139676.53,2,1,0,91413.65,1,35957.89,707,1
CUST07179,70,Female,Spain,West,9,250000.0,2,1,1,25092.37,0,0.0,403,0
CUST05600,32,Female,France,West,1,0.0,1,1,0,133412.14,1,23789.34,813,1
CUST03408,62,Male,Germany,West,1,28887.96,1,1,1,20767.43,0,0.0,808,0
CUST03799,38,Female,Germany,North,0,0.0,1,1,0,176046.62,0,0.0,782,0
CUST07752,25,Female,Germany,West,8,40909.21,4,1,1,90626.7,1,63667.96,823,0
CUST09684,52,Male,France,West,10,0.0,2,1,0,141677.07,1,76064.15,602,0
CUST01114,34,Male,France,North,1,31410.89,4,1,0,13347.54,0,0.0,370,1
CUST09526,41,Male,Germany,Central,6,15890.45,1,0,0,16023.37,0,0.0,310,0
CUST05010,38,Male,France,North,5,0.0,2,0,0,21975.5,0,0.0,411,0
CUST04710,28,Male,France,East,4,250000.0,2,1,1,130525.47,0,0.0,403,0
CUST08015,66,Male,Germany,South,9,182821.61,1,1,1,135445.76,0,0.0,442,0
CUST06837,54,Female,Germany,West,3,52358.26,2,0,1,71572.72,1,93194.35,691,0
CUST01654,54,Female,France,East,7,31950.43,3,1,1,37649.7,1,74495.34,418,0
CUST07655,74,Female,France,South,9,43283.57,1,1,1,174650.83,0,0.0,654,0
CUST00279,33,Female,France,North,5,24705.26,2,1,0,46741.11,1,31016.63,473,0
CUST07147,19,Male,France,East,0,224956.28,1,1,0,24754.72,0,0.0,795,0
CUST08688,34,Male,France,North,2,18074.53,3,1,1,193385.49,1,70956.56,676,0
CUST02101,35,Female,Germany,Central,0,26789.07,1,1,1,164428.79,0,0.0,644,0
CUST05649,73,Female,France,North,2,0.0,1,1,1,164949.72,0,0.0,322,0
CUST02570,33,Male,France,South,8,0.0,1,1,0,68539.13,1,39203.81,805,0
CUST08860,69,Female,France,Central,6,10883.81,1,1,1,34083.24,0,0.0,686,0
CUST03355,56,Female,Germany,West,6,3967.38,1,1,0,116692.44,0,0.0,541,0
CUST07360,46,Female,Germany,South,5,34769.35,1,1,1,162534.46,0,0.0,574,0
CUST00799,23,Male,Spain,East,9,118102.66,2,0,1,198238.36,0,0.0,612,0
CUST08522,38,Female,Spain,East,6,86822.47,2,1,1,41840.22,0,0.0,648,0
CUST01420,40,Female,Germany,East,1,57544.37,2,1,1,124109.41,0,0.0,359,0
CUST04151,19,Male,France,South,7,61403.92,1,1,1,133641.14,1,96474.48,745,0
CUST03539,45,Female,Spain,Central,6,35312.3,1,0,0,171571.71,1,47414.38,395,0
CUST00287,53,Male,France,West,7,167681.08,4,1,1,181859.22,1,31186.36,316,0
CUST05683,22,Female,France,South,6,4800.01,1,1,0,115122.18,1,84236.2,582,0
CUST04066,50,Female,Spain,South,1,0.0,1,1,0,157887.4,0,0.0,463,1
CUST09521,36,Female,France,West,3,0.0,1,1,1,83585.41,1,88258.74,466,0
CUST00472,18,Female,Spain,West,2,29864.85,2,1,1,40556.69,0,0.0,837,0
CUST09517,22,Male,Spain,East,9,44783.45,1,0,0,174289.94,0,0.0,806,0
CUST06749,32,Female,France,North,0,0.0,1,0,0,180680.27,0,0.0,673,0
CUST05644,22,Female,France,West,9,0.0,3,1,1,69970.83,0,0.0,725,1
CUST07233,58,Male,Germany,South,3,0.0,1,1,1,141751.28,1,52406.74,318,0
CUST00653,73,Female,Germany,West,9,0.0,3,1,1,157659.29,1,69090.71,542,0
CUST07966,74,Male,Germany,East,7,187142.15,2,0,1,36223.59,0,0.0,751,1
CUST03009,38,Female,France,East,2,47638.56,3,0,1,57707.98,0,0.0,822,0
CUST04104,70,Male,France,East,2,19591.55,4,1,0,47156.2,0,0.0,419,0
CUST03243,48,Female,Spain,South,3,40572.45,1,1,1,43075.45,0,0.0,784,0
CUST03897,57,Male,Spain,South,10,23574.89,1,1,1,139511.68,1,94985.2,340,0
CUST05807,73,Female,Germany,East,7,,1,1,1,169617.19,0,0.0,691,0
CUST08506,36,Male,France,West,8,27421.39,4,0,1,172588.45,1,93104.36,428,0
CUST07561,42,Female,France,South,1,0.0,3,1,1,169812.31,0,0.0,452,0
CUST00836,25,Female,France,East,10,0.0,1,1,1,61778.24,1,96893.3,754,0
CUST05952,35,Female,Germany,North,1,85777.8,2,1,0,157000.17,1,48948.38,707,1
CUST04108,50,Male,France,East,1,0.0,2,0,0,110154.76,0,0.0,306,0
CUST07867,52,Female,Germany,East,3,23192.22,2,0,1,172944.98,0,0.0,519,0
CUST01927,74,Male,France,Central,10,0.0,2,0,0,181855.7,0,0.0,616,0
CUST02212,71,Male,Spain,West,2,0.0,2,1,1,17128.76,0,0.0,366,0
CUST02348,45,Male,France,North,5,0.0,1,1,1,175202.78,0,0.0,649,0
CUST00064,24,Male,France,South,3,14089.3,1,0,0,128837.42,0,0.0,835,1
CUST00495,32,Male,Germany,South,1,,1,0,0,29023.39,0,0.0,617,0
CUST06973,31,Male,Spain,West,2,0.0,1,1,1,89731.28,1,33599.21,539,0
CUST05354,74,Female,Spain,North,4,0.0,1,1,0,17250.26,0,0.0,634,0
CUST01978,42,Female,Germany,South,6,23465.6,1,0,1,196480.42,0,0.0,678,0
CUST05960,20,Female,Spain,Central,1,2192.96,2,1,1,64919.76,1,91310.17,422,0
CUST03509,53,Male,Germany,Central,2,0.0,2,0,1,70347.68,0,0.0,675,0
CUST03338,25,Female,France,North,9,0.0,3,1,0,,0,0.0,842,0
CUST03602,38,Male,Germany,West,0,124583.29,1,1,0,20980.36,1,85725.64,776,0
CUST06308,51,Male,France,West,3,0.0,1,1,1,90535.94,0,0.0,482,0
CUST09623,47,Male,France,South,0,6986.85,1,1,0,12740.35,0,0.0,827,0
CUST07709,72,Male,France,North,10,0.0,2,1,1,27238.4,1,16088.84,822,0
CUST06730,51,Male,France,Central,7,0.0,1,0,1,17328.52,0,0.0,711,0
CUST07871,63,Male,France,West,8,9894.26,2,1,0,20358.4,1,98635.29,693,0
CUST01696,53,Male,France,East,3,0.0,1,1,1,178415.61,1,54589.15,517,1
CUST06522,57,Female,Germany,South,3,58684.6,1,0,1,92456.18,1,94777.09,765,0
CUST09077,71,Female,Germany,North,2,127554.71,1,1,1,189725.68,0,0.0,669,1
CUST09023,43,Male,Spain,South,1,0.0,1,1,1,8095.24,1,66887.88,801,0
CUST07184,41,Male,Germany,North,10,65698.45,3,1,1,36547.66,1,88599.87,457,0
CUST04852,73,Male,Germany,East,3,56726.4,1,0,0,81828.09,1,20410.1,646,0
CUST09877,44,Female,Spain,Central,10,69015.65,2,1,0,74279.37,0,0.0,391,0
CUST09115,29,Female,Spain,North,7,115164.85,1,1,0,119313.2,1,95057.84,818,0
CUST03763,47,Male,France,East,3,0.0,1,1,1,29094.81,1,5004.98,504,1
CUST00195,23,Female,France,Central,10,,3,1,0,94185.63,1,63658.94,444,0
CUST02173,32,Male,Germany,South,4,0.0,2,1,0,199875.62,1,27909.66,463,0
CUST02636,31,Female,France,East,0,250000.0,2,0,1,93836.18,0,0.0,537,0
CUST03313,68,Male,France,South,8,0.0,1,0,0,72554.26,1,68396.42,581,1
CUST08785,56,Male,France,South,10,103984.91,1,0,0,111228.27,0,0.0,514,0
CUST03964,63,Female,Germany,East,4,6861.07,1,1,0,159323.26,0,0.0,587,1
CUST09787,63,Female,Spain,East,10,82321.53,3,1,0,175592.98,1,9889.87,708,0
CUST03463,23,Female,Germany,South,3,98671.7,1,1,0,145311.09,0,0.0,692,0
CUST02520,40,Male,Germany,South,10,1961.93,1,1,0,175832.02,0,0.0,798,0
CUST01533,45,Female,France,West,2,172777.28,1,1,1,188796.6,0,0.0,510,0
CUST06110,72,Male,Spain,West,3,40207.29,1,1,0,72363.77,1,87958.04,357,0
CUST06141,31,Male,France,East,5,80704.2,3,0,1,31140.01,1,12867.13,717,1
CUST01051,62,Male,France,West,9,39953.86,2,1,1,110744.6,0,0.0,466,0
CUST03855,42,Male,Germany,North,9,7061.55,2,1,0,116432.53,0,0.0,,1
CUST03627,23,Female,France,West,3,161202.02,3,0,0,109863.71,0,0.0,755,0
CUST05930,25,Male,Spain,North,9,45555.9,2,1,0,155680.34,1,49970.65,646,0
CUST03151,38,Male,France,North,8,78686.35,1,1,1,159357.78,1,50451.04,486,0
CUST06297,34,Male,Germany,East,7,46398.19,1,1,1,104952.53,0,0.0,391,0
CUST02870,61,Male,France,North,0,0.0,2,1,0,116798.77,0,0.0,756,0
CUST09496,71,Male,Spain,West,0,144648.22,1,1,1,151201.51,0,0.0,778,0
CUST06165,66,Female,Germany,East,8,28052.11,2,1,1,136216.34,1,43258.79,326,0
CUST02243,34,Female,Germany,South,6,250000.0,1,0,1,57874.15,0,0.0,608,0
CUST04049,52,Male,France,West,2,29572.96,1,1,0,199093.54,1,80758.0,715,1
CUST09574,55,Male,France,Central,1,88666.56,2,1,0,163026.37,1,19676.1,475,0
CUST08509,51,Male,France,West,1,0.0,1,1,1,163086.99,0,0.0,352,1
CUST08092,25,Male,France,South,7,57866.96,1,0,0,54304.46,0,0.0,639,1
CUST00024,47,Male,Spain,South,10,,4,0,0,13577.69,0,0.0,624,0
CUST05872,69,Female,Germany,North,2,61145.6,1,0,1,195952.26,0,0.0,369,0
CUST00517,33,Female,France,East,3,33439.16,2,0,0,184681.62,0,0.0,303,1
CUST06813,61,Female,France,West,3,0.0,3,1,1,90198.28,1,82499.78,395,0
CUST04173,33,Female,France,East,9,166661.8,2,1,0,130051.95,0,0.0,697,0
CUST01934,22,Female,France,North,4,5098.66,1,1,1,87320.59,0,0.0,716,0
CUST09020,59,Male,Germany,South,8,46852.38,1,1,0,66971.91,0,0.0,309,0
CUST05165,57,Female,Spain,West,1,101691.95,1,1,1,110802.07,0,0.0,453,0
CUST03916,24,Female,Spain,Central,6,0.0,3,1,0,38237.56,0,0.0,802,0
CUST02444,20,Female,France,West,9,0.0,2,1,1,176264.04,0,0.0,576,0
CUST07642,62,Male,France,East,8,2035.09,1,1,0,74984.35,0,0.0,464,0
CUST05564,63,Female,France,South,5,0.0,2,1,1,90020.7,0,0.0,778,0
CUST09843,47,Male,France,North,7,75993.14,1,1,0,133672.57,0,0.0,531,0
CUST09488,19,Female,Germany,West,5,0.0,1,1,1,189370.93,0,0.0,724,0
CUST09988,33,Female,France,Central,3,250000.0,1,1,0,112324.11,0,0.0,560,1
CUST01040,23,Female,Germany,South,8,50660.1,2,0,1,42485.39,0,0.0,828,0
CUST08215,28,Male,France,North,4,32270.32,2,1,1,99214.93,1,76066.78,471,0
CUST02907,47,Male,France,South,5,0.0,3,1,0,,0,0.0,542,1
CUST00146,39,Male,France,East,0,889.01,2,0,1,152130.75,0,0.0,388,0
CUST04149,58,Female,Spain,West,3,24272.84,1,1,1,128304.26,0,0.0,443,0
CUST06903,49,Female,France,North,0,76109.86,1,0,1,115459.87,1,61168.5,320,0
CUST08726,26,Female,Spain,Central,2,0.0,2,1,1,97976.79,0,0.0,521,0
CUST06312,42,Male,France,West,0,30493.0,1,1,1,189151.64,1,55272.6,690,0
CUST01181,66,Female,Spain,South,10,43897.86,1,0,0,86803.64,0,0.0,544,0
CUST05860,37,Male,France,North,9,74081.91,2,1,0,161927.77,1,54012.48,656,0
CUST07762,40,Male,Germany,East,9,8061.8,2,1,1,168881.52,0,0.0,488,0
CUST06410,56,Female,Spain,East,0,5472.88,1,1,1,36663.86,0,0.0,823,0
CUST02553,35,Male,France,South,5,101483.31,1,0,0,44036.55,1,36343.95,768,0
CUST06633,40,Male,Germany,East,8,0.0,1,1,1,185536.46,1,24065.57,302,0
CUST08995,27,Female,France,North,3,60076.07,1,1,1,185893.05,0,0.0,623,0
CUST05376,24,Male,France,Central,0,58913.74,1,1,0,152617.98,1,78511.71,705,0
CUST06634,48,Female,Germany,North,9,0.0,1,0,1,118631.4,0,0.0,313,0
CUST09974,25,Female,France,Central,8,49082.3,1,1,0,192438.02,0,0.0,457,0
CUST07156,70,Male,France,South,3,31098.78,1,1,1,194158.86,0,0.0,584,0
CUST00507,23,Female,France,West,0,193567.71,1,0,1,63177.48,1,83897.74,,0
CUST08991,67,Female,Germany,South,2,0.0,1,0,0,86224.82,1,56745.88,539,0
CUST06088,51,Male,France,South,9,85316.4,2,1,1,92671.93,0,0.0,463,0
CUST07647,41,Female,France,North,5,5055.67,2,0,0,72313.98,1,94618.52,400,0
CUST08108,54,Male,Germany,Central,2,123328.09,1,1,0,186189.88,0,0.0,497,1
CUST08806,21,Male,Germany,South,6,88570.03,1,0,1,138979.18,0,0.0,539,0
CUST00525,36,Female,France,Central,1,0.0,1,1,0,64649.18,0,0.0,787,0
CUST07688,54,Female,Spain,East,0,,1,1,0,76007.48,1,31224.6,663,0
CUST05258,37,Male,France,West,3,31781.97,2,1,1,154416.43,0,0.0,765,0
CUST02494,23,Female,Spain,South,4,26708.44,3,1,0,148474.54,0,0.0,514,1
CUST09599,37,Female,France,East,4,0.0,2,0,0,105570.47,1,67630.7,817,0
CUST09795,66,Male,Spain,North,1,40056.36,2,1,1,15142.66,0,0.0,713,0
CUST01694,57,Male,France,West,0,0.0,1,0,0,198251.77,1,40044.11,578,0
CUST07462,59,Male,France,West,10,86037.88,2,0,0,113704.59,0,0.0,468,0
CUST06262,56,Female,Germany,North,2,0.0,2,0,1,79355.83,0,0.0,460,0
CUST00669,66,Male,France,West,9,0.0,3,1,0,126622.29,0,0.0,531,0
CUST05170,37,Male,France,East,1,0.0,2,1,1,102680.57,0,0.0,768,0
CUST04369,70,Female,Spain,North,10,78920.62,1,1,0,12560.4,0,0.0,748,0
CUST03525,61,Male,France,Central,6,0.0,2,1,1,95469.99,0,0.0,778,0
CUST09763,48,Male,Spain,East,10,42400.4,1,1,0,57647.43,0,0.0,558,0
CUST02719,56,Female,Germany,Central,4,7613.79,1,1,1,17411.25,1,46762.93,301,0
CUST03031,40,Male,Germany,West,8,143308.57,1,1,1,134433.8,1,11806.49,581,0
CUST08979,43,Female,Germany,West,5,36529.76,1,1,0,172106.5,0,0.0,303,0
CUST05357,22,Female,France,Central,6,0.0,2,1,0,157788.09,1,14953.74,522,0
CUST06892,63,Male,Spain,West,6,64971.44,1,0,0,71553.72,0,0.0,798,0
CUST07684,60,Female,Spain,West,9,0.0,1,1,1,136431.68,1,35660.92,761,1
CUST09955,55,Male,France,East,6,0.0,2,1,0,30921.3,1,38457.75,431,1
CUST01257,18,Male,Spain,South,1,1028.84,1,1,0,73258.47,0,0.0,337,0
CUST08169,36,Male,France,East,0,165229.22,4,0,0,125796.5,1,89454.16,642,0
CUST04449,49,Female,France,North,6,0.0,2,1,1,114702.81,1,56899.54,527,0
CUST00099,62,Male,France,East,1,24929.1,2,1,1,26431.54,0,0.0,548,1
CUST04304,64,Male,Germany,East,5,0.0,1,1,0,190200.79,0,0.0,336,0
CUST09066,30,Male,Germany,Central,0,83724.83,1,0,0,45221.15,1,8353.85,620,0
CUST09809,71,Female,Germany,South,5,0.0,2,1,0,18765.95,0,0.0,732,0
CUST06257,25,Male,Germany,West,1,184181.09,2,1,0,21774.36,1,80126.58,832,1
CUST08498,42,Male,France,North,5,0.0,4,1,1,160729.05,1,35576.74,333,0
CUST09993,54,Female,France,South,6,165458.67,3,0,1,123281.52,1,33277.53,507,0
CUST06144,67,Female,France,South,10,50879.73,1,1,1,97241.71,0,0.0,527,0
CUST03877,50,Male,France,South,1,0.0,1,1,0,75225.54,0,0.0,398,0
CUST07126,59,Male,Spain,North,2,75088.78,1,0,1,,0,0.0,327,0
CUST08725,61,Female,Germany,South,3,97212.26,3,0,0,116480.58,0,0.0,818,0
CUST09033,48,Female,Germany,North,2,232104.8,2,1,1,73253.92,1,33656.57,700,0
CUST01806,69,Female,France,West,2,0.0,3,1,0,95257.08,1,6477.01,538,0
CUST05938,29,Male,France,West,6,0.0,2,1,1,107064.51,0,0.0,497,0
CUST03287,63,Female,France,South,8,134460.17,2,1,0,4344.24,0,0.0,588,0
CUST01011,40,Female,France,North,1,178204.96,1,0,1,47814.65,0,0.0,312,1
CUST04970,68,Male,France,East,3,37137.93,1,0,1,109388.4,1,67039.23,819,0
CUST07159,41,Male,Spain,South,4,58057.79,4,1,0,86435.16,0,0.0,521,0
CUST00663,52,Female,Spain,Central,1,0.0,1,1,1,103538.19,0,0.0,833,0
CUST07541,20,Female,Spain,Central,3,114371.89,1,1,1,189958.41,0,0.0,805,0
CUST06863,62,Male,France,East,2,2448.43,3,1,1,134139.27,0,0.0,732,0
CUST06116,38,Female,Spain,West,8,33396.2,2,1,1,196948.59,0,0.0,715,0
CUST01582,36,Female,France,South,2,18368.83,2,1,1,102798.98,0,0.0,535,0
CUST08842,20,Female,Spain,West,0,112480.99,2,0,1,34240.07,1,86681.4,764,1
CUST08529,33,Male,France,West,4,0.0,2,1,1,137695.92,0,0.0,672,1
CUST08562,49,Male,France,West,10,0.0,2,1,0,159203.03,1,57061.45,634,0
CUST09676,44,Male,France,South,1,57348.28,1,1,1,142804.53,0,0.0,667,0
CUST06954,40,Male,Spain,Central,6,0.0,2,1,1,28587.46,1,19721.13,842,0
CUST05249,74,Female,France,West,8,37227.37,1,0,1,51430.96,0,0.0,414,0
CUST00765,21,Female,France,North,6,45798.75,1,1,0,172397.22,1,45301.24,486,0
CUST07727,59,Female,Spain,West,2,0.0,1,1,1,85810.8,1,9805.52,704,0
CUST08220,65,Male,Spain,East,6,101152.4,1,0,1,14441.78,1,99953.68,575,1
CUST04064,60,Male,France,Central,0,51106.3,1,1,1,63795.57,1,61420.44,604,0
CUST08156,64,Male,France,North,10,250000.0,2,1,0,36605.69,0,0.0,603,0
CUST04735,71,Male,France,East,0,12514.82,1,0,0,18902.21,0,0.0,687,0
CUST08671,58,Female,Germany,Central,6,223530.27,1,1,0,104132.66,1,8215.64,800,0
CUST09884,19,Female,France,Central,3,250000.0,3,1,0,160347.4,0,0.0,348,1
CUST07419,36,Male,Germany,Central,9,0.0,1,0,0,95716.56,0,0.0,610,0
CUST00123,25,Male,France,Central,3,0.0,1,1,0,91988.89,0,0.0,586,1
CUST03224,53,Female,France,South,8,247441.83,1,0,1,50253.32,0,0.0,730,0
CUST04814,70,Male,France,West,1,241.47,2,1,0,165456.89,1,75182.05,340,0
CUST08024,36,Male,France,West,1,0.0,1,1,0,166415.76,1,14067.84,564,0
CUST00503,61,Male,France,East,10,0.0,2,1,1,158128.46,0,0.0,571,1
CUST07901,52,Male,Germany,East,8,70188.85,1,0,0,106003.11,1,16461.73,356,0
CUST07860,30,Female,France,East,0,0.0,2,1,0,63897.01,0,0.0,849,1
CUST01249,70,Male,Spain,East,1,59940.4,1,1,0,113633.17,1,71765.28,486,0
CUST06406,58,Male,France,North,4,162136.04,2,0,0,56301.82,0,0.0,839,0
CUST06979,52,Female,France,Central,3,0.0,1,1,0,72789.77,0,0.0,830,1
CUST06576,63,Female,France,North,10,40765.45,2,1,0,189969.19,1,26362.18,570,0
CUST00930,21,Female,France,South,7,47516.83,2,1,1,117259.3,0,0.0,309,0
CUST00042,72,Male,France,East,9,193029.97,2,1,0,32715.25,0,0.0,353,1
CUST08479,46,Male,Germany,West,2,0.0,3,1,1,60498.21,1,17376.52,466,0
CUST03748,63,Female,Germany,Central,4,0.0,1,1,0,118967.5,0,0.0,398,1
CUST05985,37,Female,Spain,Central,7,68756.42,3,1,0,143114.26,0,0.0,451,0
CUST05014,19,Male,Germany,West,8,0.0,2,1,0,10197.04,1,47129.14,824,0
CUST09985,27,Male,France,West,10,0.0,3,1,1,193871.17,0,0.0,780,1
CUST09577,63,Female,Spain,East,1,83433.72,1,1,1,63699.66,1,14790.65,825,0
CUST04896,67,Male,France,East,1,14743.74,1,1,0,4328.12,0,0.0,718,1
CUST07494,60,Female,Spain,South,10,86001.29,1,0,1,67504.31,0,0.0,564,0
CUST07731,56,Female,France,South,7,193019.46,2,1,1,110168.14,1,28613.6,334,0
CUST02495,54,Male,France,East,5,0.0,1,1,1,156822.29,0,0.0,486,0
CUST02650,46,Female,Spain,East,8,237546.98,1,1,0,146847.85,0,0.0,473,0
CUST03385,36,Female,France,West,5,0.0,2,1,0,14362.37,0,0.0,514,0
CUST05591,38,Female,Spain,North,1,198034.07,2,1,1,141145.05,0,0.0,710,0
CUST03947,45,Male,France,Central,10,5295.65,1,1,0,29675.19,0,0.0,641,0
CUST07474,59,Male,France,South,5,0.0,1,1,0,56825.25,1,59810.06,446,0
CUST02714,28,Female,France,South,9,146081.09,2,1,1,182415.11,0,0.0,744,0
CUST07999,72,Female,Germany,North,6,29321.98,1,0,0,11375.93,0,0.0,709,0
CUST03248,28,Male,France,East,3,11418.2,3,1,0,34275.27,1,28177.65,594,0
CUST03517,18,Male,Germany,West,4,0.0,2,1,1,152309.56,1,90671.92,484,0
CUST04969,61,Female,France,Central,9,0.0,1,1,0,173963.18,0,0.0,702,1
CUST05333,67,Male,Germany,South,4,186820.17,2,1,0,127657.64,1,63961.92,724,0
CUST02283,66,Male,France,South,7,76590.32,3,0,0,198476.13,0,0.0,705,0
CUST01388,60,Male,Spain,South,1,3597.93,2,0,0,,0,0.0,423,0
CUST02204,61,Female,Spain,West,9,0.0,2,1,0,1503.47,1,50145.97,653,1
CUST00089,48,Female,Germany,Central,0,0.0,2,1,0,118041.69,1,29238.51,599,0
CUST03207,27,Male,France,East,9,0.0,2,1,1,103322.78,1,29825.41,412,0
CUST08137,62,Male,Spain,South,2,0.0,2,1,0,149271.29,0,0.0,844,1
CUST06447,72,Female,France,South,7,9268.74,1,1,0,4088.31,0,0.0,669,0
CUST01964,58,Female,Spain,North,9,0.0,1,1,1,142324.47,0,0.0,811,1
CUST02436,73,Male,Germany,South,7,54804.83,1,0,1,123560.12,0,0.0,809,0
CUST00208,18,Male,France,South,8,46447.94,2,1,1,13279.73,0,0.0,548,0
CUST00745,59,Female,France,East,8,30527.4,2,1,1,157407.95,0,0.0,726,0
CUST02272,19,Female,France,Central,7,250000.0,1,1,1,46533.94,0,0.0,773,0
CUST00352,52,Male,Spain,Central,0,61082.84,1,1,0,28333.72,1,60454.58,652,0
CUST08595,33,Male,France,South,10,0.0,1,1,0,199155.19,1,49342.13,743,0
CUST02085,37,Male,France,North,4,250000.0,2,1,0,124839.54,0,0.0,841,0
CUST00863,46,Female,France,East,8,48902.68,2,1,1,172048.77,1,14259.36,717,0
CUST00768,48,Female,Spain,East,7,190881.85,3,0,1,196911.23,1,87977.65,608,0
CUST01129,64,Female,Germany,West,9,61689.6,1,1,1,67675.64,0,0.0,798,0
CUST04861,58,Female,Germany,North,1,43495.16,2,1,0,161708.1,0,0.0,386,0
CUST04203,62,Female,France,East,7,38430.96,2,1,1,40181.35,0,0.0,690,0
CUST01621,34,Female,France,West,6,0.0,1,1,1,74594.08,0,0.0,774,1
CUST09752,43,Female,France,North,6,0.0,2,1,0,59615.21,0,0.0,467,0
CUST08901,41,Male,France,South,3,40513.86,2,1,1,10946.83,1,74273.88,748,0
CUST01135,59,Male,France,South,7,44661.66,2,1,1,118304.07,1,8937.78,521,0
CUST09168,33,Male,France,South,9,15038.4,1,1,0,123004.75,0,0.0,392,0
CUST07925,58,Male,Germany,South,8,16977.98,1,1,1,50269.18,0,0.0,421,0
CUST05965,49,Male,France,North,10,65913.05,2,1,1,63789.68,1,14745.56,726,0
CUST07512,49,Female,France,West,4,34292.29,1,1,0,146174.86,1,73738.4,787,1
CUST08209,28,Male,France,North,1,7634.31,1,1,0,100209.69,0,0.0,689,0
CUST00321,18,Male,Germany,West,9,194837.29,2,0,1,80398.7,0,0.0,449,0
CUST05592,19,Male,France,East,1,0.0,1,0,1,178983.23,0,0.0,657,1
CUST01574,65,Female,France,Central,4,250000.0,3,0,1,88953.37,0,0.0,815,0
CUST09800,69,Female,France,East,5,51353.01,1,1,1,164452.19,0,0.0,346,0
CUST02777,22,Female,Germany,South,10,160839.24,1,1,0,193869.11,1,5780.36,685,0
CUST03984,18,Male,Germany,Central,6,0.0,2,0,0,7258.83,1,75441.11,491,0
CUST08275,31,Male,Germany,West,8,0.0,1,0,0,69973.72,0,0.0,408,0
CUST03376,74,Female,France,South,2,148283.5,1,1,1,140906.95,0,0.0,495,0
CUST06964,27,Female,France,South,7,0.0,2,0,1,67716.65,0,0.0,775,0
CUST03847,26,Male,France,South,1,9413.86,3,1,0,82943.07,1,79983.59,382,0
CUST00406,34,Male,Spain,West,3,80748.58,3,1,1,131921.01,1,43712.96,500,1
CUST02332,72,Male,France,East,5,17285.24,2,1,1,56344.45,0,0.0,381,0
CUST05694,26,Female,France,Central,5,58526.56,2,1,0,164258.27,0,0.0,573,0
CUST07210,45,Male,France,Central,0,71572.33,1,1,0,113234.58,0,0.0,795,1
CUST04587,30,Female,France,East,0,166170.59,3,1,1,28607.59,0,0.0,438,0
CUST03938,28,Female,France,Central,1,54292.82,2,0,1,185835.07,1,81691.38,798,0
CUST02032,22,Female,Spain,South,2,61686.43,2,1,0,199100.59,0,0.0,494,0
CUST00882,50,Female,France,North,0,43611.36,1,1,0,156760.66,0,0.0,524,0
CUST03606,50,Male,Germany,South,3,8234.13,2,0,0,27642.8,0,0.0,808,0
CUST00787,56,Male,Germany,South,10,148054.25,1,0,1,65731.04,0,0.0,464,0
CUST05867,71,Male,France,West,9,209796.27,1,1,0,115352.93,0,0.0,398,0
CUST03256,42,Male,Spain,West,7,76685.68,1,1,1,185798.25,0,0.0,708,0
CUST02472,66,Female,France,East,8,8544.12,1,0,1,157201.49,0,0.0,591,0
CUST00667,53,Female,Germany,North,2,31999.37,2,0,1,194649.71,0,0.0,469,0
CUST01488,47,Female,Spain,East,9,66424.78,4,1,0,52244.34,0,0.0,389,0
CUST07139,48,Female,Spain,East,8,0.0,1,1,0,165744.03,0,0.0,720,1
CUST03104,62,Male,Germany,North,3,2880.2,2,1,0,121379.6,0,0.0,485,0
CUST03381,48,Male,France,South,0,144352.83,1,1,1,24897.66,1,6431.4,832,1
CUST02851,20,Female,France,South,4,0.0,1,1,0,186354.84,1,35697.11,338,0
CUST03018,49,Male,Spain,East,8,211775.43,4,0,1,58419.23,0,0.0,633,0
CUST06920,58,Female,Spain,West,6,100968.5,1,1,0,190674.42,1,39603.77,433,1
CUST04363,34,Female,Spain,Central,5,16909.75,1,1,1,79046.53,0,0.0,679,0
CUST01187,19,Male,France,South,0,108802.57,2,1,1,140385.6,0,0.0,663,0
CUST07721,62,Female,France,West,10,0.0,3,1,0,195977.93,1,71328.24,590,0
CUST02723,73,Female,Spain,North,1,119288.94,1,1,0,63821.41,0,0.0,659,0
CUST05455,23,Male,France,East,9,18156.79,1,1,1,23007.18,0,0.0,437,0
CUST00437,57,Male,France,West,8,23037.44,1,0,1,128357.2,1,79356.13,486,0
CUST00260,43,Male,Spain,South,3,11836.88,3,1,0,101940.23,0,0.0,688,0
CUST04901,37,Female,Spain,West,10,37220.52,1,1,1,132412.89,0,0.0,794,0
CUST08936,19,Male,Germany,West,6,3211.12,2,1,1,194186.44,0,0.0,593,0
CUST08276,65,Male,France,West,0,0.0,1,0,1,140008.01,0,0.0,318,1
CUST00850,54,Female,Spain,North,0,0.0,1,1,1,144058.57,0,0.0,517,0
CUST05555,65,Male,Spain,Central,6,81254.02,2,1,1,110348.77,0,0.0,412,0
CUST00110,62,Female,France,North,7,80211.48,1,1,1,45485.52,0,0.0,496,0
CUST03543,45,Male,Germany,South,5,0.0,3,1,0,199085.22,0,0.0,594,0
CUST02309,39,Female,Germany,East,4,0.0,1,1,0,1953.23,1,60867.58,440,0
CUST08774,41,Male,Spain,West,0,133833.91,3,1,0,71356.97,0,0.0,405,0
CUST04432,34,Female,Spain,Central,7,13899.49,3,0,0,5180.03,0,0.0,300,1
CUST08717,48,Female,France,South,6,129654.87,1,1,1,30936.63,1,30272.65,658,0
CUST00364,50,Female,France,East,4,0.0,4,1,0,56608.41,1,59817.07,722,1
CUST06671,66,Female,France,East,4,0.0,1,1,0,7446.42,1,24164.97,777,0
CUST05803,71,Male,France,Central,1,111312.52,2,1,1,115912.84,1,8567.9,353,0
CUST02692,65,Male,Spain,South,2,0.0,1,1,0,84411.61,1,36675.49,421,1
CUST01175,45,Female,Germany,North,8,248595.5,3,0,1,65403.9,1,50912.88,346,0
CUST08177,33,Male,Spain,West,10,92115.08,2,1,1,198365.96,0,0.0,302,0
CUST04193,41,Male,Germany,East,7,57954.99,1,0,0,114283.22,0,0.0,601,1
CUST00245,34,Female,France,West,0,46223.59,2,1,0,120518.59,1,43548.84,477,0
CUST04271,73,Female,France,West,3,124875.38,1,1,0,125461.21,1,54372.3,334,0
CUST09698,30,Female,France,East,8,68849.94,2,0,0,26111.37,1,22312.39,517,1
CUST06713,28,Female,Germany,West,9,66649.8,1,1,1,41791.86,1,80766.06,711,0
CUST03888,70,Male,Spain,Central,1,88699.27,2,1,0,108543.45,0,0.0,317,0
CUST06019,28,Male,France,Central,3,76943.48,1,1,0,158742.79,0,0.0,785,0
CUST06900,35,Female,Germany,West,3,64832.17,2,0,0,166219.23,1,56065.2,519,1
CUST03265,38,Male,France,North,5,47720.23,1,1,0,94867.87,1,34677.69,566,0
CUST08113,24,Female,Spain,South,4,132588.44,2,0,1,33432.55,1,76133.67,357,1
CUST03610,59,Male,Spain,South,4,0.0,3,1,0,196724.83,0,0.0,623,0
CUST05511,45,Female,France,West,3,0.0,1,1,0,192874.0,0,0.0,436,1
CUST09079,18,Male,France,North,7,62617.88,2,1,1,135871.12,0,0.0,510,0
CUST08175,66,Male,France,West,2,116004.49,1,1,0,128088.76,0,0.0,667,0
CUST07575,55,Female,Spain,West,6,98462.66,3,0,1,184320.2,0,0.0,748,0
CUST09837,70,Male,France,South,8,0.0,3,1,1,41560.16,1,18162.41,734,0
CUST05157,58,Male,Spain,South,0,88451.35,1,1,0,105567.61,0,0.0,377,0
CUST00723,59,Female,Germany,North,4,0.0,3,0,0,110559.2,1,6651.41,525,1
CUST01909,28,Male,France,West,9,155183.15,1,0,1,104859.6,0,0.0,568,0
CUST08716,46,Male,France,East,8,147571.5,1,1,0,170071.85,0,0.0,561,0
CUST03258,31,Male,Spain,West,9,109642.35,1,1,0,144401.91,1,73642.27,397,0
CUST06780,48,Female,France,West,9,121.37,1,1,0,135873.27,1,54811.07,353,0
CUST09274,56,Male,Germany,East,5,73263.47,1,1,1,124353.33,0,0.0,339,0
CUST09136,24,Female,Spain,East,3,30327.41,1,1,0,156782.79,1,46425.42,793,0
CUST08240,21,Male,France,South,0,104453.6,3,0,0,106773.11,0,0.0,560,0
CUST08654,67,Male,France,North,8,135797.67,3,0,1,173486.34,0,0.0,659,0
CUST02095,27,Male,Germany,South,1,12764.4,1,1,0,181109.89,0,0.0,526,0
CUST02075,58,Male,Germany,West,5,17863.45,2,1,0,132605.56,1,32056.9,625,0
CUST01208,43,Female,Germany,East,7,29856.31,1,0,0,8555.56,0,0.0,400,1
CUST06086,28,Male,Spain,East,9,59561.79,3,0,1,150357.19,1,47673.71,491,0
CUST08839,37,Female,France,Central,4,0.0,1,1,0,6314.75,0,0.0,813,0
CUST09618,56,Female,France,South,4,2137.59,2,1,1,43191.39,0,0.0,555,0
CUST02201,31,Male,France,Central,1,23335.77,1,1,1,41876.86,0,0.0,422,0
CUST07125,30,Female,France,East,7,95417.07,2,1,1,19253.37,0,0.0,443,0
CUST00725,31,Female,France,South,7,56881.51,2,0,1,105751.41,1,36020.29,374,0
CUST02225,35,Female,Germany,East,5,0.0,2,1,1,14807.25,1,35956.31,487,0
CUST04265,21,Male,Spain,Central,2,67396.86,3,1,0,185722.18,0,0.0,334,0
CUST07001,70,Female,Germany,Central,2,0.0,2,1,0,106362.22,1,55781.13,720,0
CUST08197,42,Male,France,West,0,250000.0,2,1,1,191513.94,0,0.0,462,0
CUST07681,35,Female,France,East,5,0.0,2,1,1,32231.62,1,55861.76,466,1
CUST08389,18,Male,France,North,10,63546.12,1,1,0,130763.12,1,17527.78,787,0
CUST02733,71,Male,Spain,Central,0,0.0,1,1,0,133087.13,0,0.0,347,1
CUST03732,60,Male,France,West,5,51618.09,2,1,1,86878.94,0,0.0,338,0
CUST04190,48,Male,France,North,7,20454.61,1,1,1,105754.9,1,17062.41,357,0
CUST05020,54,Male,Spain,East,5,0.0,1,0,0,7408.36,1,13863.08,420,1
CUST02363,37,Male,Spain,West,7,0.0,1,1,0,153265.49,0,0.0,517,1
CUST09104,35,Female,France,East,6,28078.45,4,1,1,75682.41,0,0.0,727,0
CUST01511,45,Male,France,South,1,0.0,1,1,1,189275.61,0,0.0,818,0
CUST08959,46,Male,Spain,West,4,201155.06,2,1,1,74786.84,1,88501.55,757,0
CUST02641,20,Female,Spain,Central,5,0.0,2,1,1,22543.82,1,93430.94,621,0
CUST06156,20,Female,France,West,8,9484.72,3,1,1,20214.9,1,87630.59,509,0
CUST03889,25,Female,Spain,North,10,4769.9,2,0,1,141350.36,1,66203.18,673,0
CUST06955,47,Male,France,South,3,82376.58,1,1,0,79589.08,0,0.0,840,0
CUST04617,25,Female,Spain,West,1,50389.69,1,1,0,171594.69,0,0.0,368,1
CUST01097,55,Female,France,East,10,76065.31,2,1,1,122601.0,0,0.0,352,0
CUST04947,58,Male,Germany,South,0,0.0,3,0,1,195847.19,0,0.0,460,1
CUST05379,31,Male,France,West,2,56053.59,2,1,1,92419.32,0,0.0,753,0
CUST02058,63,Male,Germany,East,5,42175.07,3,0,1,132590.02,1,98221.29,753,0
CUST03123,69,Male,Spain,East,8,0.0,1,0,1,64415.9,1,76524.76,475,1
CUST08003,41,Male,Germany,West,3,45980.48,1,1,0,63171.67,0,0.0,349,1
CUST00441,49,Male,Germany,South,7,142506.63,2,0,1,172414.49,0,0.0,484,0
CUST03488,71,Female,Germany,West,2,29188.16,1,1,1,154566.55,1,31355.14,454,0
CUST04430,69,Female,Spain,West,10,26672.99,3,1,1,147791.05,1,31248.24,646,0
CUST08822,61,Female,France,North,9,0.0,4,1,0,119342.03,1,9196.6,344,1
CUST00093,31,Male,France,North,8,0.0,1,1,0,18279.91,0,0.0,729,0
CUST01975,26,Female,France,North,6,44976.82,2,1,0,146490.03,0,0.0,740,0
CUST07148,19,Female,Spain,North,8,0.0,1,0,1,92639.36,1,94751.9,604,0
CUST08970,67,Female,France,Central,6,34995.38,4,1,0,154050.49,1,52364.9,536,0
CUST02767,56,Female,Spain,Central,3,0.0,1,0,1,176461.22,0,0.0,582,0
CUST04601,29,Male,Germany,East,9,83200.02,1,1,0,20771.68,1,70944.36,388,0
CUST08501,73,Male,Spain,North,2,0.0,1,1,1,65556.16,0,0.0,541,0
CUST09889,35,Male,France,South,9,31222.38,2,1,1,13571.2,1,95714.96,416,0
CUST01656,55,Female,France,North,3,45627.73,1,1,1,128871.96,1,16559.54,844,0
CUST05908,45,Female,Germany,East,2,,1,1,1,194886.43,0,0.0,544,0
CUST01828,56,Female,France,Central,8,2560.03,3,0,1,159203.83,0,0.0,724,1
CUST03775,50,Male,France,East,10,88849.01,3,0,1,32566.49,0,0.0,359,0
CUST09210,68,Male,Germany,North,2,123427.94,1,0,0,174836.08,0,0.0,782,0
CUST08866,24,Male,Germany,Central,1,31615.25,3,1,0,72586.51,1,89770.88,419,0
CUST08577,43,Female,France,East,9,30704.2,3,1,1,79749.08,1,54980.95,838,0
CUST01000,23,Male,Germany,North,5,97515.94,1,0,1,28855.04,1,21100.53,538,0
CUST08103,30,Female,France,West,4,0.0,3,1,1,3870.5,0,0.0,522,0
CUST04911,51,Male,Spain,East,10,10366.11,1,1,1,10710.43,0,0.0,754,1
CUST07397,46,Male,France,Central,9,,2,0,1,16615.03,1,95609.66,356,0
CUST00514,72,Male,France,West,3,0.0,1,1,0,22004.09,0,0.0,396,1
CUST09053,47,Male,France,West,2,4133.47,1,1,0,11536.76,0,0.0,828,0
CUST03233,38,Female,France,North,10,61629.51,1,1,1,70836.83,0,0.0,534,0
CUST03489,62,Female,France,Central,0,3553.42,1,1,0,189270.27,0,0.0,652,0
CUST03840,52,Male,Germany,North,6,60562.52,2,1,0,68857.82,1,79989.93,764,1
CUST04307,62,Male,France,West,2,39866.83,1,1,1,21977.51,1,91403.59,334,0
CUST03214,48,Male,Spain,North,3,88332.76,1,0,0,140102.28,0,0.0,749,0
CUST02727,73,Female,France,Central,9,0.0,2,0,0,155094.77,0,0.0,414,0
CUST01630,42,Male,France,North,0,6441.6,1,1,0,9950.44,1,19030.52,822,1
CUST06145,65,Female,France,North,4,12560.23,2,1,1,193066.38,0,0.0,679,0
CUST08173,47,Female,Spain,North,7,119087.82,1,0,0,62635.04,0,0.0,522,0
CUST07646,25,Female,France,South,6,0.0,3,1,0,23034.38,1,85348.83,814,1
CUST03831,47,Female,France,East,6,18156.63,3,1,1,17471.33,0,0.0,575,0
CUST02889,25,Female,Germany,North,9,52336.41,1,1,0,84175.77,0,0.0,698,0
CUST08680,54,Female,Germany,West,10,0.0,3,0,0,114962.9,0,0.0,348,0
CUST05625,55,Male,Spain,Central,4,6381.18,1,1,1,126463.39,0,0.0,380,0
CUST07711,48,Male,France,South,6,0.0,2,1,1,25573.85,0,0.0,372,0
CUST08958,53,Male,Germany,North,6,0.0,2,0,1,129003.71,1,71365.31,513,1
CUST04767,64,Male,France,South,8,155018.25,1,1,0,165839.86,0,0.0,390,0
CUST03668,38,Female,Germany,North,3,102964.27,2,1,1,142099.06,0,0.0,462,0
CUST03634,22,Female,France,West,8,6537.8,2,1,1,54257.04,0,0.0,775,0
CUST08677,50,Male,France,North,6,92539.71,2,0,0,170167.99,0,0.0,483,1
CUST09953,71,Male,Spain,West,2,132527.96,1,1,0,62883.22,0,0.0,495,1
CUST05645,18,Female,Spain,South,5,31212.28,2,1,1,74412.99,0,0.0,424,0
CUST05824,19,Male,Germany,East,3,0.0,4,1,1,33360.25,0,0.0,715,0
CUST02466,60,Female,Germany,Central,8,14071.42,2,1,1,87434.28,0,0.0,310,0
CUST09920,64,Female,Spain,West,8,166812.81,1,1,0,1451.47,0,0.0,613,0
CUST02312,58,Male,Germany,West,2,33897.39,2,1,0,198593.88,0,0.0,599,0
CUST04741,52,Female,France,South,9,137905.06,2,1,0,9546.98,0,0.0,640,0
CUST05890,53,Female,Spain,North,2,28527.37,2,0,0,84705.35,1,6553.61,667,0
CUST00358,19,Male,Spain,East,7,218488.49,2,0,0,182502.76,1,86760.68,818,0
CUST08143,59,Male,Germany,West,1,158294.16,1,1,1,3399.57,1,36387.19,736,0
CUST02881,47,Male,France,Central,8,34330.17,2,1,1,7303.21,1,93952.91,760,0
CUST01509,19,Female,France,West,9,163248.01,1,1,0,182237.67,1,81425.48,465,0
CUST05687,29,Female,Spain,Central,8,0.0,2,0,0,144119.11,0,0.0,803,0
CUST01177,21,Male,Spain,West,0,0.0,1,1,0,99357.84,1,71548.05,601,1
CUST04440,20,Female,France,North,6,85769.18,1,1,0,143150.84,0,0.0,618,0
CUST08552,49,Male,Germany,West,5,96121.5,1,1,1,49484.15,1,13472.77,305,0
CUST06102,55,Male,France,North,5,250000.0,1,1,0,12490.09,0,0.0,574,0
CUST03728,62,Female,France,West,0,0.0,2,1,1,27668.73,0,0.0,764,0
CUST00157,43,Female,France,Central,1,106885.38,2,1,1,46018.33,1,40214.92,834,0
CUST06962,64,Female,France,South,7,57252.08,2,0,0,20850.52,0,0.0,489,0
CUST08538,24,Male,France,East,5,152802.5,1,0,1,98738.8,0,0.0,411,0
CUST00318,69,Female,France,Central,8,0.0,1,0,1,27408.61,1,61364.25,399,0
CUST05827,32,Female,France,West,0,0.0,1,1,0,13738.57,1,45650.6,702,0
CUST04212,20,Male,Germany,Central,0,,2,1,1,49616.55,1,64597.97,353,0
CUST06167,19,Female,Spain,North,6,0.0,2,1,0,124828.27,0,0.0,461,0
CUST00130,58,Female,Spain,East,2,0.0,1,1,1,50105.25,0,0.0,351,0
CUST04771,71,Male,Spain,West,3,54696.49,3,1,1,142902.21,1,79430.03,426,1
CUST07784,27,Female,France,South,5,181558.82,3,1,0,49854.45,0,0.0,643,0
CUST04169,19,Male,Germany,East,8,0.0,3,1,0,159359.92,0,0.0,727,0
CUST06868,61,Male,Germany,East,7,7063.28,2,1,0,109946.72,1,8748.71,827,0
CUST02258,67,Female,Germany,South,4,35769.59,1,1,1,181694.76,0,0.0,792,0
CUST02884,33,Female,France,Central,0,0.0,2,1,1,5632.91,1,78775.96,438,0
CUST05846,57,Female,Spain,North,8,0.0,1,1,0,1775.49,1,60210.93,458,0
CUST03369,29,Male,France,East,6,0.0,2,0,0,33726.46,0,0.0,828,0
CUST06004,65,Male,Germany,South,6,86912.35,1,1,1,50915.36,0,0.0,579,0
CUST01549,54,Male,France,Central,3,0.0,1,1,1,40640.32,0,0.0,652,1
CUST07030,60,Male,Germany,Central,4,79004.26,3,0,1,80095.77,0,0.0,338,0
CUST05520,73,Male,France,Central,8,98956.33,3,1,1,164383.91,0,0.0,636,0
CUST05778,34,Female,France,Central,6,0.0,1,0,1,191542.88,0,0.0,799,0
CUST05116,25,Male,France,Central,7,31727.8,1,1,0,124829.7,1,57297.41,827,0
CUST03466,65,Male,Spain,Central,1,17122.31,3,1,1,128322.34,1,98714.7,480,0
CUST01816,52,Male,Germany,Central,2,1320.24,1,1,0,83475.78,1,94583.72,610,0
CUST05994,39,Male,France,Central,4,26955.12,1,1,0,135339.22,0,0.0,577,0
CUST08111,26,Male,Germany,Central,9,0.0,2,0,0,92060.51,0,0.0,826,1
CUST01408,58,Female,France,South,8,63757.15,1,0,1,110653.07,1,92953.82,562,0
CUST08657,32,Male,France,South,0,0.0,3,0,0,158858.05,1,89982.69,751,0
CUST04659,40,Female,France,Central,9,0.0,1,0,0,78049.81,1,35488.62,421,1
CUST05266,64,Male,France,South,3,11028.44,1,1,1,113302.93,0,0.0,338,0
CUST02145,28,Female,Germany,North,10,0.0,1,1,1,121503.91,1,93981.88,519,0
CUST02482,37,Female,France,West,10,27940.87,1,1,1,25572.42,1,42918.5,413,0
CUST08114,19,Female,France,East,8,0.0,1,1,0,42830.95,1,84246.14,574,0
CUST09464,72,Male,Germany,North,9,24289.64,2,0,1,114026.98,1,93433.69,308,0
CUST00637,43,Female,Spain,East,3,79008.24,2,1,1,55200.04,1,81574.84,448,0
CUST08213,45,Female,France,Central,2,80604.03,1,0,0,31403.24,1,47719.28,590,0
CUST05516,26,Male,France,East,3,25677.47,3,1,0,168395.38,1,55523.71,835,0
CUST08713,26,Female,Germany,Central,2,250000.0,1,1,1,9338.9,1,14885.11,609,0
CUST01855,52,Male,France,East,9,11242.73,2,1,0,164178.75,0,0.0,667,0
CUST05297,66,Female,Germany,West,10,17017.41,3,1,0,79567.1,1,70858.98,660,1
CUST01832,21,Male,France,West,7,0.0,3,1,0,75323.92,0,0.0,573,0
CUST07872,31,Male,France,North,2,,3,0,0,151178.97,1,40486.31,,0
CUST09866,68,Female,France,West,10,26185.32,2,1,0,131669.47,0,0.0,520,0
CUST02353,71,Female,Spain,Central,3,40164.94,2,1,0,30899.89,1,22637.07,751,0
CUST05002,54,Male,Germany,East,7,0.0,2,1,0,84958.04,0,0.0,747,0
CUST04748,70,Female,France,Central,4,169154.44,2,1,1,15443.48,0,0.0,651,0
CUST07576,44,Male,France,West,3,0.0,3,1,0,120098.85,1,58611.45,549,0
CUST08280,41,Male,France,West,9,156418.69,1,0,0,22955.09,1,82816.77,429,0
CUST07345,48,Male,France,South,9,250000.0,1,1,1,159206.16,0,0.0,430,0
CUST04820,68,Female,France,North,3,43122.53,3,1,0,95900.71,1,58692.79,673,1
CUST03468,44,Female,Germany,South,2,35570.86,2,1,0,6248.5,0,0.0,558,0
CUST08299,64,Female,France,West,8,81529.91,4,1,1,183377.3,0,0.0,520,1
CUST01726,26,Male,France,Central,5,62293.18,3,1,1,107130.56,0,0.0,792,0
CUST02915,49,Male,France,North,4,0.0,2,1,0,5581.72,1,95303.72,539,1
CUST02119,68,Female,France,South,7,675.33,1,1,0,98716.31,0,0.0,634,0
CUST02475,61,Male,Germany,Central,6,185987.87,1,1,0,135326.85,1,62199.72,413,1
CUST07376,49,Male,Spain,North,8,0.0,3,1,1,20541.3,0,0.0,805,0
CUST05858,71,Female,France,South,2,2128.23,1,0,0,29811.88,0,0.0,831,0
CUST04657,27,Female,Spain,East,7,38463.98,3,1,1,107429.65,0,0.0,318,0
CUST00785,25,Male,France,North,3,31.0,1,1,0,90593.5,1,7117.7,626,0
CUST00615,68,Male,Spain,Central,1,34828.47,2,0,0,12135.24,1,71249.52,820,0
CUST00211,74,Female,Spain,West,10,20368.84,2,1,1,104969.35,0,0.0,786,0
CUST09897,42,Male,France,East,1,118525.45,1,0,1,99073.87,1,73367.17,416,0
CUST02368,37,Male,Germany,North,5,55010.59,3,1,0,128949.5,1,82161.94,430,0
CUST03976,26,Female,France,West,5,55004.44,1,1,1,56300.94,0,0.0,326,0
CUST01145,54,Female,France,Central,1,42635.49,2,1,1,61267.66,1,66896.38,659,0
CUST02571,31,Female,France,South,4,127489.55,2,1,0,104010.21,1,22566.63,378,0
CUST05528,37,Female,France,North,1,0.0,1,1,1,5865.49,1,23494.81,787,0
CUST00562,46,Female,Spain,South,10,157671.72,1,1,1,85398.91,1,30103.53,407,0
CUST04358,56,Male,France,East,9,74247.26,1,1,1,102718.01,0,0.0,534,0
CUST05937,47,Female,France,West,5,60636.76,2,0,0,110179.2,0,0.0,616,0
CUST04578,45,Female,France,East,9,117679.87,2,1,1,20189.1,0,0.0,834,0
CUST08193,44,Female,France,East,6,,1,1,0,5613.81,1,66895.25,372,0
CUST01272,31,Female,Spain,East,8,0.0,2,1,1,135434.18,0,0.0,778,0
CUST02500,68,Female,Germany,West,10,25438.67,2,1,1,13171.44,0,0.0,516,0
CUST02794,49,Male,France,South,9,27361.81,1,1,0,44530.76,1,24028.85,810,0
CUST08354,38,Male,Germany,South,9,0.0,2,1,0,108482.05,1,86484.78,654,1
CUST08779,27,Male,France,South,5,24380.12,3,0,1,84209.64,0,0.0,785,0
CUST02131,58,Female,Germany,North,2,0.0,1,1,1,144548.43,1,48432.32,655,0
CUST07002,43,Female,France,North,4,95095.05,2,1,0,198566.92,1,9894.92,846,0
CUST07880,60,Female,Germany,South,6,1467.97,2,1,0,105923.91,0,0.0,541,0
CUST06596,64,Male,Germany,South,6,0.0,1,1,1,143239.35,0,0.0,459,0
CUST08409,67,Male,Spain,South,8,0.0,2,1,0,93693.65,0,0.0,422,0
CUST01736,56,Male,Germany,East,10,250000.0,3,1,1,104833.91,0,0.0,445,0
CUST07341,32,Male,France,South,7,0.0,1,1,1,79325.51,1,45848.9,494,0
CUST01724,19,Female,France,West,10,24456.45,1,0,1,55006.37,1,98753.76,580,0
CUST07461,43,Male,France,Central,9,49806.22,2,0,1,183633.54,1,91510.11,738,0
CUST02778,64,Female,France,Central,6,0.0,1,0,0,74453.8,0,0.0,388,0
CUST04772,69,Female,France,West,2,,1,1,0,175675.27,1,46269.32,668,1
CUST09114,41,Male,France,West,9,34080.54,3,1,1,98455.31,1,16872.31,705,0
CUST00015,53,Female,Germany,West,2,0.0,3,1,0,55793.76,0,0.0,570,0
CUST03657,24,Female,Spain,East,7,102099.2,2,1,1,67815.04,0,0.0,635,0
CUST05590,73,Male,France,East,7,24205.84,2,0,0,48326.39,1,42374.31,587,0
CUST08721,73,Male,Germany,East,5,47640.12,2,1,1,72499.96,0,0.0,472,0
CUST03008,25,Male,France,West,7,172360.26,4,0,0,120999.92,1,11996.41,768,0
CUST00446,44,Male,Germany,Central,2,15589.15,2,1,1,154782.21,1,35222.82,842,0
CUST02638,19,Male,Spain,North,2,78074.35,1,1,0,36364.4,0,0.0,810,0
CUST02586,30,Male,France,South,8,201268.43,1,1,0,145340.67,1,26391.1,544,0
CUST08201,40,Male,France,Central,6,14871.63,1,1,1,88119.6,0,0.0,384,0
CUST03547,33,Male,Germany,North,3,250000.0,2,1,1,199614.44,0,0.0,634,0
CUST08270,20,Female,Spain,West,1,0.0,1,1,0,42643.24,1,30444.62,381,0
CUST02524,40,Male,Spain,West,5,0.0,1,1,0,40420.26,0,0.0,340,0
CUST07890,45,Male,Germany,East,5,0.0,2,1,1,167578.2,1,16246.98,725,0
CUST04945,61,Male,France,East,10,123725.86,1,0,1,172952.92,1,24417.74,526,0
CUST07662,47,Female,France,Central,8,4457.8,1,1,0,181119.7,1,33969.85,727,0
CUST07073,42,Male,Spain,South,1,203453.92,3,0,1,165836.72,0,0.0,349,0
CUST02165,32,Female,France,North,7,0.0,3,0,0,119105.48,1,69978.59,498,1
CUST09452,42,Female,France,Central,1,0.0,1,1,1,120082.12,0,0.0,472,0
CUST04455,71,Male,France,West,10,0.0,1,1,0,163888.12,0,0.0,477,0
CUST03569,44,Female,Spain,East,0,53698.36,1,1,1,96331.52,0,0.0,765,0
CUST05853,62,Female,Spain,Central,8,0.0,1,1,1,199987.68,1,76753.52,781,0
CUST02432,22,Male,Germany,Central,2,32811.63,1,1,0,66035.87,0,0.0,619,0
CUST09819,61,Male,Spain,East,10,57030.83,1,1,0,74866.25,0,0.0,662,1
CUST03084,39,Female,Germany,Central,5,250000.0,1,1,0,127454.66,0,0.0,818,0
CUST05122,63,Male,France,North,0,16576.97,3,1,1,115451.23,1,39457.65,708,0
CUST09226,48,Male,France,West,6,60029.5,2,0,1,102213.63,1,59064.31,488,1
CUST06808,72,Female,Spain,West,10,34088.46,2,1,1,29801.51,0,0.0,717,0
CUST04436,49,Male,France,East,6,93900.76,2,0,0,108881.57,0,0.0,407,0
CUST00125,52,Female,Spain,West,9,250000.0,3,1,1,50659.04,1,23507.22,473,0
CUST01278,42,Female,France,Central,3,14490.14,1,1,0,55921.43,0,0.0,809,0
CUST06836,31,Female,Germany,South,10,112356.58,1,0,1,126879.8,0,0.0,468,0
CUST07809,42,Female,Germany,East,8,0.0,3,0,1,97601.22,1,35261.68,422,0
CUST05918,53,Male,France,East,0,0.0,1,0,1,52002.3,0,0.0,326,0
CUST05123,45,Female,Germany,East,3,42928.7,1,1,1,62837.79,1,39737.5,653,0
CUST09320,67,Female,Germany,Central,6,70523.84,1,1,0,15962.1,1,48161.93,411,1
CUST07625,47,Male,France,West,3,136471.24,2,1,0,33484.99,1,34869.83,321,0
CUST02412,55,Male,Germany,South,9,250000.0,1,1,1,103015.71,1,26188.71,601,0
CUST02543,64,Male,Germany,North,9,41386.31,1,1,0,132318.02,0,0.0,524,1
CUST04773,41,Female,Spain,South,6,9654.95,2,0,0,30570.04,1,70895.54,769,0
CUST02410,54,Male,Germany,North,7,0.0,3,1,0,33684.75,1,64034.12,500,1
CUST03649,64,Female,Germany,East,2,50407.75,1,0,0,148879.93,0,0.0,441,0
CUST01739,67,Male,France,West,6,175410.21,1,1,0,131972.5,0,0.0,630,0
CUST04241,36,Female,Germany,South,9,0.0,1,1,1,77250.24,0,0.0,435,0
CUST04717,40,Male,France,East,9,102110.33,1,1,1,128960.63,0,0.0,349,0
CUST07856,67,Female,France,South,5,22171.41,4,0,0,92148.58,0,0.0,639,0
CUST00466,30,Male,France,West,9,757.18,2,1,1,72895.68,1,32538.69,378,0
CUST06419,69,Male,France,East,0,66561.87,1,1,0,56231.73,1,14967.41,396,0
CUST06239,27,Female,Germany,South,1,0.0,2,0,0,129122.19,1,80584.77,824,0
CUST07708,38,Female,France,South,5,33954.25,2,1,1,622.54,1,10245.01,568,0
CUST06734,42,Female,France,East,3,0.0,1,1,0,20709.66,0,0.0,573,0
CUST00040,68,Female,France,West,6,250000.0,1,0,1,109205.07,1,36291.34,704,1
CUST08503,20,Female,Germany,West,2,0.0,2,0,0,,1,67210.97,471,0
CUST05405,37,Male,Germany,South,10,25127.86,3,1,1,164427.04,0,0.0,360,1
CUST01417,63,Male,France,Central,3,34249.73,1,1,0,109266.62,0,0.0,690,0
CUST09344,34,Female,France,West,3,32120.56,3,0,0,175360.07,1,84574.7,613,0
CUST03350,60,Female,Germany,South,0,120815.82,1,1,1,192167.17,0,0.0,765,0
CUST06561,39,Female,France,West,4,57482.86,2,0,0,176000.53,0,0.0,727,0
CUST06251,61,Female,France,South,6,59869.75,3,0,1,106625.86,0,0.0,480,0
CUST06422,71,Female,Germany,East,6,0.0,2,0,1,150554.33,1,47798.87,427,0
CUST00449,43,Female,France,North,6,145386.42,2,1,1,54617.64,0,0.0,397,0
CUST06071,36,Male,France,South,1,5101.99,1,1,1,106599.45,1,91290.13,634,0
CUST06041,52,Male,Spain,West,7,141640.07,1,1,1,15513.68,0,0.0,573,0
CUST06295,65,Female,Germany,West,2,0.0,1,0,1,173013.83,0,0.0,826,0
CUST09055,70,Female,Spain,South,2,6584.48,2,1,1,93431.77,1,68592.67,449,0
CUST01242,47,Male,Germany,South,1,32288.98,1,1,0,153861.71,0,0.0,844,0
CUST08251,55,Male,Spain,West,10,48195.9,2,0,1,12909.26,0,0.0,692,0
CUST01579,50,Male,Germany,West,1,26131.81,1,1,1,63710.79,1,13306.99,744,0
CUST09227,35,Male,Germany,North,1,11213.67,1,0,1,198405.61,1,17807.79,507,0
CUST08305,49,Male,Spain,East,9,0.0,1,1,0,40536.3,0,0.0,369,0
CUST02232,62,Female,Spain,East,7,174364.35,1,0,0,120050.77,1,65731.56,620,1
CUST07641,43,Female,Spain,Central,3,32902.29,1,1,0,54786.96,1,6401.33,671,0
CUST02540,22,Male,Spain,Central,7,28772.13,1,0,0,16598.5,1,51464.68,386,0
CUST05351,23,Male,France,North,3,0.0,1,1,0,101833.61,1,94241.47,363,0
CUST04728,45,Male,Germany,West,6,127490.61,1,0,0,111996.58,1,53131.56,674,0
CUST02606,36,Male,Germany,West,5,0.0,1,1,0,187491.45,1,34693.8,789,0
CUST04518,55,Male,Germany,East,8,,3,1,1,131554.48,0,0.0,539,1
CUST01522,56,Female,France,East,3,14145.08,1,1,0,102545.4,0,0.0,786,1
CUST05219,27,Female,Germany,South,8,0.0,1,1,1,196902.15,1,5375.83,428,0
CUST01569,71,Male,Spain,Central,10,107927.36,3,1,0,198724.32,0,0.0,392,0
CUST03921,36,Female,Germany,Central,6,38527.89,1,1,1,147607.88,0,0.0,655,0
CUST04403,28,Female,France,North,3,250000.0,1,0,1,55767.92,1,76875.67,476,0
CUST09709,52,Male,Spain,Central,7,120789.24,1,0,1,,0,0.0,722,0
CUST09054,61,Male,Germany,Central,1,0.0,1,0,1,107371.76,0,0.0,692,0
CUST09271,63,Female,Germany,West,1,15951.25,2,1,0,104080.39,1,72708.05,703,0
CUST08939,27,Male,Spain,East,2,,1,0,1,55584.59,0,0.0,351,0
CUST07295,49,Female,France,North,3,80214.15,1,0,1,16919.67,0,0.0,357,0
CUST02387,68,Female,Spain,West,8,5158.43,1,1,0,143566.15,0,0.0,566,0
CUST09941,54,Male,Spain,Central,1,0.0,1,1,1,37866.1,1,89879.42,432,0
CUST04670,21,Male,France,West,9,0.0,1,1,1,161628.67,1,56978.76,702,1
CUST04283,59,Female,Spain,East,5,95431.41,1,0,0,117217.88,0,0.0,552,0
CUST03229,42,Male,Spain,West,6,33538.74,3,1,0,182016.86,1,83281.17,455,1
CUST02659,61,Female,Spain,Central,6,75101.63,2,1,0,144242.92,0,0.0,833,0
CUST00323,29,Female,Spain,West,6,155692.85,2,0,1,142595.01,0,0.0,547,0
CUST00705,36,Female,France,South,10,130914.42,1,0,0,63462.63,1,6104.53,635,0
CUST01389,29,Female,Germany,South,5,56613.28,2,0,0,66893.7,0,0.0,660,0
CUST04410,74,Male,Germany,Central,5,62240.0,1,1,0,77679.08,0,0.0,418,0
CUST08862,47,Female,Spain,East,0,10052.24,2,1,1,88174.77,1,20014.8,384,1
CUST02551,47,Male,France,Central,5,88565.82,1,1,1,175449.65,0,0.0,467,0
CUST07120,39,Female,Germany,West,5,83184.5,3,1,0,155517.04,1,40066.07,323,0
CUST08296,25,Male,France,South,0,29172.72,3,0,0,65905.55,1,89963.52,702,1
CUST08110,73,Female,Spain,Central,10,0.0,1,1,1,48885.51,1,89796.9,467,1
CUST01827,61,Female,Spain,East,0,60353.24,3,1,1,78086.74,0,0.0,316,0
CUST06703,55,Male,Spain,West,10,174059.16,3,1,1,94518.91,0,0.0,594,0
CUST06855,71,Male,France,South,7,42689.67,2,1,1,22208.94,1,62081.28,438,0
CUST02841,19,Male,France,South,5,54873.04,2,0,1,127846.23,1,45299.44,696,1
CUST09220,71,Male,Spain,North,4,0.0,2,1,0,17418.38,1,42938.63,347,0
CUST00007,38,Female,Spain,East,9,72602.62,2,1,1,164881.15,1,29439.04,339,0
CUST01331,39,Male,Spain,South,7,10444.87,1,1,0,165655.77,0,0.0,627,0
CUST04007,74,Male,Spain,Central,0,8381.14,2,1,1,160970.37,1,39665.22,717,0
CUST07823,26,Male,Spain,Central,8,33086.4,1,1,1,168070.69,1,66108.99,320,0
CUST08961,29,Male,Spain,West,3,5459.02,2,1,1,30517.91,1,81376.99,407,1
CUST07618,65,Female,Germany,North,6,2377.5,3,0,0,19933.12,0,0.0,713,0
CUST05765,18,Female,Germany,South,2,0.0,2,1,1,136833.76,0,0.0,551,0
CUST08057,35,Male,France,East,7,0.0,2,0,0,4641.38,0,0.0,849,1
CUST03124,65,Female,France,South,9,171059.12,2,1,1,71523.01,1,24232.29,661,0
CUST02919,29,Male,France,West,7,30129.14,3,1,0,59200.55,0,0.0,313,1
CUST01669,51,Female,Germany,Central,2,124458.45,1,0,1,63335.95,0,0.0,407,1
CUST06486,71,Male,France,East,10,9718.22,2,1,0,145050.18,0,0.0,421,0
CUST02770,35,Male,France,Central,6,28836.97,1,1,0,149814.49,1,25155.74,548,0
CUST00275,23,Female,France,Central,1,32507.75,1,0,1,196958.01,1,67617.8,646,1
CUST05381,36,Male,Germany,Central,0,23948.36,2,0,0,158311.56,1,50905.66,359,1
CUST09122,54,Male,France,North,6,45689.66,2,1,0,173789.19,0,0.0,418,0
CUST03080,39,Male,France,West,2,67405.75,2,1,0,117887.33,1,67651.91,463,0
CUST08443,21,Female,Spain,West,9,0.0,2,0,0,67970.2,0,0.0,486,1
CUST08302,51,Female,France,West,3,60716.77,1,1,0,81739.63,0,0.0,612,1
CUST03225,21,Female,Germany,Central,8,0.0,1,1,0,163840.33,0,0.0,590,0
CUST09702,30,Male,France,Central,2,37060.9,1,1,1,79860.68,0,0.0,720,0
CUST06823,61,Female,France,East,3,0.0,1,1,1,188766.73,0,0.0,611,0
CUST01585,53,Female,Germany,East,2,0.0,2,1,1,147486.13,1,41137.12,674,0
CUST05413,27,Female,Germany,North,7,23012.66,1,1,1,153288.14,0,0.0,495,0
CUST07282,29,Female,Spain,East,10,0.0,2,1,1,162782.67,0,0.0,460,0
CUST09973,37,Female,Spain,South,8,0.0,2,0,1,1749.98,0,0.0,417,0
CUST05526,59,Male,Spain,South,2,8113.86,1,1,0,94908.04,1,44058.23,392,0
CUST09241,60,Female,France,South,4,91329.71,1,0,0,118040.94,0,0.0,301,0
CUST04934,60,Male,Spain,North,9,117911.16,1,1,1,58668.01,1,74269.89,331,0
CUST02738,59,Male,Germany,East,9,11817.13,1,1,1,73648.8,1,47832.15,586,0
CUST04923,63,Male,France,South,8,88595.86,1,0,1,118697.27,0,0.0,597,0
CUST03523,71,Male,France,West,2,0.0,2,1,1,26735.88,1,44486.64,364,1
CUST09135,73,Male,Germany,West,4,11018.8,2,0,1,57278.42,1,93626.55,302,0
CUST08096,26,Male,Spain,South,9,141396.69,1,1,0,137749.25,0,0.0,729,0
CUST04608,43,Male,France,East,7,0.0,1,1,1,117815.71,1,67659.81,691,0
CUST01244,66,Male,Germany,East,0,195901.41,2,1,1,12531.88,0,0.0,553,0
CUST03534,41,Male,Spain,East,9,72248.0,2,0,1,13867.61,1,96169.21,699,0
CUST00299,56,Female,France,South,10,9821.19,2,1,1,171968.06,0,0.0,726,0
CUST05732,26,Male,France,West,3,30033.42,1,1,0,66821.97,1,69769.42,477,0
CUST06767,31,Male,France,South,8,111405.8,4,0,1,60994.62,0,0.0,835,0
CUST02463,37,Female,France,Central,5,0.0,1,0,0,147285.03,1,95435.65,600,0
CUST09561,35,Female,Spain,North,8,34115.53,2,1,0,186140.24,1,83136.94,591,0
CUST00618,29,Male,France,East,8,157952.98,1,1,0,73850.79,0,0.0,339,0
CUST00419,66,Female,France,South,1,62230.67,1,1,0,140331.9,0,0.0,757,1
CUST05350,34,Female,Spain,Central,6,170159.37,3,0,0,116203.87,1,19628.88,406,1
CUST06417,66,Male,Spain,North,1,5766.5,1,1,0,8330.22,0,0.0,605,0
CUST04986,49,Male,Germany,Central,6,0.0,1,1,0,112230.29,0,0.0,739,0
CUST08243,71,Male,France,South,7,55813.25,2,0,1,131183.2,0,0.0,385,0
CUST05383,46,Male,Germany,West,8,229060.07,1,1,0,41294.36,0,0.0,804,0
CUST02186,63,Female,France,South,9,0.0,1,1,0,159290.05,1,21602.28,308,0
CUST08815,43,Male,France,North,1,108401.31,1,1,0,29784.45,0,0.0,637,1
CUST02917,70,Female,Germany,Central,1,0.0,3,1,0,80632.33,0,0.0,812,1
CUST02443,27,Male,France,North,1,0.0,2,1,0,90406.14,1,22372.27,838,1
CUST06777,44,Male,France,South,10,69885.34,2,0,0,157336.45,1,15755.0,629,0
CUST04268,67,Female,France,North,7,0.0,3,1,1,152274.34,0,0.0,580,0
CUST03106,70,Female,France,West,5,0.0,1,0,1,47866.91,1,59376.8,764,0
CUST03078,44,Male,France,East,9,0.0,2,1,0,69097.06,0,0.0,425,1
CUST09750,73,Male,Spain,West,2,3948.26,2,1,0,150431.64,0,0.0,472,0
CUST01342,53,Female,Germany,East,5,35840.48,1,1,1,135459.99,1,49250.87,484,0
CUST00168,68,Male,Spain,North,2,209850.02,1,1,1,57208.38,0,0.0,306,0
CUST09982,32,Female,Germany,West,5,160094.31,3,1,1,46180.1,0,0.0,321,1
CUST04524,51,Female,France,Central,4,250000.0,2,0,1,,1,30977.12,678,0
CUST06988,34,Male,Spain,North,2,110151.43,1,0,0,159542.36,0,0.0,637,0
CUST08249,44,Male,France,South,8,114489.32,3,1,1,150658.71,0,0.0,313,0
CUST02654,22,Female,France,Central,10,154948.33,1,1,1,49233.76,0,0.0,493,0
CUST05044,37,Male,France,North,0,137644.52,1,1,1,70418.53,0,0.0,626,0
CUST04734,57,Female,France,Central,8,13790.92,2,1,1,22305.3,1,86264.03,302,0
CUST05533,70,Female,France,South,2,3332.42,2,1,1,108325.47,0,0.0,502,0
CUST00744,57,Female,France,North,3,79710.86,2,1,0,127545.29,0,0.0,434,0
CUST06779,66,Female,Germany,West,3,11811.47,2,0,1,167653.58,0,0.0,482,0
CUST02382,53,Male,France,East,8,119943.35,1,0,1,135719.75,0,0.0,578,0
CUST09985,27,Male,France,West,10,0.0,3,1,1,193871.17,0,0.0,780,1
CUST02297,25,Male,France,South,1,0.0,1,1,0,150827.8,1,18232.18,717,0
CUST07952,64,Female,Spain,West,4,33647.6,2,1,0,71545.48,0,0.0,628,1
CUST01986,22,Male,France,East,4,0.0,4,1,1,17334.03,1,49757.0,451,0
CUST01659,70,Female,France,East,6,2368.85,1,0,1,41446.22,0,0.0,524,0
CUST07162,72,Male,France,North,6,42561.07,3,0,0,3109.47,0,0.0,716,0
CUST08525,61,Female,Germany,Central,9,99234.91,2,1,1,63076.87,0,0.0,739,0
CUST07269,45,Female,Spain,South,1,,1,0,0,81356.18,0,0.0,388,1
CUST04888,55,Female,Spain,South,8,157656.06,3,1,0,141971.7,0,0.0,518,0
CUST05553,35,Female,France,South,2,,1,1,1,30811.35,1,81588.97,594,0
CUST05549,20,Female,France,South,5,110509.03,3,1,1,158355.79,0,0.0,529,0
CUST08484,68,Male,Germany,Central,6,18801.84,3,1,0,111439.32,0,0.0,642,0
CUST02936,18,Male,France,East,6,0.0,2,1,0,78410.23,0,0.0,752,1
CUST04349,34,Male,Germany,Central,0,0.0,1,1,0,64820.26,0,0.0,511,1
CUST06051,52,Male,Spain,South,10,230547.16,3,0,1,2736.34,1,22584.66,623,0
CUST01737,52,Male,Spain,Central,8,85354.49,1,0,1,169112.4,0,0.0,619,0
CUST07035,38,Male,France,West,9,22059.29,1,1,1,48604.0,1,83129.89,589,0
CUST04476,57,Female,Germany,West,4,0.0,1,0,1,21209.4,1,55550.56,737,0
CUST02216,41,Male,Germany,South,0,0.0,2,1,1,27673.42,0,0.0,569,0
CUST07669,72,Male,Germany,South,6,119170.13,2,1,0,91162.24,1,21908.3,569,0
CUST00163,32,Female,Spain,West,1,0.0,3,1,1,100790.21,1,75480.61,319,1
CUST08178,64,Female,Germany,West,6,31023.69,1,1,0,166611.23,1,88170.74,715,0
CUST05717,39,Male,Spain,South,8,0.0,4,1,0,95254.48,1,17283.85,615,0
CUST07645,61,Male,Germany,Central,10,0.0,2,1,1,76275.79,1,37697.87,489,0
CUST04948,33,Male,France,South,4,0.0,3,1,0,36591.86,0,0.0,497,0
CUST06498,50,Male,Germany,West,1,95004.78,2,1,1,83004.22,0,0.0,561,0
CUST08087,59,Male,France,West,7,142848.88,2,0,1,62920.88,0,0.0,390,0
CUST01720,60,Female,Spain,South,9,0.0,1,1,0,96733.22,0,0.0,787,1
CUST03114,66,Male,Germany,North,0,250000.0,3,1,0,143695.49,0,0.0,515,0
CUST07858,29,Male,France,Central,6,37752.47,4,1,1,9288.81,1,63991.22,587,1
CUST00351,42,Female,Spain,East,6,0.0,2,1,1,98997.88,1,11846.93,,0
CUST03697,36,Male,Spain,Central,7,105986.93,2,1,1,33793.11,1,40663.18,694,0
CUST00458,46,Female,France,South,5,431.57,2,1,0,12431.37,1,8033.17,327,1
CUST06893,61,Female,Germany,North,5,110412.68,1,0,1,183226.92,0,0.0,741,0
CUST07353,49,Female,Germany,North,10,185429.94,2,1,0,78135.71,1,72368.89,545,0
CUST06359,23,Female,Spain,West,9,16295.82,1,1,0,136325.41,0,0.0,643,0
CUST06872,74,Male,France,North,0,52969.08,1,1,0,53811.05,0,0.0,310,0
CUST03786,69,Female,Germany,South,9,98808.88,1,0,1,15418.88,1,15034.14,746,0
CUST06380,45,Female,France,North,6,40572.9,2,1,0,164251.5,0,0.0,380,0
CUST00773,44,Male,France,West,0,0.0,3,1,1,80997.81,0,0.0,350,0
CUST00013,41,Female,France,West,0,12850.41,1,0,1,93240.85,0,0.0,703,0
CUST05882,26,Male,France,East,3,0.0,3,1,0,180211.23,0,0.0,649,1
CUST08472,24,Male,France,North,10,250000.0,1,1,0,526.13,1,93654.33,562,0
CUST02666,63,Male,France,Central,5,0.0,3,1,1,74554.06,1,56468.3,697,0
CUST08766,53,Male,France,North,6,79821.92,2,1,1,59492.55,1,81526.55,629,0
CUST08053,27,Male,France,West,7,43028.93,2,1,0,177765.13,0,0.0,594,0
CUST01895,32,Male,Spain,West,5,20023.42,3,1,1,166291.31,1,53849.53,751,0
CUST03929,57,Male,France,East,4,37068.99,1,1,1,86298.57,0,0.0,818,0
CUST00996,37,Female,Germany,Central,9,37047.87,2,1,1,193616.22,0,0.0,443,0
CUST05198,53,Male,Germany,Central,3,0.0,2,1,1,89501.72,0,0.0,459,0
CUST03108,54,Female,Germany,West,1,112528.12,3,1,0,32264.09,1,33214.22,662,0
CUST07898,43,Female,Spain,East,5,0.0,3,0,1,92385.14,0,0.0,655,1
CUST06001,73,Female,France,West,6,0.0,1,0,1,158023.05,1,20024.24,617,0
CUST03037,51,Male,Germany,East,1,190183.58,1,1,0,41577.11,1,89888.78,508,0
CUST05475,51,Female,France,South,0,0.0,2,1,1,11442.72,1,88300.16,810,0
CUST04347,53,Female,Spain,South,3,90576.84,2,0,0,189302.61,0,0.0,462,1
CUST06939,29,Male,Germany,South,5,117080.03,1,1,1,18596.74,1,60133.62,652,0
CUST06525,23,Male,France,Central,3,117502.03,1,1,0,25750.25,1,29734.06,656,0
CUST01207,18,Male,France,South,4,162491.08,2,1,1,148343.46,0,0.0,840,0
CUST00810,54,Male,France,Central,0,49788.04,1,1,1,198105.2,0,0.0,784,0
CUST01002,19,Female,Spain,East,7,0.0,1,1,1,148801.58,0,0.0,456,0
CUST04569,53,Female,France,West,1,0.0,1,0,1,7078.92,1,11727.48,707,1
CUST05801,33,Female,Germany,North,3,82607.37,1,0,1,105984.15,1,62450.79,592,1
CUST05848,32,Female,Germany,South,5,31143.1,2,1,1,8018.79,0,0.0,642,0
CUST01872,42,Male,France,Central,7,0.0,1,1,1,34221.86,0,0.0,481,0
CUST01829,32,Female,Germany,East,5,1543.34,1,1,1,163011.66,1,31081.42,814,0
CUST08940,51,Male,France,North,9,149279.53,1,1,0,93984.17,0,0.0,461,0
CUST00702,31,Female,France,North,5,142364.09,3,0,0,95107.01,1,73394.49,363,1
CUST07768,31,Female,Spain,West,6,127197.15,1,1,0,72392.88,0,0.0,,0
CUST09916,53,Male,Spain,Central,2,211679.71,1,1,0,18235.08,1,61125.73,523,1
CUST05773,70,Female,France,East,4,28376.39,1,0,0,101638.78,1,82513.39,849,1
CUST03103,67,Male,Germany,Central,2,19165.24,1,1,0,59670.62,1,83871.82,371,0
CUST03630,51,Female,France,South,2,0.0,2,0,0,118874.6,1,57472.01,692,0
CUST06567,69,Female,France,North,2,26354.26,4,0,0,53923.92,0,0.0,726,1
CUST04461,19,Male,Germany,South,8,161869.46,2,0,1,55944.26,0,0.0,705,0
CUST06201,52,Male,Germany,South,8,96185.92,2,0,1,42868.1,0,0.0,729,0
CUST06010,57,Female,Spain,South,8,31702.46,1,0,1,138899.59,1,19990.03,732,0
CUST01865,33,Male,Germany,North,8,0.0,3,0,1,191966.85,0,0.0,580,0
CUST02750,32,Male,France,East,6,0.0,1,1,0,94161.77,0,0.0,537,0
CUST02760,44,Male,Spain,South,1,18617.25,1,1,0,62911.55,1,68388.64,308,1
CUST01311,59,Female,Germany,South,10,197759.85,2,1,1,50073.09,1,92362.4,690,0
CUST07769,30,Female,Spain,South,2,64153.6,1,1,1,110925.7,1,95236.3,458,0
CUST00001,56,Female,France,East,7,84236.74,3,1,1,89649.02,1,55999.53,770,0
CUST03532,38,Male,France,East,5,250000.0,1,1,0,1554.45,1,36425.2,843,1
CUST05340,33,Male,Spain,East,4,0.0,1,0,0,185942.54,1,98989.17,495,0
CUST02264,30,Female,Spain,South,5,41665.21,1,1,0,165294.21,1,34713.28,760,0
CUST08914,58,Female,France,West,3,0.0,1,1,1,5956.96,0,0.0,729,0
CUST03336,59,Male,France,North,2,0.0,3,1,0,6685.72,0,0.0,484,1
CUST08571,35,Female,Spain,West,6,65664.5,1,0,0,132203.37,0,0.0,845,1
CUST01189,28,Male,France,Central,4,0.0,2,1,1,121333.86,0,0.0,358,0
CUST09024,42,Female,Germany,South,8,141103.55,1,1,1,165239.19,0,0.0,475,0
CUST09980,65,Male,Germany,South,9,250000.0,1,0,1,29544.05,1,18918.96,321,1
CUST05171,20,Female,Germany,East,6,0.0,1,1,0,182583.36,1,25015.71,476,0
CUST06059,49,Male,France,South,8,61894.07,1,1,0,199230.62,0,0.0,417,0
CUST01892,63,Male,Germany,East,2,0.0,2,1,1,85081.86,0,0.0,807,0
CUST06143,37,Male,Spain,South,9,0.0,2,1,1,186473.9,0,0.0,428,0
CUST09873,28,Male,Germany,South,3,0.0,1,1,0,143888.35,0,0.0,383,0
CUST04692,35,Male,France,Central,2,23338.52,1,1,1,163288.53,0,0.0,749,0
CUST00844,53,Male,Spain,South,9,0.0,2,0,0,168366.8,0,0.0,819,0
CUST00963,28,Female,France,East,8,11484.71,1,1,1,93737.98,1,62674.7,357,0
CUST05368,47,Male,Germany,West,5,0.0,1,1,1,174044.04,1,85892.06,809,0
CUST03318,39,Male,France,East,1,17286.19,1,0,0,25934.28,0,0.0,597,0
CUST09254,45,Male,France,South,4,143662.41,2,1,0,185051.66,0,0.0,644,0
CUST03556,26,Male,Spain,North,8,0.0,2,1,1,162091.69,1,39502.18,745,0
CUST01127,39,Female,Germany,North,9,25037.31,1,1,1,62817.95,1,25883.94,614,0
CUST02664,40,Male,Spain,West,10,178660.04,3,1,1,188425.41,0,0.0,403,0
CUST03204,71,Female,France,North,0,0.0,1,1,0,125269.54,0,0.0,699,0
CUST09212,60,Male,Germany,East,4,32572.8,2,1,1,93411.07,0,0.0,613,0
CUST05029,53,Male,Spain,South,2,94996.17,1,1,1,144822.27,1,65369.77,335,1
CUST04516,62,Male,Germany,East,3,0.0,1,1,0,185742.91,1,7371.45,794,1
CUST00727,22,Male,Germany,South,2,250000.0,1,1,1,126024.82,0,0.0,328,0
CUST00250,71,Female,France,West,10,3970.79,2,1,0,26980.15,1,94061.44,791,1
CUST00362,58,Female,Germany,West,0,0.0,4,1,0,142391.84,1,66804.1,796,1
CUST08856,53,Female,Spain,East,9,0.0,2,1,0,83219.87,1,16514.1,645,1
CUST02942,21,Male,Spain,South,1,0.0,4,1,1,148552.12,1,61938.25,607,1
CUST00175,47,Male,Spain,West,6,0.0,3,0,1,166618.35,0,0.0,632,0
CUST09217,22,Male,Germany,East,2,0.0,2,1,1,199198.92,1,99481.17,599,0
CUST05005,54,Male,France,West,7,137455.24,2,0,1,123104.09,0,0.0,710,0
CUST03192,28,Female,Spain,South,0,60682.23,2,1,1,171576.36,0,0.0,700,0
CUST01078,45,Male,France,West,1,193001.3,3,0,0,126669.12,0,0.0,810,0
CUST06349,56,Female,France,Central,0,26186.01,2,1,0,109613.44,1,73373.64,,0
CUST03042,67,Female,Spain,Central,9,17118.68,1,0,1,11902.8,1,79203.46,412,0
CUST07904,55,Male,France,West,10,25101.49,2,0,1,126585.33,0,0.0,737,0
CUST01238,41,Male,Germany,South,6,49895.71,2,0,1,180179.87,0,0.0,831,0
CUST04312,22,Female,France,South,1,84022.32,2,0,1,193475.99,1,23673.86,498,0
CUST03159,66,Male,France,West,0,0.0,3,1,1,83204.29,0,0.0,480,0
CUST07014,21,Male,Germany,North,0,7476.35,3,1,0,86848.32,0,0.0,321,1
CUST00746,26,Female,Spain,South,5,5492.74,3,0,1,175528.19,0,0.0,411,0
CUST04541,73,Male,Germany,West,3,0.0,2,0,0,104339.83,0,0.0,507,0
CUST09899,55,Female,France,West,10,45746.78,3,1,1,106871.68,1,56821.99,804,0
CUST04520,19,Male,Spain,North,8,26114.84,2,0,1,10258.85,0,0.0,658,0
CUST05719,50,Female,France,West,7,4145.52,1,1,0,190311.01,0,0.0,484,0
CUST06831,52,Female,France,Central,5,129710.6,2,1,1,164958.88,1,12684.21,716,0
CUST02046,48,Female,Germany,South,5,250000.0,1,1,0,122977.43,1,65033.32,800,0
CUST02281,72,Female,Germany,East,1,7839.32,1,1,0,161922.96,0,0.0,355,0
CUST09959,42,Male,France,Central,2,172277.86,2,1,0,151411.83,1,48583.22,624,0
CUST09183,71,Female,France,North,4,10762.51,1,1,0,181466.39,0,0.0,485,0
CUST02588,70,Female,Spain,South,5,159578.17,1,1,1,186859.86,0,0.0,546,0
CUST05225,69,Female,Spain,North,6,0.0,2,1,1,52466.05,1,34217.15,555,1
CUST05224,65,Male,Germany,North,7,69945.55,1,1,1,,0,0.0,361,0
CUST09821,40,Female,Spain,East,2,102705.39,3,0,1,143460.63,0,0.0,548,0
CUST07334,22,Female,Spain,West,7,43216.49,1,1,1,95380.16,0,0.0,743,0
CUST03952,39,Female,Spain,East,3,133526.12,3,0,1,78686.21,1,71564.03,550,0
CUST08230,49,Female,Germany,East,8,0.0,3,1,1,105568.17,0,0.0,407,1
CUST00607,44,Male,Germany,East,9,0.0,1,1,1,9871.66,0,0.0,533,0
CUST03434,39,Male,Spain,South,7,134136.34,2,0,1,74335.71,0,0.0,343,0
CUST07551,42,Female,France,West,7,5689.92,2,0,1,71373.2,0,0.0,383,0
CUST01714,36,Male,Spain,West,10,125842.93,1,1,1,44983.72,1,19882.81,496,0
CUST06760,71,Male,France,South,1,55597.23,1,1,0,58634.93,0,0.0,475,1
CUST09518,35,Male,France,Central,1,95719.92,1,1,1,105261.11,0,0.0,521,0
CUST03366,59,Female,Germany,East,8,116990.99,3,0,1,23596.28,1,50825.2,338,0
CUST09057,40,Female,Spain,North,6,37295.66,4,1,1,21427.17,1,20878.21,661,1
CUST07498,63,Female,France,East,1,0.0,2,1,0,123849.63,1,16888.35,739,0
CUST07383,46,Female,France,East,2,0.0,1,1,0,81017.64,1,44178.53,420,0
CUST03132,55,Female,France,North,10,18066.53,1,1,1,146938.04,0,0.0,536,0
CUST09503,21,Male,Spain,South,10,194351.17,2,1,1,129734.59,0,0.0,551,0
CUST08673,41,Female,France,Central,10,0.0,2,1,1,59664.5,1,50907.42,730,0
CUST05126,44,Male,France,Central,0,0.0,1,1,0,56528.33,0,0.0,430,0
CUST02035,74,Female,Spain,Central,5,26701.41,1,1,1,198894.54,0,0.0,398,0
CUST03879,44,Female,Spain,East,1,4504.38,2,1,0,156535.11,1,79333.43,799,0
CUST03234,53,Male,France,South,7,19361.15,2,0,1,109945.25,0,0.0,786,0
CUST03387,21,Female,Germany,North,1,91270.55,1,0,0,167915.34,1,88216.85,338,0
CUST06540,66,Male,Germany,North,10,0.0,1,1,0,176147.44,1,95413.9,478,0
CUST03781,22,Female,Germany,West,5,55011.96,2,1,0,76537.0,1,50294.51,402,1
CUST00149,18,Male,Germany,North,3,58188.35,2,1,1,138875.15,1,18300.0,515,0
CUST07847,37,Male,Germany,East,4,11890.18,1,1,1,81324.96,0,0.0,456,0
CUST02926,40,Female,Spain,East,7,98613.45,1,0,0,84656.89,0,0.0,351,0
CUST04082,41,Female,France,North,8,52846.71,1,1,0,97913.97,1,18033.86,467,0
CUST09475,19,Male,Germany,South,10,42653.11,1,1,1,34363.68,1,53136.61,524,0
CUST08001,52,Male,Germany,West,10,40893.13,1,0,1,38922.04,0,0.0,741,0
CUST05318,21,Female,Spain,South,8,130005.74,1,0,1,106902.26,1,86902.64,784,0
CUST00193,74,Male,Germany,Central,10,64022.77,1,1,1,22281.6,0,0.0,733,0
CUST05854,35,Female,Germany,North,0,0.0,2,1,1,158804.61,0,0.0,441,0
CUST08076,22,Male,Germany,South,4,78617.66,3,1,1,46415.69,0,0.0,744,0
CUST04103,25,Male,France,North,10,0.0,1,0,1,52255.54,1,59804.91,678,0
CUST06382,62,Male,Germany,South,9,97979.14,2,1,0,139723.86,1,40348.41,504,0
CUST06508,60,Male,Spain,South,4,50461.39,1,1,1,128424.06,0,0.0,710,1
CUST06210,74,Female,France,South,4,44490.12,4,1,1,193328.98,1,40160.54,721,1
CUST07599,53,Male,Germany,South,0,35126.02,1,1,1,47512.35,1,33934.81,664,0
CUST03142,58,Male,Germany,South,1,49862.17,2,1,1,171992.54,0,0.0,722,0
CUST06024,44,Female,France,North,5,0.0,1,1,1,171628.18,0,0.0,413,0
CUST08385,63,Female,Spain,East,2,62836.66,1,1,1,102455.05,0,0.0,709,0
CUST07112,21,Male,Germany,South,7,0.0,1,1,0,102029.52,0,0.0,842,0
CUST03116,38,Female,France,West,9,0.0,2,1,1,125215.44,0,0.0,315,0
CUST08180,57,Male,France,East,4,23397.42,3,1,0,194656.91,1,30783.56,653,1
CUST01995,22,Female,France,West,1,0.0,1,1,0,88150.03,1,43774.93,471,0
CUST05531,56,Female,Germany,Central,3,48960.19,1,1,1,83430.42,0,0.0,660,0
CUST00682,52,Female,Germany,North,0,70040.06,2,0,0,196048.75,1,34309.01,501,1
CUST03591,35,Male,Spain,East,7,80967.59,1,1,1,77483.84,1,98608.0,632,0
CUST01629,62,Male,France,West,10,40680.55,1,1,0,195177.87,0,0.0,678,1
CUST07198,59,Male,France,South,9,0.0,4,1,1,92375.21,0,0.0,687,0
CUST06910,73,Male,Germany,Central,3,173196.2,1,1,0,43334.39,0,0.0,450,1
CUST01254,29,Male,Germany,West,3,0.0,1,1,1,176924.42,0,0.0,779,0
CUST02854,20,Female,Spain,Central,7,,4,1,0,158612.96,0,0.0,709,0
CUST06706,26,Female,France,West,3,115708.69,1,1,0,168998.53,1,96678.26,818,1
CUST09457,37,Male,Spain,West,2,0.0,3,0,1,167358.33,0,0.0,611,1
CUST07093,53,Male,Spain,East,2,0.0,1,1,0,20784.12,0,0.0,,1
CUST03770,72,Male,Spain,East,6,84069.76,2,1,0,63510.03,0,0.0,602,1
CUST04330,38,Male,France,East,3,150270.63,1,1,1,130794.32,1,40637.94,832,0
CUST08134,61,Female,France,North,10,53499.1,3,1,0,132441.58,0,0.0,355,1
CUST06121,42,Female,France,West,10,17308.94,2,1,0,95848.72,1,22070.04,794,0
CUST08633,38,Male,France,West,8,250000.0,2,1,1,152454.71,0,0.0,844,0
CUST08050,56,Male,France,West,3,152400.15,2,1,1,1276.01,0,0.0,548,0
CUST04892,64,Male,France,North,2,79436.68,1,0,0,131099.27,1,61273.21,473,1
CUST02820,55,Female,Germany,South,5,47401.62,1,1,1,26422.12,1,75522.89,461,0
CUST04147,19,Male,France,West,0,1158.3,1,1,1,18068.49,1,82819.5,684,0
CUST01137,54,Female,Germany,Central,8,78351.78,1,0,0,141590.87,0,0.0,814,0
CUST03278,66,Male,Spain,East,10,0.0,2,0,1,87014.95,0,0.0,645,0
CUST03836,37,Male,France,North,5,46509.81,2,1,1,90253.8,0,0.0,483,0
CUST05399,22,Female,France,West,8,133479.56,1,1,0,147438.05,1,74631.95,840,0
CUST03812,43,Female,France,South,6,155399.67,1,0,1,16537.55,1,70732.83,723,0
CUST06662,69,Male,Germany,East,2,203759.23,1,1,1,148023.56,0,0.0,481,1
CUST05294,23,Male,Spain,Central,0,112229.46,1,1,0,29504.23,1,52074.86,825,0
CUST00496,71,Male,France,South,2,17368.36,1,1,0,189754.38,1,77992.81,502,0
CUST03199,68,Male,Spain,West,2,17552.73,2,0,1,180775.23,1,8464.81,319,1
CUST08346,67,Female,France,North,8,5555.62,1,1,1,141761.23,0,0.0,472,0
CUST08865,57,Male,Spain,South,9,175899.92,2,1,0,182950.99,0,0.0,762,1
CUST00893,39,Male,France,West,3,60507.89,2,0,0,10349.07,0,0.0,423,0
CUST01928,43,Male,Germany,West,5,114013.38,4,1,0,42845.08,1,32711.11,690,0
CUST06493,33,Female,France,North,9,0.0,2,1,1,78442.83,0,0.0,361,0
CUST03654,68,Male,France,Central,2,526.51,2,1,0,194713.83,0,0.0,737,1
CUST06578,73,Male,Germany,South,5,0.0,2,0,1,88505.39,0,0.0,435,0
CUST05145,51,Male,France,East,9,75938.89,2,1,1,114759.82,1,31751.53,419,0
CUST06820,52,Female,France,North,8,0.0,2,1,1,21162.13,1,70451.88,736,0
CUST06513,56,Male,Spain,West,3,132872.56,1,1,1,76413.18,1,7651.53,497,0
CUST05559,55,Female,France,Central,7,0.0,1,1,0,34977.85,1,63516.07,478,0
CUST05271,20,Male,Spain,North,7,0.0,1,1,1,21016.49,1,63933.15,437,0
CUST02072,47,Male,France,Central,8,62436.31,1,1,0,147492.74,0,0.0,781,1
CUST03291,40,Male,Germany,Central,9,0.0,1,1,1,138763.78,1,38259.48,423,0
CUST06666,38,Male,France,West,2,11108.95,1,0,1,156863.92,0,0.0,419,0
CUST07135,48,Female,France,North,8,158311.93,2,0,0,61723.57,0,0.0,753,1
CUST04691,65,Female,France,North,8,0.0,1,1,0,161700.29,0,0.0,360,0
CUST01753,27,Male,Spain,South,10,71288.23,1,1,1,162138.48,0,0.0,575,0
CUST00312,52,Male,France,East,8,250000.0,3,1,1,157634.59,0,0.0,399,0
CUST03753,29,Female,Germany,West,8,94743.15,3,0,1,27658.89,0,0.0,510,1
CUST07905,30,Female,Germany,East,4,75087.81,1,0,0,163387.59,1,28674.22,597,0
CUST07700,39,Female,Spain,Central,10,1140.24,2,1,0,173962.44,0,0.0,827,0
CUST01285,49,Female,France,South,2,25833.97,2,1,0,187096.2,1,29547.89,510,0
CUST03117,69,Male,Germany,North,4,250000.0,1,0,1,91764.04,1,12824.93,331,0
CUST00078,59,Male,France,East,3,68418.13,1,1,0,124076.92,1,76007.45,636,0
CUST00242,54,Female,Germany,East,6,96515.19,2,1,1,19167.57,1,5433.81,810,0
CUST07236,49,Female,France,North,7,58630.69,1,1,1,169820.51,1,52565.49,470,0
CUST03535,61,Female,France,North,5,0.0,1,1,0,31280.82,0,0.0,368,0
CUST03739,25,Female,France,Central,6,250000.0,2,1,0,14595.94,0,0.0,432,0
CUST03853,20,Male,France,North,7,0.0,1,0,1,53715.22,1,67309.55,319,0
CUST07021,32,Male,France,North,6,84021.83,2,1,0,45824.22,0,0.0,570,1
CUST07632,47,Male,Germany,Central,10,38448.84,2,1,1,36176.54,1,73352.6,669,0
CUST05155,48,Female,Spain,Central,0,0.0,2,1,1,134750.99,0,0.0,367,0
CUST02047,35,Male,Germany,North,7,98957.28,1,1,0,24141.12,1,52342.42,314,0
CUST07503,30,Male,Spain,South,5,0.0,3,0,1,129960.33,1,55421.72,767,0
CUST09080,29,Female,Germany,West,4,24643.36,1,0,1,77385.18,1,39988.59,733,0
CUST03642,33,Female,France,Central,9,0.0,4,0,1,3580.07,1,24588.53,626,0
CUST09777,42,Male,Spain,Central,2,85276.26,2,1,0,42484.78,1,91371.13,398,0
CUST08611,58,Male,France,East,2,18589.36,1,1,0,176880.44,0,0.0,412,0
CUST08353,21,Male,France,East,8,0.0,1,1,0,91400.61,0,0.0,540,0
CUST02764,41,Female,France,South,0,0.0,1,1,1,716.56,1,28537.63,834,0
CUST09992,71,Male,France,South,5,89378.58,1,1,1,121403.34,0,0.0,353,0
CUST03368,71,Female,Germany,Central,1,196706.38,3,1,1,135770.48,1,16069.69,642,0
CUST05443,70,Male,Germany,East,1,126780.48,3,1,1,67073.56,0,0.0,373,0
CUST03462,34,Female,France,East,6,0.0,1,0,0,22949.21,1,6071.35,321,1
CUST03308,69,Male,France,Central,9,74322.37,1,1,1,171340.34,0,0.0,840,0
CUST02965,47,Female,Spain,South,0,97024.33,2,1,0,101459.16,0,0.0,511,0
CUST02779,66,Male,France,West,10,168296.45,1,1,0,150180.63,1,90760.6,459,0
CUST01888,42,Female,France,South,3,102939.26,2,1,0,105305.59,0,0.0,473,0
CUST04138,57,Male,France,West,0,75885.45,2,1,0,173854.51,1,69868.12,723,0
CUST06583,65,Male,France,West,7,0.0,1,1,0,46797.75,1,12710.39,312,1
CUST05755,57,Female,Germany,East,2,6712.99,2,1,0,121695.88,0,0.0,711,0
CUST05037,18,Female,Spain,North,8,250000.0,1,1,1,113126.8,1,54592.52,379,0
CUST00052,35,Male,Spain,East,3,25626.28,3,0,0,195696.16,0,0.0,712,0
CUST07299,37,Female,Spain,South,7,0.0,1,0,0,47056.31,0,0.0,663,0
CUST08758,20,Male,France,Central,1,57664.77,2,1,1,107593.69,1,77746.25,305,0
CUST01873,56,Male,Germany,North,4,0.0,3,0,1,41931.37,0,0.0,364,0
CUST03154,72,Male,France,Central,10,25519.13,3,1,0,151896.6,0,0.0,697,1
CUST02991,53,Male,France,North,3,18180.21,3,0,0,110770.44,0,0.0,475,0
CUST06756,25,Male,Germany,South,2,0.0,1,0,1,67436.46,0,0.0,730,1
CUST03740,54,Female,Germany,North,3,250000.0,4,1,1,72956.87,1,25068.28,385,0
CUST06919,34,Female,Spain,North,4,9853.36,1,1,0,59640.16,0,0.0,601,0
CUST06391,25,Female,France,North,6,33369.19,1,1,1,26821.47,1,74031.62,443,0
CUST05905,24,Male,Germany,East,8,92054.75,2,1,0,47252.19,0,0.0,518,0
CUST06547,45,Female,Germany,Central,8,81342.18,2,1,0,104381.05,0,0.0,803,1
CUST09722,64,Female,Spain,North,7,0.0,3,1,1,35920.32,1,65257.99,667,1
CUST00837,55,Female,France,West,6,0.0,4,1,1,105455.42,1,19553.74,726,0
CUST07075,53,Male,Spain,South,2,250000.0,2,1,1,198651.08,1,25963.67,625,0
CUST04855,67,Female,France,North,1,0.0,2,1,0,52099.79,0,0.0,602,0
CUST00959,54,Male,Germany,North,9,145981.72,1,1,0,40682.37,0,0.0,732,0
CUST07689,50,Male,Germany,North,4,,1,1,1,12924.44,1,24205.34,569,0
CUST08223,73,Female,Germany,East,9,109864.9,2,1,0,5718.78,0,0.0,694,0
CUST00709,22,Male,Spain,South,10,3337.94,1,1,0,60769.83,0,0.0,846,0
CUST06348,72,Female,Spain,North,4,0.0,1,1,0,152079.68,0,0.0,818,0
CUST02788,65,Male,Germany,Central,3,0.0,1,1,1,22195.48,1,97703.85,504,0
CUST00252,54,Male,France,North,5,984.56,2,1,0,154406.36,0,0.0,773,0
CUST04642,23,Female,France,North,9,64935.94,1,1,1,126520.18,0,0.0,443,0
CUST06155,55,Female,France,South,0,94536.47,1,1,1,111035.1,1,5720.81,609,0
CUST06590,67,Male,France,East,6,55117.29,4,0,1,167279.44,1,68735.02,831,0
CUST04716,62,Male,France,West,8,29489.28,3,0,1,15405.08,0,0.0,418,0
CUST07639,43,Female,France,West,2,0.0,2,1,1,13506.22,0,0.0,421,0
CUST01934,22,Female,France,North,4,5098.66,1,1,1,87320.59,0,0.0,716,0
CUST06603,31,Female,Spain,North,9,0.0,3,0,1,65813.8,0,0.0,653,0
CUST03518,41,Female,France,West,4,125390.96,2,1,0,19035.16,0,0.0,745,0
CUST09430,71,Male,France,East,10,48143.34,2,0,0,55639.8,0,0.0,344,1
CUST05050,66,Female,Spain,North,0,13419.82,2,1,1,40308.96,0,0.0,572,0
CUST07335,62,Male,France,North,9,129934.83,2,1,1,125926.56,0,0.0,734,1
CUST06511,68,Female,France,Central,8,0.0,4,1,1,81795.92,0,0.0,371,0
CUST04881,45,Male,Germany,North,5,0.0,1,1,1,73016.76,0,0.0,574,0
CUST02314,31,Male,Germany,North,9,0.0,1,1,1,149850.33,0,0.0,645,1
CUST09742,50,Female,Spain,North,2,182840.36,3,1,1,165740.58,0,0.0,645,0
CUST04135,36,Male,Germany,South,3,16717.08,1,0,1,131147.4,0,0.0,576,0
CUST00497,60,Female,France,North,6,29382.35,1,1,1,165193.47,1,97266.75,639,0
CUST05129,52,Male,Germany,East,7,14416.21,1,1,1,170701.86,0,0.0,791,0
CUST08199,41,Male,France,North,5,4927.73,2,0,1,53182.87,1,39891.8,323,0
CUST08450,38,Male,France,North,0,93764.15,2,1,1,13196.27,0,0.0,792,0
CUST02823,56,Female,Germany,East,4,58692.31,3,1,1,165484.04,1,89056.65,395,1
CUST05257,23,Female,France,South,7,0.0,1,1,0,9224.74,0,0.0,805,0
CUST04499,26,Female,Germany,West,2,51456.27,1,1,1,196440.09,0,0.0,301,0
CUST03813,50,Female,Germany,South,10,0.0,1,1,0,146401.4,1,19352.42,316,0
CUST00046,54,Male,Germany,West,10,0.0,2,1,0,100014.51,0,0.0,,1
CUST03522,58,Female,Spain,North,0,0.0,1,1,1,106915.18,0,0.0,421,0
CUST04251,28,Female,Germany,West,0,29014.94,1,0,1,97709.52,1,21829.96,742,1
CUST02400,53,Female,France,South,6,0.0,2,0,1,136151.92,1,44656.4,791,0
CUST04991,60,Male,France,West,6,76850.62,1,1,1,184767.59,0,0.0,592,0
CUST06327,49,Female,France,East,5,95804.55,1,1,1,132864.54,1,13754.03,473,0
CUST04508,52,Female,Spain,North,9,68645.24,1,1,0,149199.57,1,66600.14,666,0
CUST09970,71,Female,France,Central,4,40866.7,3,1,0,81477.3,0,0.0,819,0
CUST01853,49,Female,France,North,7,1724.51,1,0,0,56356.33,1,70367.79,806,0
CUST06654,69,Female,France,Central,5,44015.52,1,0,0,49239.4,1,87601.27,483,1
CUST05701,63,Female,France,South,9,0.0,1,0,0,15429.05,0,0.0,812,0
CUST08918,20,Male,Germany,West,4,97289.89,2,1,0,4824.19,1,85339.24,449,0
CUST05911,34,Female,Germany,South,4,0.0,2,0,0,197718.74,0,0.0,349,0
CUST02689,51,Female,France,West,1,0.0,3,0,0,76289.94,0,0.0,398,1
CUST07463,44,Male,Germany,East,1,95166.74,1,1,1,44642.82,1,33929.06,355,0
CUST07310,57,Female,France,Central,2,0.0,1,1,1,17443.46,1,37613.6,457,1
CUST02903,73,Female,Germany,West,2,99805.57,2,1,1,25995.05,0,0.0,676,0
CUST04950,52,Male,France,North,3,19118.64,2,1,1,37592.69,1,88170.96,627,1
CUST00488,42,Female,Spain,South,4,34636.36,1,0,0,62273.82,0,0.0,775,0
CUST03894,37,Male,France,West,9,32086.94,1,1,0,197857.34,0,0.0,473,0
CUST09301,41,Male,France,East,10,0.0,1,1,1,96706.22,1,96722.49,702,0
CUST02934,74,Male,Spain,West,3,121687.55,1,1,1,654.87,0,0.0,789,0
CUST09327,38,Male,Germany,North,10,117887.11,1,0,0,186775.24,1,45793.75,829,0
CUST08412,73,Female,France,South,4,,1,1,0,94788.65,1,72809.86,656,0
CUST07464,28,Female,Germany,East,6,0.0,1,1,0,50405.53,0,0.0,809,0
CUST05583,66,Male,France,South,10,,1,1,1,62748.92,0,0.0,638,0
CUST09447,38,Male,France,North,1,85312.96,1,1,1,147180.36,1,30061.7,658,0
CUST03085,22,Female,Spain,North,7,0.0,2,0,0,21324.51,0,0.0,376,0
CUST01819,51,Female,France,West,9,74316.23,2,1,0,77722.93,0,0.0,801,0
CUST08470,41,Female,France,East,6,2884.36,1,1,1,106396.33,0,0.0,575,1
CUST07770,70,Female,Germany,North,7,6885.48,1,0,1,6777.77,1,27859.94,680,0
CUST07888,29,Male,Spain,East,2,102408.9,2,1,1,104049.29,1,24236.43,647,0
CUST01241,52,Female,Spain,East,5,125346.65,1,1,1,179790.94,0,0.0,489,0
CUST07367,22,Male,France,North,2,0.0,2,1,1,144197.16,0,0.0,828,0
CUST08482,37,Male,France,East,10,5220.14,1,0,1,154698.05,0,0.0,471,0
CUST02164,55,Male,Spain,East,4,0.0,2,1,1,15893.72,0,0.0,323,0
CUST06938,26,Male,Germany,Central,1,0.0,4,1,1,155168.19,1,98903.73,435,0
CUST01705,41,Male,France,Central,2,638.55,2,1,1,40322.77,0,0.0,389,0
CUST06087,63,Female,Germany,South,7,14543.91,1,1,0,178517.09,1,99118.13,651,0
CUST05147,66,Female,Germany,North,8,250000.0,1,0,1,83611.64,1,33336.36,397,0
CUST05718,71,Male,France,North,9,0.0,2,1,1,123951.09,1,61668.44,839,0
CUST05953,49,Female,Spain,South,4,156106.12,1,1,0,130475.35,0,0.0,833,0
CUST00524,73,Male,France,Central,0,3916.08,1,0,1,74443.07,0,0.0,845,0
CUST09598,65,Female,Spain,Central,10,108601.45,1,1,1,180251.36,0,0.0,579,0
CUST05629,46,Male,Germany,West,8,54364.24,1,1,0,95608.86,0,0.0,428,0
CUST06881,70,Female,Spain,East,7,0.0,1,1,1,19526.52,1,66391.49,332,0
CUST01546,71,Male,France,Central,2,236655.19,1,0,1,167300.41,0,0.0,301,0
CUST04470,52,Female,Spain,South,1,57891.79,1,1,0,21704.58,0,0.0,334,0
CUST08530,45,Male,Germany,South,5,19532.58,2,1,1,38367.55,0,0.0,451,0
CUST06981,28,Female,Spain,West,8,25995.44,1,0,0,81959.51,1,53368.13,424,0
CUST03898,41,Female,France,South,0,215877.54,2,1,1,94002.84,1,99660.3,811,0
CUST07363,48,Female,Spain,South,1,11302.36,2,1,0,99635.36,0,0.0,,0
CUST02619,32,Male,France,Central,5,95105.92,1,1,1,49460.4,0,0.0,447,1
CUST05040,46,Female,France,East,2,7903.58,1,1,0,16995.68,1,41284.95,531,1
CUST03307,32,Male,Germany,North,9,0.0,2,0,1,170758.97,0,0.0,708,1
CUST03267,49,Female,France,West,3,54841.26,1,1,0,157475.53,0,0.0,608,1
CUST02603,30,Male,France,East,4,32633.25,1,0,1,39688.71,0,0.0,702,0
CUST05833,74,Female,Spain,Central,6,9525.69,3,1,0,28949.29,0,0.0,,0
CUST02069,65,Male,Spain,South,5,0.0,1,1,1,129360.29,0,0.0,,0
CUST04388,29,Female,France,East,10,137621.92,1,1,0,16277.78,1,6101.57,595,0
CUST05495,59,Female,France,West,9,112530.08,2,1,0,127740.72,1,48850.46,694,0
CUST03101,38,Male,Germany,Central,8,40458.61,3,0,0,34885.35,1,25258.33,582,1
CUST03153,28,Female,Germany,Central,10,41189.15,1,1,0,132436.69,1,37232.06,438,1
CUST07984,19,Female,France,North,6,,2,0,1,166236.27,1,93767.47,785,0
CUST00668,35,Male,France,East,0,62410.46,1,0,1,94353.96,0,0.0,825,0
CUST04420,68,Female,Germany,South,8,114655.9,2,0,1,53799.55,0,0.0,581,0
CUST09748,52,Female,France,West,8,77440.64,2,1,1,101033.96,1,16993.97,463,0
CUST06326,34,Female,Germany,North,6,62117.13,2,1,0,45730.1,0,0.0,318,0
CUST03156,25,Male,France,South,4,91007.53,2,1,1,121216.62,0,0.0,652,0
CUST04242,46,Female,Spain,East,0,0.0,2,1,1,48681.35,0,0.0,794,0
CUST07570,27,Female,Germany,Central,3,0.0,1,1,1,110650.55,1,66657.81,650,1
CUST09359,61,Male,France,Central,10,1316.79,1,0,0,28224.53,0,0.0,521,0
CUST06612,43,Female,France,East,7,0.0,3,0,1,37536.02,1,41094.24,633,0
CUST00129,56,Male,Spain,South,9,45158.65,2,0,1,36626.52,0,0.0,746,0
CUST01385,50,Female,France,Central,10,,2,0,0,9745.37,0,0.0,666,0
CUST08960,59,Male,France,East,3,0.0,1,0,0,87666.0,0,0.0,349,1
CUST04248,64,Male,Germany,South,0,0.0,1,0,0,44365.25,0,0.0,734,0
CUST06364,31,Female,France,South,7,2211.36,1,1,1,126725.3,0,0.0,634,0
CUST00832,29,Female,Spain,East,0,61303.01,2,1,1,152996.34,0,0.0,544,0
CUST09786,44,Male,Spain,Central,1,0.0,2,1,0,15314.06,0,0.0,844,1
CUST09948,33,Male,France,South,9,26419.42,1,1,0,130911.59,1,87269.1,776,1
CUST09485,34,Male,France,South,8,32756.89,1,1,1,124344.89,1,96295.3,793,0
CUST07775,55,Female,France,South,3,120190.6,1,1,0,135577.07,1,77351.56,460,1
CUST07274,27,Male,France,Central,8,159225.38,1,1,0,17035.6,1,72643.4,312,0
CUST00300,35,Female,Spain,North,2,182910.78,4,0,1,179341.23,0,0.0,837,0
CUST07874,62,Male,Germany,South,8,74638.16,1,1,1,120850.99,1,83141.23,,0
CUST09076,40,Female,France,North,0,0.0,1,1,0,91456.52,0,0.0,501,1
CUST09555,35,Male,France,West,2,8892.64,1,0,1,29123.78,0,0.0,546,0
CUST01864,74,Female,Germany,Central,3,33626.0,2,1,1,70369.26,0,0.0,332,0
CUST07568,58,Female,France,West,6,0.0,3,1,1,98674.89,1,7020.0,485,0
CUST02429,19,Male,Germany,South,10,12262.92,2,1,0,163288.69,0,0.0,738,0
CUST00132,24,Male,France,West,10,119278.3,2,1,1,61781.27,0,0.0,798,0
CUST04751,70,Female,France,South,4,0.0,1,1,1,142240.97,1,80275.09,839,0
CUST05698,40,Male,Spain,West,1,0.0,1,0,0,171368.01,1,81924.3,589,0
CUST08417,71,Male,France,South,1,0.0,1,0,1,166092.72,0,0.0,651,0
CUST04719,62,Female,France,East,10,23167.45,2,1,1,54768.53,1,74224.54,582,1
CUST09879,38,Male,France,West,4,9382.47,1,1,0,104539.01,0,0.0,621,1
CUST08131,48,Female,France,West,3,95720.45,1,1,1,21718.45,0,0.0,334,0
CUST02320,29,Female,France,South,2,147811.82,2,1,1,3494.05,0,0.0,773,0
CUST07221,59,Female,France,North,0,72347.63,1,1,0,173015.25,0,0.0,593,0
CUST06643,65,Male,Spain,North,3,18233.01,1,1,0,,0,0.0,657,1
CUST00028,50,Male,Spain,East,6,250000.0,1,1,1,26729.71,0,0.0,711,0
CUST06768,62,Male,France,North,7,101438.16,1,1,1,124958.89,0,0.0,314,0
CUST02853,61,Female,Germany,North,4,15798.52,1,1,0,123188.61,0,0.0,659,0
CUST02282,61,Male,France,West,10,17601.45,2,1,0,103084.73,0,0.0,784,0
CUST04817,24,Male,Germany,West,8,0.0,1,1,0,144787.67,0,0.0,416,0
CUST06971,58,Female,France,North,0,43392.46,2,0,0,88191.25,0,0.0,541,1
CUST01693,28,Female,France,Central,0,250000.0,3,1,1,162037.36,0,0.0,414,1
CUST07842,47,Female,Germany,West,1,0.0,1,0,1,168437.54,0,0.0,687,0
CUST07117,40,Female,Spain,East,8,0.0,3,0,0,157807.51,1,9420.53,316,1
CUST07116,37,Female,France,South,7,7491.82,3,1,0,151878.63,1,67692.06,838,0
CUST06683,39,Female,France,East,1,0.0,1,1,0,102371.67,1,29580.25,827,1
CUST09956,43,Female,Spain,North,7,,2,1,0,14323.56,1,44597.51,363,1
CUST03919,72,Male,Spain,South,9,0.0,2,1,0,106341.14,1,44665.8,688,0
CUST02478,64,Female,Germany,North,4,0.0,1,1,1,14527.19,0,0.0,576,0
CUST08236,46,Female,France,North,9,0.0,1,1,1,160028.94,0,0.0,370,0
CUST01259,39,Male,Spain,Central,8,0.0,1,1,1,67169.64,0,0.0,698,0
CUST08981,55,Female,Germany,North,2,31402.79,1,1,0,107069.32,0,0.0,610,0
CUST04454,20,Male,Germany,South,0,66280.87,2,1,0,81311.14,1,32182.07,544,0
CUST03405,63,Male,France,North,4,86991.3,2,1,1,90589.33,1,66654.82,379,0
CUST03669,32,Male,Germany,South,7,,2,0,1,106562.0,1,14917.89,612,0
CUST05987,37,Female,France,West,10,0.0,1,1,1,8793.09,1,15173.28,394,1
CUST07776,51,Male,France,West,4,0.0,1,1,0,179401.25,0,0.0,568,1
CUST07859,64,Female,Germany,West,2,50779.09,1,1,0,139700.45,1,75870.75,519,0
CUST02835,23,Male,Spain,North,10,29454.73,3,1,1,137608.96,1,14322.24,523,0
CUST04718,62,Female,Germany,West,2,32555.2,1,1,0,158545.51,0,0.0,643,0
CUST07020,44,Male,France,West,6,178393.37,3,0,1,138565.57,0,0.0,415,0
CUST09331,61,Female,France,East,4,150464.75,2,0,1,143881.05,1,26742.16,517,0
CUST09888,64,Male,Spain,North,0,214177.84,3,0,0,196651.25,0,0.0,410,0
CUST02116,64,Male,France,Central,8,0.0,1,0,1,163416.51,1,58821.45,665,0
CUST00559,54,Female,Spain,East,0,2845.63,1,1,1,162003.6,1,35107.57,841,0
CUST01258,57,Male,Spain,South,1,110891.82,2,1,1,59365.99,1,36483.87,623,0
CUST05992,18,Female,Germany,Central,10,110466.92,1,1,1,79574.62,0,0.0,350,0
CUST05422,39,Male,France,East,5,11389.09,2,0,0,143719.79,1,43491.14,683,1
CUST00974,44,Female,France,Central,9,103609.97,2,0,1,69888.62,0,0.0,434,0
CUST06276,41,Female,France,North,1,195655.31,1,1,0,164231.28,1,6277.32,629,0
CUST03512,21,Female,Spain,South,3,224863.94,1,1,0,45041.46,1,21412.95,679,0
CUST08819,31,Female,Spain,North,3,16740.22,3,1,1,120310.11,1,71610.61,591,1
CUST09218,46,Female,France,West,3,23601.15,2,1,0,24353.66,1,38976.19,614,0
CUST09658,65,Female,Spain,South,5,76229.95,1,1,1,48264.77,0,0.0,325,1
CUST09112,43,Female,Germany,North,9,21800.15,2,1,1,89620.99,0,0.0,791,0
CUST03927,70,Female,France,North,8,0.0,2,0,0,145584.9,0,0.0,624,0
CUST01866,73,Female,France,South,3,64692.94,1,0,0,197671.29,1,28316.05,699,0
CUST02031,24,Male,Germany,Central,2,2896.72,1,0,1,57365.43,0,0.0,597,0
CUST04395,61,Female,Spain,South,2,97936.35,1,1,0,35791.25,0,0.0,608,0
CUST00138,65,Male,France,South,0,,2,1,1,74586.89,1,12430.43,780,1
CUST04326,49,Male,France,North,2,136204.19,2,1,0,133248.79,1,69977.47,341,0
CUST03030,19,Female,France,South,7,0.0,2,1,1,165535.4,1,63117.52,799,0
CUST07804,60,Male,Germany,West,6,0.0,3,1,0,25973.13,0,0.0,797,1
CUST06507,18,Male,Spain,North,7,12417.15,2,1,1,165566.11,0,0.0,809,0
CUST00909,48,Female,Germany,East,1,99912.74,1,1,0,,0,0.0,829,0
CUST08020,51,Male,France,South,0,141867.35,3,0,1,74653.55,0,0.0,507,0
CUST06844,45,Male,France,East,7,77842.35,1,0,0,33995.53,1,96733.46,616,1
CUST06664,63,Male,France,Central,9,0.0,1,1,0,88784.55,1,58492.91,734,0
CUST08423,59,Male,France,West,5,0.0,2,0,0,169088.73,1,88638.72,624,1
CUST09650,20,Male,Spain,South,0,47771.95,2,1,0,65805.9,1,38358.78,421,0
CUST04804,42,Female,France,South,6,250000.0,1,1,1,80044.06,0,0.0,789,0
CUST01952,52,Male,Germany,Central,9,56862.29,3,0,1,60214.8,1,29303.77,644,0
CUST07485,28,Female,France,Central,1,20540.1,1,1,1,186255.18,1,63413.0,639,0
CUST04584,39,Male,Germany,Central,7,,2,1,0,163282.09,0,0.0,399,1
CUST07730,27,Male,France,South,0,20355.1,2,0,1,51362.99,0,0.0,600,0
CUST01755,72,Female,France,North,5,18625.31,1,1,1,114978.46,0,0.0,569,0
CUST09739,30,Male,Germany,West,9,0.0,1,1,1,97977.34,1,16241.94,352,0
CUST08699,72,Male,Germany,Central,2,93729.21,1,1,0,159082.2,1,56369.81,372,0
CUST09056,27,Female,Germany,South,2,124483.68,2,1,1,,1,18725.09,617,0
CUST06505,44,Female,France,West,3,145170.17,1,1,1,38864.31,0,0.0,827,0
CUST03892,47,Female,Germany,Central,10,0.0,2,1,1,154948.16,0,0.0,678,1
CUST05375,71,Male,Spain,Central,6,51628.27,1,0,0,71504.31,0,0.0,518,0
CUST07358,22,Male,France,Central,1,38285.83,2,1,0,68715.29,0,0.0,843,0
CUST08164,72,Male,France,South,8,22108.78,2,1,1,193555.62,0,0.0,745,0
CUST01369,27,Female,Spain,South,5,86567.74,1,1,1,26039.68,0,0.0,344,1
CUST06203,37,Female,France,North,2,24366.02,1,0,0,106660.37,0,0.0,574,0
CUST06256,63,Female,France,North,2,0.0,1,0,1,137026.26,1,33425.1,723,0
CUST04485,18,Female,France,West,4,76139.28,2,0,1,18762.74,1,84120.51,748,0
CUST04364,54,Male,Germany,East,1,112892.9,1,1,1,176594.82,1,15284.27,702,0
CUST06049,65,Female,Spain,South,1,0.0,3,1,0,51292.94,1,95558.71,333,0
CUST00343,66,Male,France,Central,7,0.0,1,0,0,171395.14,0,0.0,381,1
CUST00530,43,Female,France,Central,9,37629.93,3,0,0,12735.46,0,0.0,756,1
CUST00086,27,Male,Spain,South,1,0.0,1,1,1,91879.74,0,0.0,591,0
CUST00255,18,Female,France,West,0,30746.29,3,1,0,70628.44,0,0.0,548,1
CUST08388,24,Male,France,Central,7,107671.23,3,0,0,58282.5,1,73310.56,542,0
CUST02091,34,Male,France,North,8,66401.53,2,0,1,126173.73,0,0.0,628,0
CUST09272,59,Male,France,South,5,68900.4,1,1,1,40349.84,0,0.0,623,0
CUST03052,26,Female,Germany,North,1,3436.78,1,0,1,77541.98,1,56189.84,303,0
CUST02016,33,Female,France,Central,2,54634.64,3,1,0,25986.67,0,0.0,680,1
CUST04871,62,Male,France,South,5,0.0,2,1,1,12566.39,0,0.0,641,0
CUST08139,42,Male,Spain,East,3,6236.43,2,0,0,77897.23,1,36942.58,562,0
CUST00377,65,Female,France,West,10,81402.62,2,1,1,163827.22,1,14114.93,620,0
CUST09474,34,Male,Spain,North,8,0.0,1,1,0,56511.72,0,0.0,507,1
CUST05283,52,Female,France,East,4,77611.26,3,0,1,29030.43,0,0.0,510,0
CUST03553,30,Male,Spain,Central,3,175929.89,1,0,0,190371.36,0,0.0,785,0
CUST07598,36,Female,Germany,Central,3,0.0,1,1,0,169413.73,1,14650.25,591,0
CUST00505,56,Female,France,Central,8,88280.79,1,0,0,19134.41,0,0.0,301,0
CUST03343,18,Female,Spain,East,3,924.99,1,1,1,198436.63,1,64073.93,774,0
CUST00624,60,Male,Spain,Central,5,98522.46,2,0,1,24104.32,1,68393.55,800,0
CUST06220,72,Female,France,North,2,6306.49,2,1,0,120465.85,1,53012.94,809,0
CUST04238,18,Male,France,West,3,0.0,3,0,1,171267.32,0,0.0,674,1
CUST02866,47,Female,Germany,South,0,958.63,1,0,1,63415.37,0,0.0,454,0
CUST03821,35,Female,France,West,7,127208.43,1,1,1,197050.15,1,57444.78,627,1
CUST08222,71,Female,Spain,East,1,0.0,2,0,1,138920.1,0,0.0,827,0
CUST04825,50,Male,Germany,North,7,0.0,1,0,1,3540.02,0,0.0,636,0
CUST09463,73,Female,Spain,West,4,0.0,2,1,1,99205.58,1,77912.29,320,0
CUST00542,65,Female,France,West,1,85600.26,2,1,0,193674.33,0,0.0,729,1
CUST00177,40,Male,Spain,East,8,13352.86,1,0,0,22648.0,0,0.0,336,0
CUST01730,18,Male,France,West,1,170270.3,2,1,1,59515.89,0,0.0,485,0
CUST09086,35,Female,Spain,East,8,21770.91,2,1,0,30055.32,1,90690.73,474,0
CUST02493,52,Female,Germany,West,7,0.0,1,1,0,160748.35,1,82455.38,504,1
CUST01370,57,Male,Germany,East,6,41674.4,2,0,1,167313.39,1,41700.9,648,0
CUST02114,50,Female,Germany,Central,2,81176.55,1,1,1,26227.28,0,0.0,786,0
CUST01246,61,Female,Germany,North,2,13875.64,2,0,1,46922.93,0,0.0,391,0
CUST08549,31,Male,Germany,West,5,110783.6,2,1,0,118288.42,0,0.0,717,0
CUST05374,37,Female,Germany,East,9,22853.34,3,1,1,25542.11,0,0.0,768,0
CUST07486,56,Male,France,North,6,26521.73,1,0,1,126976.53,0,0.0,425,0
CUST07154,63,Male,Spain,Central,1,220379.53,3,0,1,20355.6,0,0.0,795,0
CUST03337,33,Male,France,North,4,19821.18,3,1,1,188385.48,0,0.0,539,0
CUST03087,19,Female,Germany,South,0,34287.72,1,1,1,46346.08,1,39071.49,340,0
CUST05431,37,Male,Spain,South,1,0.0,1,0,1,71337.19,1,83717.25,394,0
CUST06723,47,Male,France,South,5,36821.84,1,1,1,17679.51,0,0.0,703,0
CUST00383,63,Male,France,Central,7,65424.46,2,1,1,3054.33,0,0.0,475,0
CUST03787,55,Male,Germany,Central,5,0.0,1,0,0,160698.13,0,0.0,595,0
CUST05032,73,Male,France,Central,5,,2,1,0,178592.61,1,37572.96,308,1
CUST02176,44,Male,France,Central,5,47449.0,2,1,1,114458.91,0,0.0,637,0
CUST01455,71,Male,France,South,6,34178.81,1,1,0,170161.79,0,0.0,717,0
CUST03939,70,Male,France,Central,9,224085.45,2,1,0,29935.83,0,0.0,460,0
CUST02847,25,Male,France,East,8,34263.96,3,1,1,198643.53,0,0.0,521,0
CUST04373,62,Female,Spain,South,4,0.0,1,0,0,63257.02,1,65306.12,471,1
CUST01235,26,Male,Germany,Central,2,35507.5,1,1,1,51174.18,0,0.0,,0
CUST00237,29,Female,France,East,9,41447.87,3,1,1,72932.26,1,76911.19,375,0
CUST04070,70,Female,Germany,Central,3,149997.21,1,1,0,32275.51,1,22210.06,331,0
CUST07448,26,Male,France,Central,4,0.0,1,1,0,38104.21,0,0.0,357,1
CUST00655,42,Female,Germany,East,9,43066.0,2,1,0,14058.52,0,0.0,391,1
CUST05274,53,Female,Spain,South,1,120306.31,2,1,0,56785.02,1,72350.84,660,0
CUST05448,32,Male,France,East,1,0.0,3,1,1,126721.48,1,85774.66,543,0
CUST07799,31,Male,Germany,North,3,3357.6,1,1,1,119889.88,1,8248.11,846,1
CUST09318,66,Male,Spain,South,7,0.0,3,1,1,25270.14,0,0.0,812,1
CUST08590,74,Female,France,Central,0,18439.28,2,1,0,135805.3,1,67001.84,754,1
CUST07087,40,Male,France,South,4,0.0,3,0,0,9574.77,1,45268.09,326,1
CUST00551,39,Male,Germany,East,6,174719.5,2,0,0,54101.69,1,56320.61,715,1
CUST08416,35,Male,France,North,8,15613.28,1,0,0,160871.07,1,98884.03,736,1
CUST06053,55,Male,Germany,South,5,274.2,2,1,1,24005.49,1,78286.62,647,0
CUST02385,59,Female,France,Central,8,0.0,2,1,1,140899.91,0,0.0,847,1
CUST06353,57,Female,Germany,Central,5,10664.56,1,1,1,165439.77,0,0.0,686,0
CUST06719,30,Male,France,Central,3,10783.43,1,1,0,164047.38,0,0.0,849,0
CUST07851,35,Male,Spain,North,9,0.0,2,0,1,124597.26,0,0.0,646,0
CUST01391,53,Male,France,North,10,356.63,2,1,1,115181.77,0,0.0,651,0
CUST08643,33,Female,France,Central,3,7126.61,2,0,1,121715.26,1,49420.68,390,1
CUST09239,70,Male,Spain,West,7,45601.63,2,0,1,19532.04,0,0.0,346,0
CUST09990,37,Female,Spain,West,4,57326.98,1,1,1,103137.2,1,68711.25,659,0
CUST06766,65,Female,France,Central,10,46485.96,1,0,1,71441.15,1,61612.46,644,0
CUST03095,40,Male,France,North,0,48122.11,1,0,0,19357.88,1,32432.38,471,0
CUST07766,65,Male,Germany,West,5,0.0,2,1,0,133907.01,1,43229.66,684,0
CUST03049,26,Female,France,South,6,0.0,2,1,1,143561.42,1,63637.95,373,1
CUST05839,49,Female,Germany,North,9,17388.72,2,0,0,197815.88,1,89422.6,580,1
CUST01084,43,Female,France,North,7,133863.53,4,0,0,17217.84,0,0.0,696,1
CUST04899,67,Male,France,North,2,44554.28,2,1,0,160054.06,0,0.0,730,0
CUST08478,47,Female,France,East,3,38695.23,2,0,1,180753.62,0,0.0,333,0
CUST06799,35,Male,France,West,2,86772.89,2,1,1,34228.18,0,0.0,821,0
CUST00360,52,Male,Germany,North,2,28895.35,3,1,1,41494.15,0,0.0,759,0
CUST04163,45,Female,France,Central,2,77040.19,3,1,1,126602.81,0,0.0,673,0
CUST07615,54,Male,Spain,North,2,52303.43,1,1,1,25730.27,0,0.0,674,0
CUST03467,64,Male,France,West,1,44850.1,3,1,1,105442.32,1,93158.24,328,0
CUST06259,47,Male,Germany,South,6,95825.65,1,1,1,174380.65,0,0.0,366,0
CUST08741,63,Male,France,South,8,149832.81,1,0,1,132340.76,0,0.0,647,1
CUST01133,61,Male,France,Central,1,49771.71,2,0,0,68588.67,0,0.0,357,0
CUST08728,32,Male,Spain,West,4,0.0,3,0,1,107726.79,0,0.0,420,1
CUST06133,29,Female,France,East,6,170609.92,2,0,1,114490.7,1,25810.63,620,0
CUST01706,71,Male,Spain,North,5,0.0,3,1,0,127767.33,1,34593.37,568,0
CUST00384,47,Male,France,South,5,0.0,2,1,1,21783.41,1,88517.43,413,0
CUST01348,46,Female,France,Central,5,101184.87,1,1,1,181275.45,0,0.0,660,0
CUST09743,74,Female,France,South,3,66938.75,1,1,1,161416.85,1,93111.23,518,0
CUST01728,57,Male,France,Central,7,42703.89,2,0,0,49449.57,1,55853.48,518,0
CUST09629,48,Male,France,North,3,71018.4,1,1,0,106455.3,1,54004.54,735,0
CUST08687,21,Female,France,West,10,182312.83,2,1,1,106910.38,0,0.0,390,0
CUST04355,41,Male,Germany,East,5,20670.29,1,1,0,730.6,0,0.0,581,0
CUST09460,62,Female,France,North,0,0.0,2,0,0,177340.23,0,0.0,537,0
CUST07110,26,Male,France,North,9,140940.67,2,0,1,174134.99,1,80045.2,338,0
CUST07413,37,Female,France,South,6,113682.05,1,1,1,170980.41,1,59736.9,622,0
CUST04287,32,Male,France,East,7,39179.0,3,0,0,23959.32,0,0.0,698,0
CUST08101,54,Male,Germany,West,8,227746.46,2,1,1,196213.57,0,0.0,356,0
CUST05286,50,Male,France,Central,9,0.0,1,1,1,184674.05,1,34785.31,413,0
CUST03211,65,Female,France,North,4,0.0,1,1,1,87329.87,0,0.0,,0
CUST07636,70,Male,Spain,South,6,0.0,3,1,0,9959.37,1,62993.09,587,1
CUST03774,20,Male,France,North,6,158447.46,2,1,0,79380.53,1,54823.75,614,1
CUST06862,56,Female,Germany,West,8,,2,1,0,40091.16,1,50926.0,693,0
CUST05072,40,Female,France,North,5,0.0,1,0,0,90837.72,0,0.0,758,0
CUST06908,23,Female,Spain,North,4,0.0,2,1,0,28892.4,0,0.0,458,0
CUST03754,28,Female,Germany,East,4,83437.27,1,1,0,187685.15,0,0.0,539,0
CUST04903,58,Female,France,North,6,31245.2,4,1,1,143645.19,0,0.0,584,1
CUST09669,69,Male,France,North,9,133246.59,1,0,0,,0,0.0,811,0
CUST09245,51,Male,France,North,2,3747.95,1,1,1,6913.55,1,60327.0,805,0
CUST01907,63,Female,France,South,9,0.0,1,1,0,55109.34,0,0.0,362,0
CUST00869,68,Female,Germany,Central,7,0.0,2,1,0,24823.51,0,0.0,681,0
CUST05398,23,Male,Spain,East,0,44963.58,1,1,0,17421.56,1,86365.96,601,1
CUST05900,52,Female,Spain,Central,0,23100.28,1,1,1,22238.47,1,42688.94,707,0
CUST09160,56,Male,France,West,10,0.0,2,1,1,30518.76,0,0.0,719,1
CUST07475,45,Male,Spain,West,8,15064.28,1,1,1,168753.02,1,5860.06,610,0
CUST08142,45,Female,Spain,Central,4,99957.07,2,0,0,16525.64,0,0.0,669,1
CUST00219,44,Female,France,West,5,13433.51,1,1,0,102612.7,0,0.0,790,1
CUST04731,61,Female,France,South,10,0.0,1,1,0,131368.58,0,0.0,564,0
CUST09662,73,Female,France,East,8,180980.09,1,1,0,175901.91,0,0.0,405,0
CUST08794,60,Male,Germany,South,8,0.0,2,0,0,124609.72,0,0.0,527,0
CUST06532,71,Male,Spain,South,9,13015.66,1,0,1,151895.55,0,0.0,486,0
CUST07550,73,Male,France,East,7,4455.48,1,0,0,30599.75,1,62826.88,650,0
CUST05466,70,Female,Spain,East,10,0.0,1,1,0,143482.22,1,81147.5,848,1
CUST05550,50,Female,Germany,South,7,0.0,1,0,0,172544.03,0,0.0,326,0
CUST05326,54,Female,Germany,South,4,180975.38,2,0,1,26440.31,1,15782.49,827,0
CUST06979,52,Female,France,Central,3,0.0,1,1,0,72789.77,0,0.0,830,1
CUST02153,38,Male,Germany,South,0,1253.96,3,0,0,186859.9,1,90115.74,726,1
CUST01003,30,Male,Germany,East,5,11324.07,1,0,1,114785.11,0,0.0,642,0
CUST00570,69,Male,France,West,3,0.0,1,0,0,132667.3,0,0.0,660,1
CUST09850,70,Female,Germany,West,10,30885.89,2,1,0,23580.76,0,0.0,725,0
CUST01204,66,Female,Germany,North,6,0.0,2,1,0,87649.32,0,0.0,526,0
CUST04328,68,Female,Spain,West,5,63546.76,1,1,0,12928.56,0,0.0,692,0
CUST04145,58,Male,France,Central,9,124972.69,1,0,1,121185.56,0,0.0,541,0
CUST02455,22,Female,Germany,South,5,0.0,3,1,1,81268.7,0,0.0,331,0
CUST05322,73,Female,France,East,10,124049.56,2,1,0,160330.41,0,0.0,345,0
CUST02768,27,Female,Spain,North,8,3724.84,1,1,0,147019.4,0,0.0,750,0
CUST03011,21,Male,Germany,Central,9,50235.99,1,1,1,191663.16,1,50465.08,759,0
CUST06894,21,Male,France,Central,8,35442.62,2,1,1,40646.51,1,59280.86,788,0
CUST02419,56,Male,France,West,8,106711.7,1,0,0,499.57,1,20597.86,685,0
CUST07557,71,Male,Germany,East,0,44614.07,2,0,1,100943.27,0,0.0,464,0
CUST03936,42,Female,Spain,East,10,7995.03,2,0,0,3715.46,0,0.0,845,0
CUST07476,18,Male,Spain,West,2,169253.55,1,1,0,20420.3,0,0.0,661,0
CUST02755,25,Female,Spain,East,6,0.0,1,1,1,147840.13,1,5098.87,324,0
CUST05486,26,Male,France,West,6,106716.02,3,0,0,162442.08,0,0.0,428,1
CUST08681,74,Male,Germany,West,6,36430.42,2,1,1,162981.36,1,66346.22,462,0
CUST06427,30,Male,Germany,West,2,0.0,2,1,1,9482.03,1,46367.79,817,0
CUST01684,60,Female,Spain,East,3,244290.62,1,0,1,18509.58,0,0.0,381,1
CUST05153,62,Male,France,East,10,109674.0,2,0,1,110263.5,1,83708.29,358,0
CUST09043,51,Male,France,South,5,116275.9,1,1,0,39464.5,1,63038.5,411,0
CUST04875,70,Female,France,Central,7,0.0,3,0,1,55433.78,0,0.0,367,0
CUST07822,64,Female,France,East,5,0.0,2,1,1,124625.06,1,39986.0,315,0
CUST00759,39,Female,France,South,2,0.0,1,1,1,138795.33,1,70590.97,439,0
CUST05819,24,Male,France,West,9,0.0,1,0,1,80548.33,0,0.0,314,0
CUST05088,28,Male,France,South,6,250000.0,2,0,1,36611.75,0,0.0,399,0
CUST04356,36,Female,France,East,10,0.0,4,1,0,3821.5,0,0.0,573,0
CUST04084,68,Male,France,East,7,66386.85,2,1,0,158922.44,0,0.0,838,1
CUST04479,24,Female,France,South,0,7022.5,1,1,0,67799.41,1,71366.78,748,1
CUST07759,20,Female,Spain,East,0,1067.8,2,0,1,112406.0,1,88494.62,527,0
CUST06481,47,Female,Germany,West,5,0.0,2,1,1,180417.72,1,56574.93,623,0
CUST02096,71,Male,France,West,6,54043.6,3,1,0,67047.54,0,0.0,398,0
CUST00966,55,Female,France,East,1,,1,0,1,157286.68,0,0.0,529,0
CUST04828,73,Female,Spain,Central,4,7953.82,2,1,0,130598.4,0,0.0,335,1
CUST04943,48,Male,France,East,5,67810.05,2,1,1,70348.67,0,0.0,600,0
CUST04589,25,Female,France,Central,1,12103.75,2,0,0,11636.93,1,80328.2,557,1
CUST08773,33,Female,Spain,Central,4,0.0,1,1,1,154808.43,0,0.0,460,0
CUST01566,21,Female,Spain,South,2,250000.0,1,0,0,11226.32,0,0.0,572,1
CUST08667,65,Male,Germany,North,9,0.0,1,1,1,118508.02,0,0.0,682,0
CUST09957,55,Male,France,South,7,200594.8,2,0,1,147791.75,1,35746.9,423,0
CUST05664,53,Male,France,North,1,57212.37,1,1,0,90426.59,0,0.0,565,0
CUST03954,73,Male,Germany,East,9,156188.51,1,1,0,92261.41,1,31290.96,381,0
CUST09440,46,Female,France,North,2,4572.73,1,1,1,39148.6,0,0.0,598,0
CUST00778,20,Female,Spain,Central,9,0.0,2,1,1,151713.17,1,67453.17,427,0
CUST04676,37,Male,France,Central,3,0.0,2,1,0,76675.91,1,86306.79,569,0
CUST04800,24,Male,France,West,10,28590.39,1,1,1,87998.16,0,0.0,627,0
CUST03444,65,Female,Germany,West,5,7830.14,1,0,1,150473.06,0,0.0,343,0
CUST08191,30,Female,France,West,1,0.0,2,1,1,80418.2,1,71545.29,817,0
CUST05303,44,Male,Spain,South,8,62612.0,1,1,0,131246.5,0,0.0,487,0
CUST07979,70,Female,France,North,8,15693.0,1,0,0,40296.03,1,45493.92,391,0
CUST01041,18,Male,France,Central,7,0.0,2,0,0,79436.68,1,99605.66,393,1
CUST09089,22,Male,Germany,Central,9,22193.42,1,1,0,129469.3,0,0.0,513,0
CUST09890,18,Male,Germany,North,1,32278.79,1,1,0,5656.42,0,0.0,762,0
CUST05428,46,Male,France,South,4,1681.16,2,1,1,142559.29,1,94614.51,770,0
CUST03910,59,Male,France,West,10,39498.35,1,0,1,51126.01,0,0.0,496,0
CUST06090,45,Female,France,North,1,0.0,2,1,0,23867.69,0,0.0,417,1
CUST07277,54,Male,France,East,8,16059.45,2,1,0,191786.75,0,0.0,662,0
CUST06771,63,Male,Germany,South,6,144777.19,2,1,1,10258.07,0,0.0,772,0
CUST09125,28,Female,Germany,North,9,22386.69,4,1,1,145917.87,1,61072.28,476,0
CUST09117,40,Male,France,South,2,100372.28,2,1,0,18516.04,0,0.0,830,1
CUST05228,38,Male,France,East,6,0.0,1,1,1,100044.44,0,0.0,763,0
CUST08863,70,Male,France,North,4,0.0,2,1,0,41984.22,0,0.0,746,1
CUST02434,57,Female,France,East,7,21257.98,3,1,1,94920.04,1,95441.98,378,0
CUST01263,58,Female,France,North,3,0.0,3,0,1,68314.87,1,38666.85,332,0
CUST03776,21,Male,France,North,3,6052.39,1,0,0,139672.65,0,0.0,643,0
CUST05012,59,Male,Spain,South,9,0.0,1,0,0,166693.66,0,0.0,348,0
CUST00722,70,Male,Germany,East,10,26742.91,2,0,0,6283.58,0,0.0,331,0
CUST06185,69,Female,Germany,East,10,120377.13,4,0,0,74102.56,0,0.0,623,0
CUST03383,23,Female,Spain,West,5,0.0,2,1,1,52893.98,1,92743.49,582,0
CUST00671,49,Female,France,East,3,23362.97,2,0,0,115060.92,0,0.0,353,1
CUST00750,22,Male,France,West,0,109239.77,1,1,1,,0,0.0,385,0
CUST02451,29,Male,France,East,2,0.0,1,1,0,11160.42,1,9379.22,849,0
CUST08489,48,Male,France,West,1,28648.97,1,0,1,83282.75,1,92854.5,583,0
CUST06864,19,Male,France,West,10,145639.36,3,1,0,69239.34,0,0.0,473,0
CUST01950,20,Female,Germany,East,0,66388.13,1,0,0,160220.26,0,0.0,598,0
CUST07950,41,Male,Germany,East,0,0.0,2,0,1,161822.22,0,0.0,820,0
CUST05680,39,Male,France,South,7,0.0,2,0,1,146044.08,1,52145.49,837,0
CUST00081,46,Male,Germany,Central,8,96036.56,1,0,1,34906.0,1,29625.45,459,0
CUST08568,70,Male,Germany,South,5,0.0,2,1,0,160736.51,1,70135.25,533,0
CUST08911,72,Male,France,South,3,24544.31,2,0,1,22942.25,1,80764.88,789,0
CUST03666,73,Male,Spain,East,4,526.84,3,1,1,,1,37022.62,471,0
CUST06416,67,Female,France,West,0,173731.94,1,1,0,161877.26,0,0.0,634,1
CUST00094,40,Male,France,South,7,11238.54,3,1,1,21577.5,1,14524.19,329,0
CUST06535,66,Female,France,West,2,140261.19,1,0,0,76532.3,0,0.0,682,0
CUST03887,53,Male,France,East,3,0.0,1,0,0,47212.63,1,34768.38,535,0
CUST04554,30,Female,France,North,8,0.0,1,1,0,,0,0.0,760,0
CUST00392,44,Female,France,East,4,0.0,1,1,1,199401.63,0,0.0,819,0
CUST09443,18,Female,France,South,8,115576.51,1,1,0,27233.67,1,83412.69,519,0
CUST04878,21,Male,Germany,Central,9,0.0,1,1,0,191196.4,1,65998.61,317,0
CUST09893,48,Female,Spain,East,3,2448.18,1,0,0,63900.0,1,27395.97,355,0
CUST09356,69,Female,France,South,9,54439.13,1,1,1,163041.06,1,55912.24,758,0
CUST02953,59,Male,Germany,Central,4,0.0,2,1,1,190486.29,1,87654.53,647,0
CUST00984,72,Female,France,South,9,0.0,1,0,1,37429.3,0,0.0,812,0
CUST04990,18,Male,Germany,Central,7,0.0,3,0,0,31003.45,0,0.0,843,0
CUST00733,35,Female,France,South,0,95104.36,1,1,1,140013.16,0,0.0,666,0
CUST05622,67,Male,France,South,1,0.0,3,1,0,99626.67,0,0.0,429,0
CUST08836,34,Male,Germany,South,0,18803.04,1,1,1,219.28,0,0.0,655,0
CUST05864,20,Male,Germany,South,4,0.0,2,1,0,162183.99,1,89198.52,379,0
CUST05472,73,Male,Spain,Central,0,0.0,2,0,1,63092.68,1,24633.57,788,0
CUST04530,43,Male,France,West,10,53652.27,1,1,0,19532.09,1,62380.72,685,0
CUST07251,37,Male,France,Central,1,63350.33,2,1,0,147101.78,1,34931.91,489,1
CUST04063,25,Male,Spain,North,1,55286.39,4,1,1,78495.13,0,0.0,405,0
CUST03427,35,Male,Germany,East,2,20190.36,2,1,0,181281.72,0,0.0,464,0
CUST04092,36,Male,Germany,West,4,,1,1,1,1025.01,0,0.0,454,0
CUST01580,40,Male,France,South,6,0.0,3,1,1,30081.05,1,45880.39,823,0
CUST09050,63,Female,Spain,South,4,0.0,2,1,0,31355.25,1,40812.62,817,1
CUST04122,40,Female,France,North,8,239420.85,1,1,0,92611.46,1,17931.82,608,0
CUST08306,49,Female,Germany,East,5,0.0,1,1,0,111048.48,0,0.0,542,1
CUST01508,67,Female,France,North,1,126916.88,3,1,1,182893.8,0,0.0,421,0
CUST06812,64,Male,Germany,North,4,0.0,1,1,0,92030.75,0,0.0,380,0
CUST01065,43,Male,Spain,Central,4,0.0,2,1,1,139292.74,0,0.0,481,0
CUST09816,32,Male,France,North,5,17045.69,3,1,1,,1,45398.16,773,0
CUST02980,52,Male,Germany,Central,2,6011.72,1,0,1,34197.9,1,8378.2,458,0
CUST07266,32,Female,France,South,7,3754.83,1,0,1,110313.73,1,88159.66,726,0
CUST08207,63,Female,France,East,7,24800.09,2,1,0,28507.82,1,40581.85,564,0
CUST09887,28,Female,Spain,Central,6,86421.1,1,1,1,149089.41,1,37205.46,843,0
CUST09760,51,Female,Spain,Central,1,70429.88,2,1,1,51411.72,1,22278.48,417,0
CUST03212,45,Male,France,South,10,0.0,1,1,1,83938.39,1,28294.13,434,0
CUST00143,52,Female,France,North,8,76711.48,1,1,1,42981.48,0,0.0,361,0
CUST03071,55,Male,France,West,0,6759.76,2,1,0,72383.58,0,0.0,670,1
CUST06451,34,Male,France,South,0,0.0,2,1,1,144518.12,1,90760.95,412,0
CUST02269,43,Male,Germany,Central,0,0.0,1,0,0,88314.56,0,0.0,664,0
CUST04429,25,Female,Spain,West,9,69638.97,1,1,1,65813.28,0,0.0,831,1
CUST03098,22,Male,Germany,Central,4,68031.71,1,0,1,24578.78,0,0.0,750,0
CUST05651,40,Female,France,West,3,0.0,1,1,0,118406.9,0,0.0,841,0
CUST08327,31,Male,France,North,7,156454.32,2,1,0,16867.23,0,0.0,832,0
CUST00942,71,Male,France,Central,2,11782.94,1,1,1,56977.85,1,56741.41,620,0
CUST08720,37,Male,Germany,Central,5,7908.37,1,1,1,169506.34,0,0.0,801,0
CUST00994,27,Female,France,Central,2,29332.98,1,1,1,39809.68,0,0.0,309,1
CUST08013,42,Male,Germany,Central,5,37511.67,1,1,1,134971.56,0,0.0,352,0
CUST08467,71,Female,France,North,3,36200.0,1,0,1,169281.58,0,0.0,777,0
CUST04758,19,Male,Germany,Central,4,84532.02,1,0,1,81818.76,0,0.0,669,0
CUST08051,48,Male,France,North,4,0.0,1,1,0,189053.41,1,45974.01,847,0
CUST09145,23,Male,Spain,South,3,59191.17,1,1,1,77985.83,0,0.0,609,0
CUST06858,32,Male,France,South,3,72225.74,2,1,1,54066.16,0,0.0,793,1
CUST02505,70,Male,Germany,North,3,27100.65,1,1,0,66027.11,1,77423.53,679,0
CUST02104,64,Male,Spain,East,2,0.0,2,0,1,177431.25,0,0.0,424,0
CUST03330,61,Male,Germany,West,3,0.0,3,1,0,172785.07,1,9325.31,749,0
CUST05292,46,Male,Germany,North,10,25512.65,2,0,0,131885.56,1,9428.3,606,0
CUST06687,57,Male,France,North,5,56904.98,1,1,0,101847.65,1,27619.39,780,1
CUST08846,19,Female,Germany,South,10,203681.64,1,1,0,129028.77,0,0.0,744,0
CUST03158,25,Male,France,West,0,0.0,1,1,0,154182.14,1,27156.07,599,0
CUST07928,40,Female,Spain,Central,3,0.0,2,1,0,65520.68,1,44191.86,667,1
CUST01224,27,Female,Germany,West,3,92955.97,2,1,0,48694.77,0,0.0,723,0
CUST00636,34,Female,France,South,8,0.0,2,1,0,159883.1,0,0.0,527,0
CUST05606,74,Female,Germany,West,7,37395.59,2,0,1,106577.58,0,0.0,503,0
CUST02373,49,Female,Spain,East,6,226480.98,1,1,1,168050.54,1,91692.6,636,0
CUST04864,61,Male,France,North,3,191732.35,4,1,0,180179.71,0,0.0,843,0
CUST04446,72,Female,France,East,5,123155.51,1,1,1,28908.49,0,0.0,477,0
CUST05269,18,Female,Spain,Central,1,130143.32,1,1,1,173399.51,0,0.0,384,1
CUST07936,30,Female,Spain,South,6,29192.98,3,0,0,186805.08,0,0.0,795,0
CUST03002,58,Male,Spain,South,2,250000.0,1,1,0,14908.42,1,29909.42,758,0
CUST02151,45,Female,France,South,1,78143.25,1,0,0,23969.33,0,0.0,649,0
CUST00210,44,Male,France,East,1,0.0,1,1,0,69952.09,1,14377.11,371,0
CUST04488,30,Male,Spain,South,9,119207.82,1,0,0,175886.85,1,86997.29,688,0
CUST02330,25,Female,Germany,South,7,0.0,2,1,0,104268.67,0,0.0,648,0
CUST05320,40,Male,France,South,1,187372.54,1,1,0,175902.07,0,0.0,597,0
CUST01614,34,Female,France,North,5,152803.1,1,1,0,100585.36,0,0.0,769,0
CUST01550,20,Male,France,North,1,45581.89,2,1,1,41722.28,0,0.0,655,0
CUST03794,19,Male,Germany,Central,2,16163.95,2,1,0,52949.16,1,19383.84,738,0
CUST06661,63,Female,France,West,6,19429.32,1,0,1,46425.85,0,0.0,334,0
CUST02059,44,Female,Germany,Central,3,111601.34,3,1,1,109739.92,1,15395.65,468,0
CUST07718,72,Female,France,Central,8,66128.79,2,0,0,131623.86,1,12618.32,443,0
CUST01352,64,Female,France,Central,6,0.0,1,1,1,166142.69,0,0.0,439,1
CUST04618,58,Male,France,West,10,0.0,1,1,1,148443.05,0,0.0,407,0
CUST02290,26,Female,France,Central,4,0.0,3,1,0,112758.41,1,26350.16,443,0
CUST09461,51,Female,France,Central,7,155989.45,1,1,1,148927.4,1,85140.03,425,0
CUST03628,63,Female,France,West,6,0.0,1,1,0,123853.89,1,14739.22,475,0
CUST05713,23,Male,France,North,4,0.0,1,0,1,150636.86,0,0.0,390,0
CUST09805,22,Female,Germany,Central,4,0.0,1,0,1,49122.77,1,36903.86,655,0
CUST09137,57,Female,Germany,Central,2,50355.49,1,1,1,24941.92,1,86674.76,840,0
CUST07532,36,Female,France,East,10,0.0,1,0,1,141501.7,0,0.0,721,0
CUST05299,36,Female,France,North,0,53429.02,2,1,1,55738.85,0,0.0,519,0
CUST06222,66,Female,France,South,3,58710.63,2,0,1,46994.4,0,0.0,764,1
CUST05855,19,Female,France,East,5,0.0,1,0,1,174692.88,0,0.0,830,0
CUST06160,47,Female,Spain,West,3,0.0,1,0,0,40785.6,0,0.0,611,1
CUST01780,43,Male,Germany,Central,10,67333.36,2,1,1,131690.88,0,0.0,490,0
CUST07524,45,Female,Spain,East,7,121701.99,3,1,0,68674.46,1,39102.63,677,0
CUST03662,63,Male,Spain,North,0,0.0,2,0,0,37399.67,0,0.0,490,1
CUST07045,29,Female,Germany,Central,6,80266.99,2,1,1,5879.83,1,24408.5,831,0
CUST07998,20,Female,France,West,3,90635.26,1,1,0,45874.12,1,33796.52,747,0
CUST00415,58,Female,Germany,West,3,0.0,1,1,0,187794.01,1,62744.27,656,0
CUST01578,24,Male,France,West,0,0.0,2,0,0,181645.64,1,93360.57,836,1
CUST08159,58,Male,Germany,North,0,0.0,1,1,1,86651.65,1,90854.46,531,0
CUST02303,24,Female,Spain,South,6,52028.49,1,1,0,141044.4,1,75279.61,618,0
CUST03339,18,Female,Germany,Central,6,3205.26,2,1,1,14298.21,0,0.0,805,0
CUST00011,28,Female,France,Central,3,15637.19,2,1,0,40432.54,1,35469.11,653,0
CUST07063,36,Male,France,South,1,158155.35,1,0,0,151132.55,0,0.0,466,0
CUST01627,57,Female,Germany,West,4,11670.48,2,0,0,137912.75,1,50206.92,740,1
CUST04662,60,Female,France,South,1,169733.2,2,1,0,4407.0,0,0.0,710,1
CUST00423,52,Female,France,West,5,250000.0,1,1,0,16810.0,1,13471.98,378,0
CUST00087,53,Male,Germany,East,1,57507.79,1,1,0,75517.91,0,0.0,615,1
CUST09935,25,Male,Germany,North,4,0.0,4,0,0,187171.82,0,0.0,642,0
CUST07614,21,Female,France,South,7,11409.86,1,0,1,125170.13,0,0.0,526,1
CUST08704,34,Female,France,West,4,0.0,1,0,1,51046.21,1,39519.77,771,0
CUST02612,24,Female,France,South,4,63182.83,2,1,1,71278.49,0,0.0,662,1
CUST04228,56,Female,Spain,North,5,0.0,2,0,0,85341.86,0,0.0,636,0
CUST09549,18,Male,France,East,1,36554.27,1,1,1,150116.72,1,8041.59,636,0
CUST04187,54,Female,France,East,5,70380.65,2,1,0,189577.66,0,0.0,305,0
CUST02931,38,Male,Germany,South,2,2391.49,1,1,0,146816.73,1,79764.08,802,0
CUST07380,71,Male,Germany,Central,2,66724.8,1,1,1,44248.45,0,0.0,836,0
CUST07470,63,Female,France,Central,4,20982.11,2,1,0,24999.29,1,53052.38,432,0
CUST01861,46,Female,Spain,North,5,81294.84,1,1,0,199041.48,1,13700.63,657,0
CUST01969,26,Female,France,Central,8,157660.45,1,0,0,63175.85,0,0.0,799,0
CUST03244,33,Female,Germany,West,4,0.0,1,1,1,148933.04,0,0.0,600,0
CUST02018,45,Male,Germany,East,2,18423.83,1,1,0,35384.46,0,0.0,541,0
CUST00646,24,Male,Spain,South,0,115492.69,1,1,1,1388.29,0,0.0,365,0
CUST02952,69,Male,France,West,3,77398.8,1,1,1,25926.18,1,34058.46,792,0
CUST08855,30,Male,France,South,6,0.0,2,1,1,51477.94,0,0.0,340,1
CUST07699,41,Female,France,Central,8,47580.75,2,1,0,13570.25,0,0.0,668,0
CUST00391,44,Male,France,North,10,0.0,1,1,0,,0,0.0,631,0
CUST04776,42,Male,France,West,1,49959.64,2,1,1,103894.07,1,95410.47,807,0
CUST01433,27,Male,France,West,6,,2,0,0,112868.71,0,0.0,313,0
CUST01061,47,Male,France,West,1,136922.73,2,1,0,145519.16,0,0.0,769,0
CUST06433,62,Male,France,South,0,0.0,2,1,1,18916.12,0,0.0,792,0
CUST00707,33,Female,Germany,West,9,94363.38,2,0,1,18882.89,0,0.0,428,0
CUST01766,40,Male,Spain,Central,3,111594.33,2,1,1,172098.89,1,75399.61,553,0
CUST05750,50,Male,France,West,10,,2,0,0,192582.87,1,39102.06,734,0
CUST05184,30,Male,France,South,7,68547.53,1,0,1,61036.04,1,84595.27,589,0
CUST07593,67,Female,Spain,East,6,53428.41,2,1,1,,0,0.0,807,0
CUST06537,68,Male,Spain,North,5,0.0,2,1,0,4238.44,0,0.0,710,0
CUST08678,34,Female,Germany,South,0,0.0,2,1,0,160327.58,0,0.0,561,1
CUST09439,74,Male,France,South,6,5260.06,2,1,0,98405.07,0,0.0,655,0
CUST00553,72,Male,France,North,3,101731.21,1,1,0,23907.75,0,0.0,849,0
CUST02056,49,Female,Germany,East,6,64092.23,1,1,1,19436.86,0,0.0,349,0
CUST06853,48,Male,Germany,South,1,0.0,1,1,0,160422.53,0,0.0,628,0
CUST04450,39,Male,France,Central,4,0.0,2,1,1,48645.52,1,20967.7,835,0
CUST06514,60,Female,Germany,North,2,4370.42,1,1,1,36544.91,1,44789.86,457,0
CUST08781,33,Female,France,West,5,52844.99,1,1,1,58067.5,0,0.0,436,0
CUST06208,48,Female,France,West,2,0.0,1,1,1,117311.45,0,0.0,318,0
CUST04768,55,Female,Spain,North,1,1125.35,3,0,1,150304.85,0,0.0,409,1
CUST07955,59,Male,France,West,5,92759.71,3,1,0,125261.52,0,0.0,673,0
CUST04427,65,Male,Germany,North,2,69834.06,1,1,0,70795.09,0,0.0,675,1
CUST02748,43,Female,France,South,9,0.0,2,1,1,128558.76,1,92336.85,711,0
CUST06125,39,Female,France,East,6,0.0,1,1,1,195385.56,1,74329.23,364,0
CUST02175,33,Male,Germany,East,0,71001.14,1,0,1,44223.19,1,37741.88,392,0
CUST00251,40,Female,France,East,5,0.0,3,1,1,59979.89,1,61142.96,752,0
CUST04472,67,Male,Germany,Central,3,0.0,2,1,0,52868.85,0,0.0,820,0
CUST02401,65,Female,Spain,North,6,45441.24,3,0,0,123961.6,1,70746.81,720,1
CUST03021,48,Female,France,West,0,0.0,3,0,0,14526.49,0,0.0,823,1
CUST00576,65,Female,France,Central,2,22014.94,1,0,0,72900.21,0,0.0,356,1
CUST08857,39,Male,France,Central,3,184942.33,1,0,1,105752.36,1,39586.54,504,1
CUST09778,29,Male,Spain,South,2,0.0,2,1,0,161481.9,0,0.0,569,0
CUST05308,65,Female,Spain,North,10,0.0,1,1,0,131509.42,0,0.0,476,0
CUST01671,62,Male,Germany,Central,1,0.0,2,0,0,195151.03,1,34483.34,648,0
CUST08145,23,Male,Germany,West,7,27050.76,3,1,1,16896.76,0,0.0,779,0
CUST09100,19,Male,France,East,7,0.0,1,1,1,155395.89,0,0.0,800,0
CUST06628,70,Male,France,North,7,0.0,1,1,1,62102.02,0,0.0,578,0
CUST07429,69,Male,France,West,4,32661.52,1,0,0,163418.58,0,0.0,318,1
CUST06759,34,Female,France,South,6,0.0,2,1,1,129402.12,1,58478.18,421,0
CUST04605,48,Male,Spain,North,8,57119.93,2,1,0,35921.18,1,61686.27,566,1
CUST09665,27,Female,France,Central,2,12041.32,1,1,1,111902.29,1,81358.65,530,0
CUST05668,59,Male,France,North,6,,2,1,0,193702.01,0,0.0,633,0
CUST06579,45,Male,France,South,5,4646.52,2,0,1,138158.12,1,78022.74,849,1
CUST03643,65,Male,Germany,East,1,20088.99,2,1,0,32443.7,1,89388.51,396,1
CUST08027,71,Male,France,South,2,42092.4,1,1,1,68160.07,0,0.0,552,0
CUST00847,67,Male,France,West,3,83566.53,3,1,1,6163.3,1,82189.76,682,0
CUST09130,70,Female,France,West,4,80279.57,1,0,0,147244.73,1,46109.96,730,0
CUST06154,47,Female,Germany,South,10,0.0,2,1,0,133366.62,0,0.0,638,0
CUST01903,60,Female,Spain,East,6,5503.48,3,1,0,13292.59,1,65741.96,830,1
CUST07831,74,Male,France,East,8,13658.31,2,0,0,105955.04,0,0.0,533,0
CUST04799,23,Male,France,Central,7,68234.94,1,1,1,25242.63,0,0.0,523,0
CUST09468,68,Female,Germany,West,1,0.0,1,1,1,24688.95,0,0.0,762,1
CUST00158,72,Female,Spain,East,10,4381.45,2,1,0,158365.15,1,45516.67,489,0
CUST04980,72,Female,France,East,6,13695.55,2,1,1,54478.36,0,0.0,611,0
CUST05177,29,Female,Germany,Central,3,36974.45,1,1,1,151558.94,1,38607.58,754,0
CUST01617,73,Male,Spain,North,5,0.0,1,1,1,137543.66,0,0.0,595,0
CUST05477,42,Male,Spain,Central,6,28914.81,2,1,0,57413.34,0,0.0,459,0
CUST05345,70,Male,France,East,8,,1,1,1,164569.34,1,99188.12,676,0
CUST03279,29,Female,France,East,3,0.0,2,1,0,88319.7,0,0.0,367,0
CUST09404,50,Female,Spain,East,8,15169.52,3,1,1,169842.64,1,27878.31,368,0
CUST04360,25,Male,Spain,East,5,102883.45,4,0,1,139891.06,0,0.0,620,0
CUST06081,37,Female,Germany,West,7,157012.26,1,1,1,121225.57,0,0.0,348,1
CUST04891,74,Female,France,East,3,87074.97,1,1,0,155135.46,0,0.0,546,0
CUST09495,70,Female,France,South,5,0.0,2,1,0,145362.71,1,32327.36,714,0
CUST07761,25,Female,Germany,North,7,0.0,2,0,0,96664.38,0,0.0,501,0
CUST04979,51,Male,France,South,3,40353.54,2,0,1,146715.84,0,0.0,314,0
CUST08661,43,Female,France,South,7,88539.97,2,1,1,140849.49,1,59189.79,489,0
CUST02587,26,Male,France,Central,4,0.0,1,0,0,122904.66,0,0.0,846,0
CUST06916,49,Female,Germany,South,6,50567.54,1,1,0,118156.39,1,17107.34,570,1
CUST03070,53,Female,Germany,East,4,67733.24,1,1,0,165538.24,1,6608.7,477,0
CUST04172,20,Male,Germany,South,8,0.0,1,0,1,99891.35,1,78995.15,643,0
CUST01212,28,Female,Germany,West,10,58825.03,2,0,1,159035.59,0,0.0,320,0
CUST09576,26,Male,France,West,0,56705.18,1,0,0,162984.55,0,0.0,509,0
CUST05522,34,Male,France,North,2,50811.28,2,0,0,71580.56,1,39938.34,448,0
CUST01337,71,Male,France,Central,7,35212.09,2,0,0,10468.82,1,67630.41,458,1
CUST08331,19,Female,France,West,7,92712.56,1,0,0,194704.44,1,51149.51,456,0
CUST02660,53,Female,France,Central,4,0.0,3,0,1,67406.79,0,0.0,675,0
CUST07365,19,Female,Spain,North,7,160348.54,2,0,1,156661.28,0,0.0,546,0
CUST09445,20,Male,France,East,3,111077.95,2,1,1,124161.06,0,0.0,671,0
CUST06677,21,Male,France,East,10,8780.33,1,1,0,17.45,1,12423.98,411,0
CUST01974,59,Female,Spain,West,2,49350.94,1,1,1,188206.71,0,0.0,838,1
CUST06822,65,Female,Spain,West,3,78899.6,3,1,0,180479.26,1,22282.8,391,1
CUST05577,34,Male,France,South,2,0.0,1,0,0,91927.16,1,96401.9,489,0
CUST08133,37,Female,Spain,Central,1,0.0,2,0,0,170262.96,0,0.0,848,0
CUST00670,56,Male,Spain,South,8,104757.42,2,1,0,182801.6,1,72678.58,422,0
CUST01781,64,Male,France,North,5,90097.01,1,0,1,142498.64,0,0.0,820,0
CUST00522,36,Male,Spain,West,2,250000.0,1,1,1,91846.51,1,17650.24,406,0
CUST01105,27,Female,France,South,3,63137.7,2,1,0,178364.47,0,0.0,496,1
CUST08195,51,Female,Spain,East,0,0.0,2,1,1,119747.97,1,56921.79,718,0
CUST01421,74,Male,Spain,Central,3,0.0,1,0,1,156620.02,1,75834.72,613,0
CUST04613,34,Male,France,East,7,0.0,2,0,1,191172.39,1,40898.52,791,0
CUST03865,69,Female,France,East,0,98665.91,1,1,1,125436.78,0,0.0,313,0
CUST03545,73,Male,France,West,5,20180.99,1,1,0,105218.28,0,0.0,445,0
CUST07201,71,Male,France,West,0,0.0,1,1,1,176788.82,1,78710.64,454,0
CUST07921,43,Male,France,Central,0,250000.0,1,1,1,2476.73,1,71105.01,315,0
CUST03112,34,Female,France,West,0,88193.05,3,1,1,34266.91,0,0.0,404,0
CUST06341,36,Female,France,East,9,119717.21,2,1,0,139304.35,0,0.0,657,0
CUST05722,60,Male,Germany,East,7,190536.96,2,0,1,116784.68,1,30789.41,816,1
CUST09280,21,Male,Spain,South,4,0.0,1,0,1,162773.49,0,0.0,530,0
CUST05250,34,Male,Germany,Central,4,0.0,1,1,1,126797.72,1,72605.61,825,0
CUST08852,61,Male,Germany,South,2,22966.05,2,1,1,,1,24533.1,531,0
CUST07426,74,Female,France,East,4,0.0,1,0,1,151386.09,0,0.0,753,0
CUST07836,25,Male,France,North,6,58810.61,3,0,0,119939.89,0,0.0,548,0
CUST00330,52,Male,France,North,9,0.0,1,1,0,139166.6,0,0.0,717,0
CUST01394,22,Male,France,Central,4,6798.42,1,0,1,78118.47,0,0.0,662,0
CUST09418,18,Male,France,North,5,34886.39,1,1,0,51472.68,0,0.0,755,0
CUST04865,24,Female,France,West,5,42638.01,1,1,1,17691.66,1,90706.07,821,0
CUST00108,46,Male,France,Central,0,84515.21,1,1,1,171906.15,0,0.0,507,0
CUST07033,73,Female,Spain,Central,6,42657.06,1,1,1,21870.41,0,0.0,310,0
CUST04954,74,Female,Germany,South,2,117018.28,2,1,1,145061.78,1,62576.82,723,0
CUST07687,55,Male,France,East,9,49783.66,1,1,1,103543.61,1,13206.11,489,0
CUST04586,21,Female,Germany,North,0,83172.8,3,0,0,89858.09,0,0.0,571,0
CUST03791,61,Male,France,East,1,92499.48,4,1,0,91913.95,1,43794.77,461,1
CUST02229,55,Male,Spain,Central,0,0.0,2,1,0,169727.69,1,7144.06,700,1
CUST06407,48,Female,Germany,South,8,0.0,1,1,0,182749.26,0,0.0,496,0
CUST00491,66,Female,France,South,4,80575.8,3,1,0,146612.56,1,78503.94,732,1
CUST04884,18,Female,Germany,Central,7,0.0,1,1,0,174741.35,1,85685.64,364,0
CUST05988,29,Male,Germany,North,8,250000.0,4,0,0,159350.44,1,43194.23,392,0
CUST07473,66,Male,France,West,7,181205.14,2,1,1,175836.53,0,0.0,638,0
CUST03999,69,Female,France,Central,2,4810.22,1,0,1,107766.19,0,0.0,366,0
CUST00031,61,Female,France,Central,6,0.0,1,1,0,6875.27,0,0.0,527,0
CUST02026,70,Male,France,East,7,1767.06,1,1,0,150950.08,1,46651.56,571,0
CUST06103,42,Female,France,West,10,111645.4,1,1,1,43418.55,0,0.0,805,1
CUST08227,68,Male,Germany,South,8,898.17,3,1,1,23464.62,1,35677.51,795,0
CUST03742,65,Male,Germany,Central,8,0.0,1,0,1,119041.67,1,88028.45,699,0
CUST02761,54,Female,Spain,South,0,0.0,1,1,0,184761.5,1,98040.4,420,0
CUST02696,44,Female,France,West,8,0.0,1,0,0,95294.93,0,0.0,527,0
CUST04907,50,Male,Spain,West,0,121714.15,2,1,1,67863.31,1,34732.04,675,0
CUST09201,55,Female,France,East,8,21930.92,1,1,0,156725.18,0,0.0,337,1
CUST09295,57,Male,Germany,East,9,0.0,1,0,0,130515.4,0,0.0,,1
CUST08811,61,Male,France,West,6,0.0,1,0,0,46878.41,0,0.0,818,1
CUST00034,44,Male,France,North,10,69547.18,1,0,1,55050.49,0,0.0,749,0
CUST00567,66,Female,France,East,7,0.0,1,1,1,161668.84,0,0.0,600,1
CUST08006,66,Male,Germany,North,2,0.0,2,1,0,116120.89,1,14758.21,691,0
CUST01775,29,Male,France,North,2,70362.9,1,1,0,114899.22,1,14895.73,771,0
CUST09120,49,Female,Germany,North,4,0.0,2,1,0,98250.92,1,96279.14,644,1
CUST01460,23,Female,France,North,1,15072.68,1,1,1,71157.39,1,75910.23,591,0
CUST09715,69,Male,Spain,North,2,38818.5,1,0,1,87826.96,0,0.0,844,0
CUST06092,22,Male,Germany,East,6,44092.37,1,1,0,109386.02,0,0.0,332,0
CUST07953,57,Female,France,West,8,0.0,1,0,1,125184.04,1,42576.13,770,0
CUST04789,29,Female,Spain,South,8,39671.44,3,1,0,120367.53,1,84342.09,830,1
CUST05178,55,Female,Spain,South,3,68890.41,2,1,0,91938.9,0,0.0,804,0
CUST04433,34,Female,Spain,North,1,3850.46,1,1,1,125363.36,1,40266.43,632,0
CUST02193,70,Male,Spain,South,6,91048.48,1,0,0,181889.55,0,0.0,411,1
CUST09065,64,Male,Germany,South,6,,2,1,0,152673.85,1,10577.57,802,0
CUST02076,49,Female,France,North,5,92088.66,1,0,1,195478.2,1,37809.83,455,0
CUST02583,58,Female,Spain,South,9,69255.71,1,1,1,42822.44,0,0.0,558,0
CUST09924,20,Male,Germany,West,5,5603.86,1,1,0,25792.82,1,87597.09,466,0
CUST04913,49,Female,France,South,9,820.6,2,1,0,189115.58,1,70968.63,421,0
CUST09319,39,Male,France,East,0,0.0,1,0,0,144625.38,0,0.0,765,1
CUST09131,63,Male,Spain,Central,5,32478.59,2,0,0,63487.22,0,0.0,829,0
CUST08368,54,Male,Germany,North,8,74734.43,2,0,0,139648.35,1,52900.07,361,1
CUST07206,71,Female,Germany,South,10,15550.73,1,1,0,7116.81,0,0.0,575,0
CUST02697,46,Male,Germany,North,10,6962.89,3,1,0,31448.24,1,49347.79,355,0
CUST01344,41,Female,France,South,9,97289.76,1,1,1,159333.99,1,45312.56,400,0
CUST03288,57,Male,Spain,East,3,0.0,1,1,1,21226.02,1,11593.57,340,0
CUST03557,62,Male,Spain,South,6,0.0,1,1,1,46499.52,0,0.0,726,0
CUST02090,44,Female,Spain,North,7,1988.06,3,1,0,70020.64,1,25324.38,339,0
CUST09472,40,Male,France,South,0,0.0,1,0,1,68411.67,0,0.0,482,0
CUST08740,43,Male,Germany,East,9,250000.0,1,0,1,116201.01,0,0.0,529,0
CUST07258,71,Male,Germany,North,6,77560.87,2,0,0,182470.38,1,73459.64,669,0
CUST01640,62,Female,Germany,Central,2,0.0,1,1,0,131826.34,1,15766.19,645,1
CUST03735,50,Male,France,South,2,38753.27,3,1,0,139503.54,1,78109.41,386,1
CUST08878,22,Male,Spain,West,6,41100.68,1,0,1,94981.47,1,68536.6,447,0
CUST01024,20,Female,Germany,Central,10,0.0,2,1,1,155764.58,0,0.0,400,0
CUST00166,59,Male,Spain,East,7,14944.04,3,1,1,,1,76929.92,442,0
CUST08859,29,Female,Germany,West,0,109737.19,2,1,1,7971.13,0,0.0,800,0
CUST03568,50,Male,France,North,4,52851.43,1,1,0,120323.43,1,72848.67,753,1
CUST06394,31,Male,Germany,South,8,10439.97,2,0,1,1241.73,0,0.0,713,0
CUST09253,32,Female,Spain,South,8,55551.62,1,1,1,29463.68,0,0.0,733,0
CUST08660,39,Female,Spain,South,7,56094.02,1,1,0,109611.36,1,24995.75,392,0
CUST03631,18,Male,France,West,6,0.0,1,0,1,188329.11,1,29547.59,808,1
CUST04722,41,Female,France,South,6,115006.21,1,1,0,153158.63,0,0.0,358,0
CUST04107,65,Female,France,South,10,0.0,2,1,0,62220.27,1,87185.44,364,0
CUST08644,58,Male,Germany,West,0,25074.19,1,1,1,24340.8,0,0.0,630,0
CUST06449,71,Male,Germany,South,0,28904.52,1,1,0,70655.67,1,30030.52,565,0
CUST04640,36,Female,Spain,West,9,217525.14,2,1,0,53590.88,0,0.0,849,0
CUST08012,53,Female,France,West,2,4600.81,1,0,0,35502.35,0,0.0,383,1
CUST07702,61,Male,Spain,Central,7,0.0,1,1,1,74853.58,0,0.0,808,0
CUST05138,51,Female,Spain,North,7,122265.69,3,1,1,5093.54,1,50705.28,734,0
CUST00743,30,Male,France,North,4,5291.45,1,1,0,159790.17,0,0.0,617,0
CUST00205,42,Male,Spain,West,6,2318.56,2,1,1,99287.5,1,42477.53,533,0
CUST03325,36,Female,Germany,West,2,127341.66,1,0,1,30107.54,1,61327.55,387,0
CUST07303,40,Female,Germany,South,5,181949.22,1,1,1,10636.97,0,0.0,644,0
CUST02722,24,Female,France,Central,7,135951.92,3,0,0,19888.9,0,0.0,728,0
CUST02983,37,Female,Spain,South,10,794.45,2,1,1,123999.37,0,0.0,542,1
CUST03548,33,Female,Spain,North,3,,1,1,0,41273.71,0,0.0,,1
CUST04148,46,Female,Spain,West,7,106064.43,2,1,1,58995.64,0,0.0,568,0
CUST00841,70,Female,France,North,2,144696.61,3,1,1,42410.89,1,25452.22,658,0
CUST08982,71,Male,France,South,6,0.0,2,1,1,172330.39,0,0.0,307,0
CUST02247,49,Male,France,South,3,0.0,1,0,1,193795.86,0,0.0,745,0
CUST00267,28,Female,France,Central,9,88267.35,1,0,0,62603.14,0,0.0,742,0
CUST08380,39,Female,France,West,7,52043.28,1,1,1,133658.99,0,0.0,408,0
CUST04946,23,Female,Spain,South,3,10428.93,3,0,1,128154.0,1,55994.37,462,0
CUST04997,39,Female,France,West,6,66255.33,1,1,1,186916.71,1,56491.77,303,0
CUST05327,25,Male,Germany,North,0,115556.61,2,1,1,94300.33,1,99851.98,743,0
CUST04550,34,Male,France,North,3,0.0,3,1,0,49015.67,0,0.0,509,0
CUST00521,47,Female,Germany,North,3,34824.0,2,0,1,739.79,1,96723.62,303,0
CUST01520,46,Female,Spain,Central,2,221403.63,3,1,1,171976.49,1,13329.23,523,0
CUST03499,43,Male,Spain,South,10,45034.86,1,1,1,102250.59,1,88808.44,572,0
CUST04977,33,Female,France,Central,9,0.0,1,1,0,158662.41,0,0.0,349,0
CUST04975,60,Female,Germany,North,5,0.0,2,0,1,64228.39,1,47414.44,588,0
CUST03783,45,Male,Spain,North,9,87875.41,2,0,0,58118.93,0,0.0,716,0
CUST04284,68,Male,France,West,8,37100.47,3,1,0,186190.11,1,67374.44,338,0
CUST05100,72,Male,France,East,5,0.0,3,1,1,89860.64,1,22025.74,403,0
CUST03420,72,Female,France,West,5,0.0,1,1,0,41961.06,0,0.0,793,0
CUST03896,42,Male,Spain,Central,4,45246.75,2,0,0,20836.18,1,29215.59,335,0
CUST00059,70,Female,France,East,10,0.0,1,1,1,,0,0.0,816,0
CUST07344,70,Male,France,West,10,66640.0,1,0,0,96602.53,1,37250.01,677,0
CUST06132,57,Male,Spain,Central,9,165858.78,1,1,0,45099.93,1,52093.81,420,0
CUST06139,46,Male,Spain,West,7,0.0,1,1,0,67752.43,0,0.0,578,0
CUST03257,57,Female,France,East,7,46413.82,1,1,0,18227.28,0,0.0,,0
CUST08516,23,Female,France,Central,7,0.0,1,1,1,190058.1,1,9501.5,621,0
CUST02549,60,Male,France,South,9,96499.92,2,1,1,58693.35,0,0.0,566,1
CUST05076,58,Female,Germany,North,1,68674.43,1,1,0,90009.13,0,0.0,632,0
CUST05653,38,Female,France,Central,8,72024.38,3,1,1,188929.96,0,0.0,445,0
CUST07157,48,Male,France,East,7,33638.51,2,1,1,40839.97,1,66822.4,566,0
CUST01503,35,Female,Germany,East,3,52437.08,2,1,1,72388.5,1,63066.12,735,0
CUST09123,30,Female,Spain,Central,2,35579.09,3,1,1,73916.38,0,0.0,423,0
CUST04631,44,Male,France,West,3,3916.66,1,0,1,122111.22,0,0.0,755,0
CUST01221,27,Female,France,West,8,0.0,2,0,0,40631.37,0,0.0,567,0
CUST02318,29,Female,France,Central,1,109520.94,1,1,0,45629.54,0,0.0,542,0
CUST07589,21,Female,Germany,West,5,40661.99,1,1,1,43887.3,0,0.0,611,0
CUST07054,69,Female,Germany,North,7,185267.55,1,1,0,25040.39,0,0.0,744,1
CUST05740,71,Female,France,Central,5,12998.98,1,1,1,137749.55,1,6265.73,317,0
CUST00935,51,Male,France,South,2,,1,1,0,188234.05,1,15344.16,808,0
CUST07195,20,Female,France,North,9,4718.63,2,1,0,156448.47,0,0.0,435,0
CUST01390,61,Female,Spain,West,4,0.0,1,1,1,103318.98,0,0.0,729,1
CUST05688,40,Female,Germany,South,7,81649.44,1,1,1,160906.41,0,0.0,306,0
CUST05877,44,Male,Germany,North,6,85267.26,1,1,1,25042.72,1,77417.47,506,0
CUST01689,68,Female,Spain,North,10,80786.66,2,1,1,96146.79,1,76972.1,306,1
CUST08924,21,Female,Germany,South,9,159627.83,2,1,1,52068.3,1,48761.3,831,0
CUST07161,28,Male,France,West,2,0.0,2,0,1,2721.76,0,0.0,662,0
CUST07899,52,Male,Spain,West,1,250000.0,1,1,1,48990.05,1,18382.37,813,0
CUST09071,36,Female,Spain,Central,7,0.0,1,0,0,63199.65,1,90470.85,788,0
CUST09644,23,Male,Germany,West,0,0.0,2,1,0,180290.54,1,62944.23,510,0
CUST09044,37,Female,France,North,6,250000.0,2,0,1,161377.86,1,77078.27,623,0
CUST00616,60,Male,France,North,9,0.0,2,0,1,54442.34,0,0.0,674,0
CUST03302,30,Female,Germany,Central,1,82625.44,1,1,0,19773.6,0,0.0,626,0
CUST07477,52,Female,Spain,North,0,55538.7,1,0,0,34724.85,1,48543.26,623,1
CUST02602,35,Male,Germany,Central,1,0.0,1,1,0,71825.42,1,73362.06,383,0
CUST08094,65,Female,Spain,Central,1,64359.61,1,0,1,150042.74,1,34180.05,800,0
CUST04860,39,Male,France,Central,6,0.0,2,1,0,131999.2,1,9551.17,450,0
CUST05042,66,Female,France,North,9,0.0,2,0,1,69717.6,1,75895.89,309,0
CUST09654,68,Male,Germany,East,4,702.23,1,1,1,16892.71,1,97647.58,547,0
CUST08824,38,Male,Spain,East,2,19798.43,2,1,1,94943.73,0,0.0,722,0
CUST00763,42,Female,Spain,East,1,14474.54,1,1,1,143233.77,1,72231.3,,0
CUST04604,74,Male,France,East,10,78947.5,2,0,0,130787.39,1,96452.62,438,1
CUST06409,37,Female,France,Central,1,71892.42,2,1,0,181243.54,1,65035.29,477,0
CUST00481,45,Female,France,Central,7,0.0,2,0,1,113584.53,1,22417.76,520,0
CUST09214,32,Female,Germany,East,5,40739.8,1,0,0,193166.69,1,7664.11,506,0
CUST00697,36,Male,Spain,West,2,241768.28,1,1,1,169808.74,0,0.0,371,0
CUST06978,27,Female,Germany,East,3,0.0,2,1,0,164453.46,1,37161.32,454,0
CUST05892,26,Male,Germany,South,8,8896.29,2,0,1,129982.96,0,0.0,377,0
CUST07816,74,Female,France,East,8,13981.59,1,1,1,163705.6,1,20643.6,777,0
CUST00172,69,Female,Spain,Central,2,217776.2,4,1,1,56683.51,0,0.0,564,0
CUST05246,64,Male,France,North,6,78088.09,1,1,0,176903.78,1,94058.41,492,1
CUST03310,67,Female,Spain,North,9,0.0,1,1,0,99594.31,1,21661.55,810,0
CUST07124,51,Male,Germany,East,6,7375.46,1,1,1,129629.3,0,0.0,676,0
CUST09688,54,Male,France,East,0,86987.45,2,0,0,43885.72,1,90887.51,766,0
CUST05369,64,Female,France,North,3,0.0,1,1,0,69089.89,1,25225.22,333,1
CUST02945,23,Male,Spain,North,6,,1,1,1,42267.97,1,48904.33,488,0
CUST04560,42,Female,France,West,0,104114.65,1,1,0,190044.07,1,51227.28,443,0
CUST08286,31,Female,France,Central,4,66014.34,2,0,1,87118.93,1,34075.83,456,0
CUST08238,73,Male,France,North,5,0.0,2,0,0,186861.4,1,78125.79,601,0
CUST01398,59,Female,France,West,0,3473.28,2,1,1,2623.06,0,0.0,340,0
CUST07745,64,Male,Germany,South,4,118165.06,3,0,1,80071.15,0,0.0,771,1
CUST02473,66,Male,Germany,South,4,16763.19,2,0,1,49016.66,0,0.0,417,0
CUST09871,46,Female,Spain,Central,5,42741.83,2,0,1,46798.81,1,47614.58,496,0
CUST06685,40,Male,Spain,West,2,20050.47,1,1,1,92011.67,0,0.0,575,0
CUST05968,63,Female,Germany,East,4,29119.01,1,1,1,195712.7,0,0.0,482,0
CUST01087,68,Female,France,Central,10,15971.67,1,1,1,31114.39,1,18344.71,545,1
CUST02082,46,Male,France,West,2,0.0,2,1,1,70698.88,1,82674.76,422,0
CUST03251,34,Male,France,South,4,128165.15,2,0,1,167536.36,0,0.0,758,0
CUST03895,66,Male,Germany,North,3,130854.89,2,1,0,154427.38,0,0.0,796,0
CUST01788,43,Female,Spain,East,6,,1,1,0,37255.68,1,93929.02,323,0
CUST03198,45,Male,France,North,4,0.0,2,1,1,130762.79,0,0.0,521,0
CUST04973,34,Female,France,South,4,80457.08,1,0,1,133457.15,1,64662.93,732,0
CUST05302,22,Male,Germany,South,2,229677.92,2,1,0,62964.15,1,21129.48,,0
CUST07332,61,Female,Spain,Central,7,12421.52,1,1,0,50043.61,1,59819.82,332,0
CUST06245,20,Male,France,West,0,0.0,3,1,1,127129.94,0,0.0,435,1
CUST07572,24,Male,France,South,2,0.0,4,1,0,42665.88,0,0.0,545,1
CUST03346,52,Female,France,East,10,42822.18,2,1,1,176275.53,0,0.0,639,0
CUST07427,39,Male,Spain,North,0,35370.18,4,1,0,130847.99,0,0.0,585,1
CUST00429,50,Female,Germany,Central,9,0.0,1,1,1,147575.69,0,0.0,443,0
CUST05211,59,Female,Germany,East,7,6189.24,2,1,1,99383.11,1,73587.44,450,0
CUST07538,47,Male,Spain,North,7,87373.57,1,1,1,175741.54,1,23324.52,817,0
CUST01392,65,Male,Spain,North,1,25814.34,1,1,1,103059.79,1,27980.18,586,0
CUST04509,25,Female,France,North,9,70516.22,1,1,0,48290.64,0,0.0,400,0
CUST00566,64,Male,Spain,South,10,76117.35,3,1,1,156272.47,1,77666.3,714,0
CUST08928,59,Male,France,Central,1,174067.52,2,0,1,63487.49,0,0.0,634,0
CUST04868,43,Female,France,East,4,123148.27,1,1,1,199359.08,0,0.0,700,0
CUST04877,57,Male,Spain,East,4,100165.22,1,0,0,2006.66,0,0.0,695,0
CUST06794,43,Male,France,West,1,66957.12,2,1,0,86681.7,0,0.0,532,0
CUST08916,34,Female,France,East,7,9903.66,3,1,1,178990.05,0,0.0,814,0
CUST00879,22,Female,Spain,Central,9,244.47,1,1,0,145528.85,0,0.0,707,0
CUST03277,56,Female,Spain,South,3,66575.3,3,1,1,52530.28,0,0.0,305,0
CUST00593,49,Male,Germany,East,8,26073.23,4,1,0,111617.96,1,43874.01,412,0
CUST06623,66,Female,Germany,Central,8,0.0,1,1,0,88660.43,0,0.0,489,1
CUST06397,27,Male,Germany,North,8,114698.86,1,1,1,115797.71,0,0.0,523,0
CUST07371,72,Female,Spain,South,7,5592.39,1,0,0,18371.14,1,80261.36,771,1
CUST04502,31,Male,Germany,South,5,0.0,2,1,1,4100.39,1,99948.55,463,0
CUST07255,68,Female,Germany,South,7,0.0,2,1,0,137315.3,0,0.0,469,0
CUST06016,35,Female,France,North,4,0.0,1,1,0,115478.35,1,43739.34,666,0
CUST04079,66,Female,France,North,8,130219.31,4,0,0,55388.13,1,77100.53,660,0
CUST09792,37,Male,Germany,East,5,25743.0,2,0,1,90192.14,1,7736.62,386,0
CUST00217,23,Male,France,Central,6,25378.23,1,1,1,66769.6,1,30497.91,397,0
CUST00263,49,Female,Germany,West,3,8485.65,1,0,0,185764.68,0,0.0,519,0
CUST04634,21,Female,Spain,East,6,127187.43,3,0,0,160401.52,0,0.0,718,1
CUST01401,48,Female,Germany,Central,2,15607.53,1,1,0,36195.47,1,39642.73,678,0
CUST08083,19,Male,France,West,3,0.0,1,1,0,38877.58,1,29156.93,825,0
CUST05659,63,Female,Spain,East,0,0.0,1,0,0,114475.91,0,0.0,735,0
CUST04822,49,Male,Spain,East,6,12328.49,2,1,0,196864.4,0,0.0,744,0
CUST02694,69,Male,Spain,Central,3,0.0,1,1,0,34522.46,0,0.0,365,0
CUST00991,27,Female,France,Central,6,202623.28,1,1,0,19809.61,1,18353.18,445,0
CUST02425,34,Male,France,West,2,0.0,2,1,0,161664.23,0,0.0,641,0
CUST01599,29,Female,France,East,3,0.0,2,1,1,156636.75,0,0.0,656,0
CUST07449,37,Male,Spain,South,8,250000.0,2,0,1,94263.39,0,0.0,782,0
CUST01495,46,Female,France,North,3,0.0,4,0,1,46028.05,0,0.0,798,1
CUST06421,34,Male,France,East,6,9941.57,1,0,0,136318.16,0,0.0,525,0
CUST04929,23,Female,France,West,8,2501.19,1,1,1,197943.33,1,47874.95,317,0
CUST07604,49,Male,Germany,North,3,0.0,2,1,0,137992.27,0,0.0,486,0
CUST07877,58,Male,Germany,East,8,70304.73,1,1,1,106692.09,1,54750.37,384,0
CUST06668,74,Female,France,North,0,136551.4,1,1,0,133301.66,0,0.0,529,0
CUST08544,51,Female,France,Central,2,0.0,3,1,1,173211.2,0,0.0,706,0
CUST00500,25,Male,France,East,7,66035.82,2,0,1,28373.9,0,0.0,540,0
CUST04295,52,Female,France,East,1,125260.28,4,1,1,82009.88,1,31011.66,741,0
CUST03201,22,Female,France,West,8,63285.59,1,1,1,110689.16,1,93662.05,593,0
CUST05034,44,Female,Spain,North,1,0.0,1,1,1,,0,0.0,787,1
CUST03194,32,Female,Spain,North,8,37329.81,2,0,1,85149.31,1,16930.33,648,1
CUST02333,70,Male,France,South,4,72072.9,1,0,0,89298.74,1,32830.7,652,0
CUST06011,46,Male,Spain,North,5,0.0,1,1,0,170618.54,1,6871.08,392,1
CUST07107,32,Female,France,Central,6,40463.86,1,0,1,153390.08,1,87353.45,679,0
CUST08398,49,Female,France,North,8,0.0,2,0,0,38374.95,1,15709.51,603,0
CUST00261,49,Male,France,East,7,53292.39,1,0,1,117833.04,0,0.0,447,0
CUST05394,46,Male,Germany,Central,5,117082.92,1,1,1,79895.65,0,0.0,773,1
CUST09471,66,Female,France,North,9,163701.23,1,0,1,187995.26,1,36697.47,471,0
CUST01904,23,Female,France,East,6,0.0,1,1,1,29016.05,1,37374.53,371,0
CUST03326,40,Female,France,West,4,24757.14,2,0,1,34630.23,1,18395.8,833,0
CUST09090,43,Male,France,North,8,0.0,1,1,0,93162.95,0,0.0,669,1
CUST01699,57,Female,France,Central,2,0.0,3,1,0,144738.75,0,0.0,780,1
CUST06566,30,Female,Germany,East,3,39138.7,1,1,1,192691.12,0,0.0,491,0
CUST00757,62,Male,France,East,8,0.0,2,0,0,59811.84,1,94272.57,658,0
CUST06075,36,Female,France,North,5,0.0,2,1,0,63962.48,1,36773.68,613,1
CUST00436,20,Male,Germany,North,10,22755.65,1,1,1,51910.3,1,9890.55,414,0
CUST01594,59,Female,Germany,Central,9,0.0,1,1,0,88920.97,0,0.0,354,1
CUST02715,24,Male,France,East,5,95552.22,2,1,0,16300.14,0,0.0,442,0
CUST02003,68,Female,Spain,Central,5,2050.04,2,0,0,129634.33,0,0.0,385,0
CUST05738,72,Male,France,Central,4,55846.52,3,1,0,83669.99,0,0.0,476,1
CUST05542,22,Male,Spain,Central,10,0.0,1,1,0,177130.86,1,55945.46,429,1
CUST09197,65,Female,Spain,South,5,16204.96,2,1,1,84638.54,1,40395.24,514,0
CUST06553,45,Male,France,Central,10,0.0,2,1,1,33914.74,1,58019.95,644,1
CUST07189,28,Male,France,East,2,187033.29,2,1,0,73537.27,1,77682.69,541,1
CUST00740,55,Female,Germany,East,9,238923.79,2,1,1,71990.3,0,0.0,301,0
CUST02607,62,Female,Germany,Central,9,44575.68,4,0,0,33515.89,0,0.0,606,1
CUST02147,20,Male,Germany,North,4,0.0,1,1,0,33544.75,1,87314.83,606,1
CUST01919,71,Female,France,West,6,0.0,2,0,1,9407.04,0,0.0,610,0
CUST08132,67,Male,France,North,8,120942.89,1,1,0,127374.56,1,9304.28,392,0
CUST06545,36,Female,Germany,East,3,20451.17,1,1,1,195588.96,0,0.0,559,0
CUST07526,64,Female,Germany,North,3,9673.72,2,0,0,18010.45,1,63445.96,484,0
CUST00239,19,Male,Spain,North,4,172588.14,3,1,0,151397.15,0,0.0,543,0
CUST03838,51,Female,Germany,South,9,118980.89,2,1,0,7075.27,1,23770.05,608,1
CUST01134,36,Female,Spain,Central,3,0.0,1,0,0,27836.98,0,0.0,496,1
CUST03515,67,Female,Spain,East,8,0.0,2,1,0,100321.53,1,14897.13,402,0
CUST01874,37,Male,Spain,North,4,174126.45,1,0,1,134831.33,1,44610.02,537,0
CUST00962,19,Male,France,North,1,25727.15,1,0,1,167041.85,0,0.0,599,0
CUST04916,22,Female,France,West,9,898.49,1,1,0,72435.82,0,0.0,419,0
CUST01877,47,Male,Spain,Central,2,45338.77,2,0,1,94988.06,0,0.0,504,0
CUST02858,40,Male,France,East,0,0.0,2,1,1,165517.43,0,0.0,604,0
CUST02310,43,Female,Germany,Central,9,,1,1,1,8261.24,0,0.0,,0
CUST04459,33,Male,France,North,10,42645.27,1,1,0,45233.85,1,93779.74,822,0
CUST09432,45,Male,France,East,5,,1,1,0,129419.44,1,68983.69,781,1
CUST05699,30,Male,France,North,6,0.0,1,1,1,186225.87,1,58814.71,461,0
CUST05654,69,Male,France,East,10,83688.6,1,1,1,83598.4,0,0.0,668,0
CUST03546,27,Female,Spain,West,0,0.0,1,0,0,84811.4,1,37999.0,478,0
CUST00062,45,Female,Spain,Central,5,250000.0,1,1,0,46915.77,1,72366.98,705,0
CUST00424,50,Female,Germany,East,6,84222.0,2,1,1,775.69,0,0.0,463,0
CUST02291,56,Male,France,South,5,127819.69,2,1,1,17165.7,1,91670.96,837,0
CUST02974,32,Male,Spain,South,3,0.0,2,1,0,95277.56,0,0.0,555,0
CUST05461,18,Male,Spain,Central,3,0.0,1,1,1,38992.3,0,0.0,732,0
CUST09534,26,Male,Spain,West,4,,2,1,0,58547.37,0,0.0,643,1
CUST01359,68,Male,Germany,South,5,27001.05,1,1,0,134489.29,1,40247.73,435,1
CUST06611,26,Male,Spain,East,7,38906.88,2,1,1,111869.13,1,41214.24,829,0
CUST01911,51,Female,France,East,1,35107.37,1,1,0,155232.83,0,0.0,673,1
CUST09030,57,Female,France,Central,10,0.0,3,1,0,15225.61,0,0.0,717,1
CUST08796,43,Female,Germany,South,7,42199.65,1,1,1,138682.66,1,59461.74,666,0
CUST08537,40,Male,France,East,7,35499.76,2,1,0,111730.36,0,0.0,478,0
CUST09419,24,Male,Germany,West,8,0.0,2,0,0,55726.97,1,13891.54,840,0
CUST09546,38,Male,Germany,South,8,250000.0,1,1,0,38290.24,0,0.0,690,0
CUST03437,29,Female,France,North,3,65239.3,3,1,0,30048.89,1,15317.12,570,1
CUST05411,24,Male,France,East,10,58210.94,2,0,0,96823.23,0,0.0,783,0
CUST02774,50,Female,France,Central,9,0.0,1,1,0,176132.75,0,0.0,567,0
CUST01267,52,Female,France,Central,6,75416.78,2,1,0,79152.54,1,38713.52,469,1
CUST08455,29,Male,Spain,East,0,0.0,1,0,1,96247.57,0,0.0,821,0
CUST07601,69,Female,France,North,3,25685.7,2,0,1,50346.69,1,21779.04,839,1
CUST02406,31,Male,Germany,West,9,250000.0,1,1,1,1437.1,0,0.0,570,0
CUST09812,47,Male,Spain,North,8,165213.25,1,1,0,13218.03,0,0.0,340,1
CUST09525,47,Male,Germany,East,7,0.0,1,1,0,33063.64,1,33642.79,641,0
CUST01756,66,Female,France,East,5,63062.85,1,1,1,34585.9,0,0.0,545,0
CUST08804,20,Male,Spain,Central,1,0.0,1,1,0,11069.66,1,54210.86,406,0
CUST07911,65,Female,France,West,3,100212.23,3,0,1,66972.04,0,0.0,438,1
CUST09539,39,Male,France,North,3,25718.96,3,1,1,89537.65,0,0.0,447,0
CUST01197,43,Male,France,South,2,108843.31,1,0,0,153356.63,1,36941.5,707,0
CUST08776,18,Male,Germany,South,2,0.0,3,1,1,62875.73,0,0.0,358,0
CUST00982,32,Male,France,Central,8,39637.9,1,1,0,83230.44,1,15313.0,718,1
CUST03906,36,Male,France,East,4,55125.01,1,0,1,121184.25,1,52771.19,365,1
CUST04270,47,Female,France,West,5,39089.73,2,1,0,40676.5,0,0.0,725,0
CUST04053,65,Male,Germany,North,7,954.85,2,1,1,,0,0.0,411,0
CUST00379,68,Female,Germany,North,1,96249.83,3,1,0,192793.67,0,0.0,492,1
CUST09878,50,Female,Germany,North,7,132471.14,1,1,0,70181.44,1,82571.32,425,0
CUST04801,49,Male,Spain,West,10,37069.57,1,1,0,151759.44,0,0.0,396,0
CUST04196,45,Female,Germany,North,4,0.0,1,1,0,3032.88,1,78007.95,673,0
CUST07959,37,Female,France,West,7,2637.67,2,1,0,36905.66,1,26913.47,512,1
CUST06131,32,Female,Germany,South,2,0.0,1,1,1,189810.38,0,0.0,309,1
CUST06539,41,Male,France,East,8,51782.25,2,1,1,84088.51,0,0.0,362,0
CUST06280,19,Female,Germany,West,2,0.0,2,0,1,134187.61,1,52892.68,445,1
CUST05869,57,Female,France,North,9,213504.18,2,0,1,172674.04,0,0.0,524,0
CUST01449,51,Female,France,Central,8,179530.08,2,0,1,45156.14,0,0.0,759,0
CUST04514,49,Male,France,South,3,112520.17,1,0,1,106869.51,1,99924.6,596,1
CUST02132,56,Male,France,South,4,78674.96,2,1,1,89472.65,0,0.0,497,0
CUST08621,18,Female,Spain,East,0,57161.21,1,1,0,30109.01,0,0.0,348,1
CUST07522,40,Female,Germany,West,6,68999.68,2,1,0,1341.85,1,99441.41,407,0
CUST04788,45,Male,France,South,4,1659.38,1,1,1,76617.43,1,17898.94,561,0
CUST03175,74,Male,Germany,South,7,63468.41,1,0,0,152332.22,0,0.0,756,0
CUST09509,21,Male,Germany,West,4,15687.18,1,0,0,25563.59,1,35533.57,722,1
CUST05416,52,Male,Spain,South,6,90252.21,4,0,1,187158.45,1,13048.43,680,1
CUST07166,43,Female,Spain,North,5,100262.47,2,1,0,129650.28,0,0.0,387,0
CUST02292,48,Male,France,South,8,0.0,2,1,1,153022.33,1,77089.08,459,0
CUST07910,45,Female,France,West,0,36967.58,2,1,1,148021.52,1,99744.98,758,0
CUST00236,69,Female,Germany,West,6,48714.94,3,1,1,36380.89,0,0.0,727,0
CUST00729,40,Female,Germany,South,10,250000.0,3,1,1,134486.62,1,83055.17,454,0
CUST05444,51,Male,Germany,South,0,71400.92,2,1,1,181124.72,0,0.0,388,0
CUST02062,34,Female,France,South,6,,1,1,0,93942.46,1,5709.41,757,1
CUST01007,28,Male,Spain,East,6,0.0,1,1,1,128185.22,0,0.0,525,0
CUST02226,63,Male,France,West,1,62227.49,4,1,0,61903.72,1,69950.96,600,0
CUST02631,43,Female,Germany,South,3,103652.05,2,1,1,100358.14,0,0.0,847,0
CUST06112,35,Female,France,North,8,0.0,2,0,1,95696.19,0,0.0,761,0
CUST08973,37,Male,France,North,8,106328.12,3,1,1,33414.63,0,0.0,554,0
CUST02756,41,Male,France,South,3,0.0,1,1,1,131054.95,1,70471.19,653,0
CUST01783,27,Male,France,West,0,4321.98,3,1,0,84359.99,1,63326.69,332,0
CUST01153,72,Male,Spain,Central,6,7856.71,2,1,1,140355.25,1,43290.61,482,0
CUST09143,53,Female,Germany,West,7,29070.06,3,1,0,134889.38,1,46064.68,762,0
CUST08965,67,Male,France,East,9,0.0,1,1,0,83135.72,0,0.0,345,1
CUST09480,71,Male,France,Central,3,0.0,1,1,1,80632.26,1,73590.11,839,0
CUST08399,50,Female,Germany,Central,0,78895.21,1,1,0,151134.63,0,0.0,590,0
CUST01142,73,Male,France,Central,9,27883.39,4,1,1,58206.87,0,0.0,628,0
CUST07691,48,Female,France,North,2,147918.8,2,1,1,158430.78,0,0.0,407,0
CUST06260,73,Female,Germany,South,4,67551.76,2,0,1,42046.46,0,0.0,649,0
CUST03780,43,Male,Germany,North,4,0.0,1,1,0,24879.67,0,0.0,651,0
CUST02572,70,Female,France,East,5,104330.43,2,1,0,165203.3,0,0.0,827,0
CUST02161,22,Male,France,West,7,21796.5,1,1,1,142684.45,1,49458.24,537,0
CUST08485,58,Male,Spain,West,3,49827.27,2,1,0,85114.22,0,0.0,788,0
CUST09413,61,Female,Germany,South,1,6067.62,2,1,1,36880.22,0,0.0,607,0
CUST07664,56,Female,France,South,9,47215.27,1,1,0,9785.16,0,0.0,521,1
CUST01759,33,Male,France,Central,9,189832.91,3,0,0,32817.51,0,0.0,422,0
CUST02103,31,Female,Germany,South,9,57314.71,4,1,1,185229.09,1,41950.96,430,0
CUST00907,34,Female,France,East,6,0.0,2,1,1,103003.46,1,75078.89,701,0
CUST08339,37,Female,France,West,8,0.0,1,1,1,166619.02,1,61748.35,436,0
CUST09995,24,Male,France,North,3,107683.5,2,1,1,51610.64,0,0.0,482,0
CUST09803,67,Female,France,East,2,29685.8,2,0,0,76641.77,1,37752.38,476,0
CUST06933,72,Female,Spain,South,3,45618.45,2,1,0,37834.98,1,83250.72,636,0
CUST00131,45,Male,France,South,9,41411.23,3,0,0,139038.62,1,15631.6,602,1
CUST04460,29,Male,Germany,West,7,11367.41,1,1,0,127892.17,1,26957.72,425,0
CUST05039,42,Female,France,North,5,0.0,1,1,1,158477.64,1,14563.62,603,0
CUST01043,58,Female,Spain,North,5,38734.52,1,0,0,39925.46,0,0.0,795,1
CUST05182,58,Female,France,West,3,73954.47,2,1,0,118390.1,0,0.0,374,0
CUST06058,66,Male,Germany,South,5,38251.21,1,1,0,11441.34,0,0.0,609,1
CUST04577,67,Female,Germany,South,3,40470.28,3,1,1,16021.92,1,53828.65,718,1
CUST02446,31,Female,France,North,0,26839.16,3,1,0,151131.16,1,75545.27,605,1
CUST05623,74,Female,Germany,East,0,174601.7,2,0,1,25547.0,1,19287.88,335,0
CUST08257,59,Female,Germany,East,5,99643.91,1,1,1,172921.64,1,67880.35,388,0
CUST05609,39,Female,France,North,6,45226.64,1,1,0,3319.43,1,87989.1,506,0
CUST03162,40,Female,France,North,0,0.0,2,1,1,24862.43,1,73549.73,825,0
CUST07027,57,Female,Germany,East,2,0.0,3,1,0,124461.85,0,0.0,761,0
CUST05728,64,Male,Spain,West,2,125010.98,2,1,0,133188.84,0,0.0,480,1
CUST06899,59,Female,Germany,North,6,1086.79,1,1,0,82065.74,0,0.0,393,1
CUST06614,57,Male,France,Central,9,0.0,1,1,0,137614.74,1,84174.81,617,0
CUST05476,47,Male,Germany,West,10,47117.15,2,0,1,167312.28,1,87815.79,846,0
CUST03761,70,Female,France,Central,8,0.0,2,1,1,125968.45,0,0.0,412,1
CUST04087,58,Male,France,West,2,16328.41,2,1,1,140576.15,0,0.0,639,0
CUST01307,20,Male,Germany,South,2,116958.03,2,1,0,172467.03,0,0.0,779,0
CUST00834,49,Male,France,West,9,0.0,3,0,0,44706.37,0,0.0,842,0
CUST00356,63,Female,Germany,West,5,12816.96,1,0,1,18257.37,1,88273.19,574,0
CUST04174,47,Male,Spain,South,0,0.0,1,1,0,184074.27,1,82224.63,483,1
CUST04081,34,Female,Spain,East,0,102648.09,1,1,1,190407.1,0,0.0,402,0
CUST03076,52,Female,Germany,South,9,115386.0,2,0,1,146550.04,0,0.0,472,0
CUST00498,54,Female,Spain,East,10,0.0,3,1,1,4025.72,0,0.0,684,0
CUST00596,22,Male,Germany,East,1,0.0,2,1,1,77836.31,0,0.0,763,0
CUST06804,31,Male,Spain,South,2,22622.79,1,0,1,1143.19,1,58634.1,641,0
CUST07767,26,Female,France,Central,6,43485.02,1,0,0,38016.81,0,0.0,310,0
CUST07654,47,Female,Germany,East,10,124180.6,2,1,0,181325.93,1,45611.26,768,0
CUST02414,58,Female,France,Central,5,0.0,1,0,1,68354.09,0,0.0,581,0
CUST02234,50,Female,France,North,6,250000.0,1,1,0,36008.5,1,9177.93,687,0
CUST06846,21,Male,Spain,West,0,60428.06,1,0,0,52858.37,1,6319.17,343,0
CUST08287,67,Male,France,North,4,0.0,2,1,1,184195.38,0,0.0,734,0
CUST06484,69,Female,France,North,3,11566.83,1,1,1,117197.6,0,0.0,446,0
CUST09154,38,Female,Germany,Central,6,18129.37,2,0,0,68143.56,0,0.0,416,0
CUST07250,65,Female,France,Central,6,170638.73,2,1,1,185706.13,1,28676.96,417,0
CUST04062,66,Male,France,Central,0,0.0,2,1,1,144051.59,0,0.0,711,0
CUST05183,22,Male,France,North,8,0.0,1,1,1,172437.96,1,15772.01,383,0
CUST01600,37,Male,Spain,North,4,17344.95,3,0,0,102090.77,1,8044.11,736,0
CUST09621,27,Female,Spain,Central,10,199049.13,2,0,1,38465.57,1,82606.24,750,1
CUST04819,64,Male,France,West,6,45088.14,2,1,1,1465.49,1,51546.66,429,0
CUST08532,53,Male,Spain,East,1,63072.07,1,1,0,165028.3,0,0.0,373,0
CUST02879,33,Male,France,North,9,25603.13,1,1,1,96272.05,0,0.0,429,0
CUST03585,61,Male,Germany,West,10,50122.45,2,1,1,63516.77,0,0.0,422,0
CUST01943,66,Male,France,Central,5,101350.74,2,1,1,29370.4,0,0.0,676,0
CUST01680,45,Male,France,West,8,65963.39,2,1,0,124624.82,1,38777.19,766,0
CUST06100,59,Female,France,West,7,250000.0,3,1,0,143168.34,0,0.0,354,0
CUST01588,19,Female,France,East,8,75786.58,1,0,1,185310.14,1,77388.4,503,0
CUST07400,25,Female,France,Central,7,0.0,1,0,1,57076.88,1,82954.67,683,0
CUST05776,41,Female,Germany,South,2,49609.9,1,1,1,20990.3,0,0.0,457,0
CUST07083,53,Female,Germany,West,10,73430.67,1,0,1,82442.36,0,0.0,415,1
CUST04279,63,Female,Spain,South,2,17265.97,1,0,0,29615.25,0,0.0,499,0
CUST04275,62,Female,France,South,1,43023.65,3,1,1,88553.73,0,0.0,653,1
CUST09005,50,Male,Spain,East,1,7594.39,3,1,1,26798.34,1,95004.92,591,1
CUST02982,31,Male,France,East,0,250000.0,1,1,0,168039.94,0,0.0,375,0
CUST05393,43,Male,Spain,Central,4,7024.29,2,1,0,9228.05,1,86247.99,610,0
CUST09073,54,Female,Spain,South,8,130361.96,2,1,0,112519.21,0,0.0,435,0
CUST07495,68,Male,Spain,East,9,133290.93,1,1,1,176772.34,0,0.0,569,0
CUST04250,44,Male,France,South,5,122862.06,2,1,1,101471.91,1,19355.13,369,0
CUST00918,27,Male,France,East,1,130.53,1,1,1,13197.32,1,28475.63,768,0
CUST01858,69,Female,Germany,North,7,54793.49,2,1,0,65344.79,0,0.0,655,0
CUST00933,57,Female,Spain,East,9,205741.76,1,1,0,158312.46,1,96405.0,512,1
CUST03352,27,Male,France,Central,3,0.0,1,1,1,95470.45,0,0.0,767,1
CUST07058,32,Male,Germany,West,9,0.0,1,1,1,86300.73,0,0.0,432,0
CUST08652,19,Female,France,Central,1,0.0,3,1,0,56964.44,0,0.0,793,1
CUST03978,21,Female,France,West,10,12636.36,1,1,0,6694.37,0,0.0,776,0
CUST09575,26,Female,France,West,0,24726.77,1,1,1,97743.95,0,0.0,416,0
CUST01751,66,Male,Spain,North,3,0.0,1,1,1,31817.45,1,49411.67,492,0
CUST06878,35,Female,France,North,9,0.0,1,0,1,52005.77,0,0.0,836,0
CUST00290,20,Male,France,East,4,56560.35,2,0,1,21739.67,0,0.0,666,0
CUST04160,26,Male,Spain,South,7,31967.19,2,0,0,30138.02,0,0.0,756,0
CUST01472,66,Female,France,West,3,0.0,1,1,0,53345.76,1,18258.76,640,1
CUST07051,27,Male,Spain,South,7,64841.04,1,0,1,1721.62,0,0.0,716,0
CUST09276,66,Male,France,South,10,142801.66,1,1,1,159567.37,1,81034.79,606,0
CUST01474,34,Male,France,South,6,8741.31,1,1,0,90128.79,1,60742.62,753,0
CUST06684,57,Female,France,West,3,89800.91,2,1,1,73148.18,1,58317.76,303,0
CUST00573,33,Female,Spain,Central,10,0.0,1,1,0,143927.19,1,5615.42,462,0
CUST09074,47,Female,Spain,Central,0,142676.64,3,1,0,66077.17,0,0.0,658,0
CUST02806,35,Male,Germany,Central,9,71494.03,1,1,0,26908.73,0,0.0,689,0
CUST01491,73,Male,Spain,Central,2,0.0,2,0,1,18450.2,1,74362.96,781,0
CUST07982,45,Male,France,North,5,148778.96,2,1,0,174336.18,0,0.0,312,1
CUST09588,37,Male,France,West,3,0.0,2,1,1,50361.79,0,0.0,803,0
CUST04239,64,Male,Spain,Central,3,36637.71,2,1,1,126945.2,0,0.0,322,0
CUST03803,20,Male,Germany,Central,6,0.0,2,1,1,31579.45,0,0.0,481,0
CUST06202,68,Male,France,North,0,46561.04,1,0,1,19050.39,1,30130.39,606,1
CUST06366,71,Male,Germany,South,3,146243.25,1,0,1,126179.5,0,0.0,813,0
CUST07090,60,Male,Spain,South,7,46737.08,2,1,0,95652.98,0,0.0,323,0
CUST08580,32,Female,France,West,6,0.0,2,0,0,166011.48,0,0.0,489,0
CUST00340,41,Male,France,Central,4,91929.48,1,1,1,91578.37,0,0.0,381,0
CUST03024,35,Male,Spain,Central,10,20558.21,1,1,1,159661.78,1,94647.43,312,0
CUST04675,38,Male,France,Central,0,0.0,2,0,0,179936.74,0,0.0,707,0
CUST00164,32,Male,Germany,Central,6,10630.95,3,1,0,98626.81,1,25346.2,533,0
CUST01791,24,Female,France,South,2,81590.6,3,1,0,46194.27,0,0.0,404,1
CUST03771,44,Female,Germany,South,4,0.0,2,0,1,164691.4,1,11779.43,710,1
CUST02263,58,Male,Spain,North,9,198385.23,2,1,1,146014.89,0,0.0,710,0
CUST04253,66,Male,Spain,Central,8,0.0,2,1,0,25085.42,1,10136.37,445,0
CUST05766,51,Male,Spain,North,3,0.0,2,1,1,84719.0,1,95089.66,698,0
CUST06362,74,Female,France,South,4,0.0,1,0,1,24716.11,0,0.0,557,0
CUST08052,59,Female,Spain,East,2,55393.38,1,1,0,156838.32,0,0.0,642,1
CUST07133,59,Female,Germany,West,8,2882.03,1,0,1,133851.21,0,0.0,745,0
CUST03685,61,Female,France,Central,8,0.0,2,1,1,31376.94,1,34896.8,812,0
CUST02036,68,Female,Germany,South,6,0.0,1,1,1,40091.24,1,89759.77,596,0
CUST00115,41,Male,Spain,North,6,0.0,1,0,1,43229.83,1,89445.02,314,0
CUST08444,63,Male,Germany,West,4,95345.74,2,0,1,138073.95,0,0.0,590,0
CUST09031,40,Female,Germany,Central,4,0.0,2,0,1,76913.85,0,0.0,753,0
CUST05132,20,Female,Spain,Central,6,180793.29,1,1,1,152249.59,1,44023.01,720,0
CUST02381,51,Female,Germany,North,2,32596.66,1,1,0,154608.31,0,0.0,717,0
CUST05277,21,Female,Germany,East,2,33445.93,1,0,1,92521.83,1,74719.32,642,0
CUST01288,50,Female,Spain,West,6,37851.76,2,0,0,148195.59,1,39217.51,699,0
CUST04660,38,Male,France,North,2,0.0,2,0,1,193758.82,0,0.0,657,0
CUST03864,63,Female,France,East,7,250000.0,2,0,0,186663.65,0,0.0,538,1
CUST09632,56,Male,Germany,South,2,81531.58,2,0,1,182260.84,0,0.0,834,0
CUST04309,65,Male,Spain,East,4,0.0,1,1,0,168196.92,1,12023.03,335,0
CUST00803,62,Female,France,North,4,224967.42,1,1,0,130555.44,0,0.0,809,1
CUST04035,35,Female,France,Central,7,0.0,1,1,1,142894.55,1,50987.38,709,0
CUST08868,65,Female,France,West,6,25621.96,2,1,1,9833.12,1,60756.33,376,0
CUST02591,58,Male,France,Central,2,65508.85,2,1,1,181810.98,0,0.0,841,0
CUST07039,33,Male,France,West,3,4422.73,1,1,0,80614.38,0,0.0,795,0
CUST07660,29,Female,France,North,8,250000.0,2,1,1,24166.39,1,77266.7,586,0
CUST05748,26,Male,France,South,9,38233.68,2,1,1,126637.23,0,0.0,477,0
CUST06985,62,Female,France,Central,9,43736.36,1,0,1,98766.76,0,0.0,771,0
CUST05736,31,Male,France,North,2,998.18,1,1,1,111708.7,0,0.0,553,0
CUST01665,48,Male,Spain,North,4,0.0,2,0,1,159565.18,1,30106.86,618,0
CUST01593,28,Male,Germany,North,0,11641.89,1,1,0,23698.34,1,62768.23,730,0
CUST09570,51,Male,Germany,East,3,,2,1,0,50212.94,1,53825.99,645,0
CUST08882,22,Male,Spain,Central,8,0.0,2,1,1,172339.26,1,94845.97,663,0
CUST09918,38,Male,Spain,East,1,129894.58,3,1,0,114083.88,0,0.0,351,0
CUST01999,57,Male,France,East,6,11442.26,2,0,0,177719.8,1,95530.29,695,0
CUST04962,72,Female,Germany,Central,9,36130.57,1,0,0,46480.33,1,96791.78,826,0
CUST01849,72,Female,France,East,10,,1,1,1,3942.32,0,0.0,665,0
CUST03363,69,Male,Spain,Central,10,94075.52,1,1,1,16084.85,0,0.0,465,0
CUST03993,63,Female,Spain,West,5,57954.51,2,0,0,137339.83,1,34853.9,751,0
CUST03061,21,Male,France,East,7,43653.08,1,1,1,189121.33,0,0.0,624,0
CUST08481,28,Male,Germany,South,6,0.0,3,0,0,180386.86,1,22722.58,804,0
CUST08008,41,Male,Spain,North,7,0.0,2,1,0,45031.48,0,0.0,417,1
CUST00238,56,Female,France,Central,2,0.0,2,0,1,10597.8,0,0.0,630,0
CUST02927,67,Male,Germany,Central,4,250000.0,1,1,0,137791.29,1,35462.03,338,1
CUST00772,56,Female,France,Central,9,0.0,2,1,0,15528.95,0,0.0,775,0
CUST08082,64,Male,Spain,South,3,0.0,2,1,1,42133.43,1,35014.92,476,0
CUST00468,74,Male,France,North,4,250000.0,1,0,1,31.76,0,0.0,477,0
CUST09829,19,Male,France,Central,8,0.0,1,1,0,59411.21,0,0.0,371,0
CUST00153,31,Male,Spain,South,9,63925.77,1,0,0,51884.54,1,17275.79,314,1
CUST08044,38,Male,Germany,Central,4,2488.25,1,0,0,179838.62,1,68460.82,366,0
CUST08021,46,Male,Spain,North,10,38956.69,1,1,1,162385.29,0,0.0,751,0
CUST08690,70,Male,France,East,7,0.0,1,1,1,110016.66,0,0.0,740,0
CUST05127,21,Male,France,South,5,0.0,2,1,1,75883.36,0,0.0,334,0
CUST07631,29,Female,Spain,Central,9,54893.79,2,0,0,45200.16,0,0.0,407,0
CUST03578,41,Male,France,Central,0,0.0,2,1,1,138050.18,0,0.0,786,0
CUST03903,39,Male,France,South,2,49131.64,2,1,1,108898.13,0,0.0,417,0
CUST09373,30,Female,France,West,10,52466.72,1,0,1,124115.23,1,90213.38,703,0
CUST03670,39,Female,Germany,Central,8,0.0,1,1,1,87177.93,1,17054.69,401,0
CUST02083,39,Male,France,Central,0,0.0,1,0,0,91915.08,1,9113.22,307,0
CUST05707,34,Male,Germany,East,7,0.0,2,1,0,25423.4,0,0.0,664,0
CUST03254,72,Male,Germany,East,1,31612.67,1,0,0,103987.04,0,0.0,830,0
CUST06099,66,Female,Spain,West,6,159342.79,2,0,0,24187.15,1,18727.55,787,0
CUST07690,61,Female,Germany,South,4,97731.02,2,0,0,12493.96,0,0.0,542,1
CUST03582,38,Female,France,West,7,47553.09,1,1,1,41986.82,0,0.0,671,0
CUST09292,64,Female,Spain,North,3,0.0,1,1,0,98403.52,0,0.0,721,1
CUST07049,33,Female,Spain,West,9,0.0,1,0,1,12823.47,1,53256.69,362,0
CUST08343,52,Male,Germany,Central,3,0.0,1,1,0,131114.73,0,0.0,448,0
CUST04504,47,Female,Germany,South,1,171586.88,1,1,0,180245.46,0,0.0,747,0
CUST01117,42,Female,France,North,5,0.0,1,1,0,30850.47,0,0.0,837,0
CUST08597,55,Female,Spain,North,9,37766.54,2,1,1,57909.1,1,81707.43,789,0
CUST00019,39,Female,Germany,East,5,0.0,1,1,1,80602.49,1,79087.0,463,0
CUST06288,55,Male,Germany,Central,9,15699.22,2,1,0,101520.67,0,0.0,401,0
CUST06509,57,Female,France,Central,4,2233.47,1,1,1,135847.21,0,0.0,693,0
CUST06003,67,Female,Spain,East,7,0.0,2,1,1,118673.77,1,89986.7,333,0
CUST07588,43,Male,France,Central,8,22079.47,1,1,1,4417.74,0,0.0,475,0
CUST02662,60,Male,Spain,North,9,1334.92,1,1,0,96717.69,0,0.0,723,1
CUST04199,60,Female,France,East,0,46759.45,1,1,0,19360.46,0,0.0,844,0
CUST09673,49,Female,Germany,North,6,94657.02,2,0,0,28883.68,0,0.0,769,0
CUST02510,42,Female,France,East,9,250000.0,1,1,0,75811.42,1,36820.48,323,0
CUST06007,73,Male,France,West,10,0.0,1,1,1,68510.59,1,56137.83,471,0
CUST06068,22,Male,Germany,South,9,20761.76,3,1,0,119898.9,1,26461.34,477,0
CUST03759,62,Female,France,North,10,0.0,2,1,0,17960.28,1,81919.83,496,0
CUST05298,57,Male,Germany,North,5,28394.51,2,1,0,15945.93,1,85517.65,540,0
CUST04434,66,Male,Germany,Central,7,44532.54,1,1,1,14567.52,1,84920.84,353,0
CUST03115,28,Female,Spain,East,10,15625.35,2,1,1,195944.34,0,0.0,530,0
CUST07505,71,Female,France,North,3,0.0,1,1,0,124090.05,0,0.0,561,0
CUST00905,23,Male,France,East,4,41926.28,2,1,0,7990.95,0,0.0,586,0
CUST09162,30,Male,Germany,West,7,101504.2,1,1,0,109060.7,1,41040.79,718,0
CUST00100,35,Male,Germany,South,1,57468.53,2,1,0,180196.96,0,0.0,379,0
CUST09979,46,Male,France,East,6,63749.16,1,1,0,169635.84,1,51727.95,499,0
CUST01722,26,Male,France,Central,10,49740.65,1,1,1,190733.67,0,0.0,307,1
CUST02687,39,Male,Spain,Central,1,100373.15,2,1,1,27270.24,1,52439.59,420,0
CUST05904,46,Male,Spain,West,6,0.0,1,1,0,70366.39,1,51053.92,586,1
CUST04354,74,Female,France,North,0,6838.63,2,1,1,48399.85,1,50297.89,525,0
CUST09796,46,Female,Spain,Central,1,58884.75,1,0,1,101915.17,1,19283.49,453,0
CUST01269,54,Male,Germany,South,8,0.0,2,1,1,178119.89,0,0.0,713,0
CUST04026,72,Female,France,West,3,107276.9,1,1,0,29271.49,1,54033.41,705,1
CUST02843,61,Male,Spain,South,4,47510.2,1,1,1,28305.01,1,92394.31,413,0
CUST00835,33,Female,Germany,North,2,209887.52,1,1,1,113884.79,0,0.0,751,0
CUST05886,73,Female,France,East,7,0.0,1,1,0,191156.9,0,0.0,488,0
CUST00305,74,Male,France,East,4,0.0,2,1,1,58890.26,1,45800.96,482,0
CUST09355,37,Male,Spain,South,0,37666.21,1,1,0,96650.1,0,0.0,400,1
CUST06411,39,Male,France,North,7,0.0,3,1,0,46259.94,1,78530.46,468,1
CUST08303,41,Male,France,East,0,3119.51,1,0,0,3703.21,0,0.0,410,0
CUST08966,38,Male,France,North,6,0.0,4,0,1,8540.88,1,34177.63,404,0
CUST02913,25,Female,France,North,10,0.0,1,1,0,178947.67,1,17045.92,331,0
CUST03433,36,Male,Spain,North,3,40421.82,2,0,1,144003.92,1,93099.22,384,0
CUST08777,66,Male,France,East,6,0.0,2,1,0,34567.27,0,0.0,456,0
CUST09098,57,Female,France,East,2,0.0,3,1,0,80692.72,0,0.0,701,0
CUST03013,32,Female,France,South,7,250000.0,1,1,1,39.68,0,0.0,768,0
CUST04121,64,Female,France,South,6,0.0,1,1,0,52165.15,0,0.0,525,0
CUST07884,73,Female,Spain,North,2,93544.3,1,1,1,161624.57,1,36896.77,604,0
CUST09333,40,Female,France,North,4,3395.64,1,1,0,123651.23,1,13056.4,483,0
CUST03443,36,Female,France,Central,0,77723.91,1,0,1,150893.85,1,53873.7,779,0
CUST06172,25,Female,France,West,5,0.0,3,1,0,104739.86,1,87136.25,517,0
CUST02220,34,Female,France,North,1,0.0,1,0,1,138119.98,0,0.0,573,0
CUST07581,70,Female,France,South,5,250000.0,2,1,1,187240.19,0,0.0,430,0
CUST05332,20,Male,France,East,5,9061.88,2,1,0,26446.16,0,0.0,304,0
CUST01841,59,Male,France,South,10,0.0,1,1,0,13150.44,1,47590.22,451,1
CUST02403,40,Male,Germany,Central,5,12453.38,1,1,1,60493.81,0,0.0,724,0
CUST09804,64,Female,France,West,9,15600.36,1,1,0,156626.51,1,72865.36,380,0
CUST07896,66,Female,France,South,1,250000.0,2,1,1,49913.03,1,56006.55,472,0
CUST02943,35,Male,Germany,South,9,0.0,2,0,1,87682.3,0,0.0,458,0
CUST08507,74,Female,France,East,8,130646.06,1,1,1,44708.84,1,48354.17,619,1
CUST00246,66,Male,France,North,3,85511.91,1,0,1,160550.49,1,80268.37,573,0
CUST09119,26,Female,France,East,7,0.0,1,0,1,196543.87,1,85248.92,357,1
CUST05112,67,Male,Germany,North,10,127658.55,2,0,1,8210.82,0,0.0,778,0
CUST00980,50,Male,Spain,West,6,132539.65,1,1,0,13979.48,1,25608.52,716,0
CUST02324,68,Male,France,East,3,152908.85,2,1,1,54446.48,0,0.0,566,0
CUST01214,30,Male,France,North,3,73429.48,1,1,1,36372.7,1,83508.32,509,0
CUST09170,70,Male,Spain,North,4,0.0,1,0,1,7727.96,1,14125.21,387,1
CUST05792,60,Male,Germany,North,3,0.0,1,1,1,191448.01,0,0.0,544,0
CUST04972,51,Female,Germany,East,3,137663.25,1,0,0,96671.5,0,0.0,804,0
CUST06580,18,Female,France,West,4,32253.26,1,1,0,130253.64,0,0.0,673,0
CUST05751,50,Female,France,Central,8,83100.05,2,1,1,94485.74,0,0.0,814,0
CUST06306,70,Female,Spain,East,0,250000.0,1,1,1,38857.98,0,0.0,485,0
CUST06994,71,Female,Spain,South,1,0.0,1,0,1,98978.38,1,9401.13,799,0
CUST01372,23,Male,Germany,East,2,0.0,3,1,1,83200.73,0,0.0,476,0
CUST03680,19,Female,France,North,0,5412.25,2,0,1,73138.9,1,63927.58,691,1
CUST06660,32,Male,Spain,South,3,144783.65,2,1,1,128173.0,0,0.0,526,0
CUST01538,25,Female,Germany,North,5,64794.68,1,1,1,189898.65,1,24099.88,348,0
CUST09788,23,Male,Spain,South,0,62487.88,1,1,1,191808.26,0,0.0,846,1
CUST06332,44,Male,France,East,8,0.0,2,1,1,193597.39,0,0.0,322,0
CUST08533,27,Female,France,Central,9,47525.46,1,1,1,10138.9,1,82701.4,725,0
CUST05305,23,Female,Germany,North,5,96674.67,2,1,1,192469.16,0,0.0,511,1
CUST00938,25,Female,France,Central,6,0.0,2,1,0,69955.2,1,91024.62,555,0
CUST01949,41,Male,France,East,1,0.0,1,1,0,163899.81,0,0.0,811,0
CUST04995,41,Male,Spain,West,4,12189.08,1,1,1,196786.97,0,0.0,706,0
CUST03299,39,Male,Germany,South,9,41450.81,2,1,0,26587.59,0,0.0,648,1
CUST06194,73,Male,France,East,0,108917.0,1,0,1,123374.48,0,0.0,372,0
CUST02632,28,Male,France,South,2,0.0,2,0,1,126399.67,1,62505.65,327,0
CUST04574,49,Female,France,Central,4,0.0,1,0,1,119973.02,1,28070.77,640,0
CUST08362,22,Female,Germany,South,7,35349.95,4,0,1,143265.89,0,0.0,641,1
CUST01412,18,Male,Spain,Central,7,85392.57,2,1,1,77421.52,1,15748.6,738,0
CUST01834,39,Male,France,Central,8,0.0,4,1,0,21896.42,0,0.0,786,0
CUST07579,18,Male,France,East,9,2818.97,2,0,0,12425.8,1,58950.11,838,1
CUST05449,44,Female,France,North,4,22647.78,1,1,0,37016.27,0,0.0,356,1
CUST04123,66,Male,France,East,4,10428.91,1,1,1,183762.08,0,0.0,353,0
CUST06438,43,Female,France,East,8,0.0,2,1,1,117723.76,1,12430.1,696,0
CUST09462,38,Male,France,East,0,0.0,2,1,1,84596.5,1,75868.44,610,0
CUST07418,71,Female,Germany,South,5,,2,1,0,,0,0.0,794,0
CUST08986,27,Male,France,South,9,126358.95,2,1,0,171895.43,0,0.0,758,0
CUST04105,62,Male,Spain,West,7,5519.43,1,0,0,178081.41,0,0.0,754,0
CUST02960,62,Male,Germany,West,5,250000.0,3,1,1,172938.6,0,0.0,497,0
CUST02817,36,Female,France,West,8,0.0,3,1,0,51803.51,0,0.0,802,0
CUST08045,23,Female,France,East,7,71382.78,2,0,1,44010.51,0,0.0,776,0
CUST07824,57,Male,Germany,West,2,12776.55,3,1,0,125357.06,0,0.0,552,1
CUST04863,43,Male,Germany,South,1,26919.86,4,1,0,126482.84,0,0.0,623,0
CUST01213,53,Male,France,West,4,45555.99,2,1,0,45734.51,1,54629.47,610,1
CUST07976,37,Female,France,Central,6,60151.13,2,1,0,102137.82,1,26405.22,835,0
CUST01092,63,Male,France,West,6,33148.3,2,1,1,24200.39,1,39731.69,714,0
CUST06646,42,Female,Germany,East,8,0.0,3,0,1,170278.22,1,61219.18,676,0
CUST05325,74,Female,France,Central,7,97530.85,1,1,0,153656.88,0,0.0,796,0
CUST01760,41,Male,France,North,5,95552.83,1,1,0,8533.64,1,97194.82,401,0
CUST02413,62,Male,Spain,South,8,56753.73,2,0,0,90826.89,1,37083.53,398,0
CUST06728,73,Male,France,West,8,2398.94,2,1,1,2364.82,1,62708.8,808,0
CUST08707,65,Female,France,Central,1,68332.13,3,1,1,15784.43,0,0.0,681,1
CUST01376,43,Female,Spain,West,8,0.0,1,1,1,125190.41,1,64834.78,761,0
CUST08547,21,Female,France,Central,7,0.0,3,0,1,94814.12,1,82946.62,830,0
CUST04633,61,Female,Germany,Central,0,157663.17,3,1,1,175192.42,0,0.0,317,1
CUST03835,50,Male,France,West,2,50627.01,2,1,1,60448.7,0,0.0,363,0
CUST07428,45,Female,Germany,East,4,103638.37,2,1,1,103145.09,0,0.0,519,0
CUST05538,64,Male,France,East,5,49469.06,2,1,1,130467.87,1,74450.92,635,0
CUST02867,69,Female,France,North,5,0.0,2,1,0,95278.7,0,0.0,413,0
CUST01069,66,Male,France,East,3,21249.73,2,1,1,27058.11,1,45160.58,394,0
CUST06764,55,Female,Germany,West,7,201567.66,1,1,0,15428.32,0,0.0,337,0
CUST08221,38,Male,France,North,5,0.0,2,0,1,174389.27,0,0.0,680,0
CUST03451,50,Male,France,South,4,112336.6,3,0,1,6559.93,0,0.0,678,0
CUST08998,38,Male,Spain,South,4,0.0,1,1,1,116687.89,0,0.0,584,0
CUST06636,37,Male,France,South,4,0.0,2,1,0,46489.7,1,99553.91,780,0
CUST07828,50,Male,Spain,West,10,60717.41,2,1,1,103989.64,0,0.0,517,0
CUST00675,54,Female,France,Central,2,127767.97,3,0,1,156230.07,0,0.0,720,0
CUST01335,27,Female,Spain,West,5,0.0,1,0,1,4857.48,0,0.0,638,0
CUST02345,73,Male,France,East,6,112103.64,2,1,0,156234.37,0,0.0,559,1
CUST08964,71,Female,France,East,0,0.0,1,1,0,183057.15,0,0.0,304,0
CUST06388,55,Female,France,Central,5,0.0,1,1,1,151488.11,0,0.0,818,1
CUST05397,19,Male,France,East,8,21916.86,1,0,0,96680.33,0,0.0,303,0
CUST03571,23,Male,Spain,North,2,0.0,1,1,0,46820.37,0,0.0,359,0
CUST02171,29,Female,Spain,North,8,0.0,2,1,1,115499.95,1,56325.77,438,0
CUST03440,70,Male,France,East,9,20243.76,2,1,1,187485.3,0,0.0,418,0
CUST00152,64,Male,Germany,South,9,30485.6,2,0,0,100736.87,1,85566.42,459,0
CUST06627,58,Male,Germany,Central,1,110704.44,2,0,1,38608.31,0,0.0,415,0
CUST06526,39,Female,France,West,1,14708.8,1,1,1,68242.94,0,0.0,492,0
CUST05627,38,Female,Spain,Central,8,5980.46,1,0,1,48768.81,0,0.0,454,0
CUST09601,72,Female,France,Central,6,0.0,1,1,0,75667.74,1,35407.7,413,0
CUST07406,52,Male,France,North,9,0.0,2,1,0,30774.47,1,49918.89,480,0
CUST04994,37,Male,France,North,8,27984.34,1,1,1,70910.68,0,0.0,451,0
CUST07795,34,Male,Germany,West,8,0.0,1,1,1,87417.81,1,62617.07,367,0
CUST06593,61,Male,Spain,North,4,124180.47,1,0,1,57903.04,0,0.0,679,0
CUST03048,36,Male,Germany,North,8,0.0,2,1,1,10655.33,1,84142.7,619,0
CUST07685,35,Female,France,North,9,0.0,1,1,0,5696.27,1,88537.19,678,0
CUST06031,27,Male,Germany,South,6,968.26,1,0,0,31942.32,1,7840.94,522,0
CUST07650,54,Female,Spain,East,9,28148.09,1,1,1,173854.11,0,0.0,511,0
CUST06474,69,Female,Germany,East,6,0.0,2,1,1,142532.86,0,0.0,690,0
CUST07549,63,Male,Spain,East,10,0.0,2,1,1,36687.26,1,10933.39,487,1
CUST08708,37,Female,Germany,North,4,193062.16,2,1,1,165288.15,0,0.0,612,0
CUST01260,46,Female,Spain,West,9,95801.13,1,1,0,20569.15,0,0.0,316,0
CUST07603,44,Female,Germany,West,5,28316.66,1,0,0,42731.5,0,0.0,452,0
CUST07947,62,Male,France,West,9,87173.01,2,1,0,176058.79,1,83002.49,484,1
CUST06066,20,Female,France,East,3,139540.15,4,0,0,8100.84,1,80789.22,482,1
CUST03934,73,Male,Spain,North,2,200730.82,1,1,0,108567.44,1,88010.62,413,1
CUST02537,46,Female,France,Central,5,0.0,2,1,1,23290.19,1,5075.42,347,0
CUST05412,20,Female,France,North,7,165743.89,2,0,1,111757.05,0,0.0,337,0
CUST03445,62,Female,France,East,1,1299.93,1,1,1,33068.85,1,54297.19,366,0
CUST06912,59,Female,France,East,10,137115.75,1,1,0,57793.64,0,0.0,407,0
CUST03097,56,Male,France,East,0,105530.11,1,1,0,61304.82,1,28715.58,421,1
CUST05075,58,Male,Spain,North,6,100133.58,1,1,1,91353.34,1,50266.47,330,0
CUST07056,46,Female,Spain,North,8,5563.3,2,1,1,158349.88,1,63639.31,300,0
CUST05344,29,Female,France,Central,0,14832.07,1,1,1,106215.21,1,27196.97,839,0
CUST09159,44,Female,France,West,4,62493.96,1,1,0,88221.45,0,0.0,754,1
CUST05967,38,Female,Spain,North,7,31002.27,1,1,1,53027.56,0,0.0,528,0
CUST07600,67,Male,Spain,Central,10,0.0,3,1,1,34512.96,0,0.0,368,0
CUST08290,23,Male,Germany,Central,0,180867.89,1,1,1,180161.92,1,68268.98,564,0
CUST04529,19,Male,France,North,4,0.0,2,0,0,90487.93,0,0.0,405,1
CUST09343,32,Male,Spain,South,3,172540.77,1,1,1,17621.8,0,0.0,442,0
CUST01001,70,Male,Germany,Central,10,27811.92,1,0,0,162931.97,0,0.0,608,0
CUST08054,47,Male,France,West,4,0.0,2,1,1,8055.9,0,0.0,326,1
CUST05871,21,Male,France,South,6,10091.6,1,0,1,119192.69,0,0.0,735,0
CUST05497,49,Male,France,Central,9,0.0,1,0,1,137920.1,1,38483.43,592,0
CUST05212,27,Female,Germany,West,6,0.0,2,1,0,26261.63,0,0.0,508,0
CUST00114,26,Male,Spain,East,4,108587.13,1,1,1,141675.04,1,62316.91,693,1
CUST07667,38,Male,France,South,8,0.0,3,0,1,73836.47,0,0.0,688,0
CUST00264,72,Female,France,South,8,90459.37,3,1,0,187795.35,0,0.0,304,0
CUST09493,56,Male,France,East,3,0.0,1,1,1,101930.02,1,47881.01,431,1
CUST03828,22,Female,Spain,West,3,45926.39,2,1,1,185073.18,0,0.0,603,0
CUST07069,72,Male,Spain,North,0,239146.41,1,1,1,167373.31,1,31977.84,514,0
CUST04715,53,Female,Spain,East,9,0.0,2,1,0,24493.17,1,37198.25,555,1
CUST08536,74,Female,Germany,Central,7,25468.54,1,1,1,90527.75,0,0.0,367,0
CUST03025,46,Female,France,West,0,71374.64,1,1,1,128655.35,0,0.0,388,0
CUST07089,30,Male,France,West,5,0.0,2,0,0,131108.7,0,0.0,528,0
CUST08897,28,Female,France,East,0,24987.08,3,1,1,185799.29,0,0.0,617,0
CUST05469,68,Female,Spain,West,5,75021.68,2,1,1,52517.13,1,62051.37,463,0
CUST02534,18,Male,France,West,0,25795.08,1,1,1,12751.34,1,48778.67,763,0
CUST05101,24,Male,France,Central,9,0.0,1,1,0,13659.11,0,0.0,485,0
CUST03121,21,Male,Germany,North,10,0.0,1,1,1,157767.5,1,90628.15,820,0
CUST04359,38,Female,Germany,North,6,233775.47,1,0,0,7225.64,1,53019.53,455,0
CUST08029,26,Male,Germany,West,10,0.0,1,1,0,16819.74,1,85111.88,669,0
CUST09257,29,Male,Spain,West,7,0.0,1,1,1,36448.0,0,0.0,377,0
CUST04746,71,Male,France,West,10,250000.0,2,1,1,128996.7,1,12743.41,645,0
CUST00547,18,Male,Spain,North,10,90578.49,3,0,1,109065.8,0,0.0,773,1
CUST03611,74,Female,France,South,5,47807.62,2,0,1,56766.38,0,0.0,331,1
CUST00199,61,Female,France,East,5,75323.47,2,0,1,87903.89,1,74100.22,445,0
CUST07626,47,Male,France,Central,0,32386.83,1,1,1,89957.66,1,48016.14,523,0
CUST00645,58,Male,Spain,West,10,0.0,1,1,0,51300.5,0,0.0,803,0
CUST04545,46,Male,Germany,Central,6,63199.9,1,1,1,117519.86,1,25125.87,363,0
CUST08361,42,Male,France,Central,2,30704.23,2,1,0,1508.29,1,13511.84,346,0
CUST08955,37,Female,France,South,8,2382.91,1,1,1,162267.42,0,0.0,657,0
CUST07300,35,Male,France,South,8,0.0,3,1,0,24586.12,0,0.0,821,0
CUST08600,31,Female,Germany,Central,2,32148.01,1,1,1,37053.07,1,57714.79,596,0
CUST06129,21,Female,Spain,East,7,14932.33,2,1,0,192455.11,0,0.0,469,0
CUST02428,45,Male,Spain,West,3,101157.22,1,1,0,174841.19,1,73416.32,441,0
CUST02840,66,Female,Spain,Central,5,43860.93,1,1,0,25193.49,1,96768.18,536,0
CUST03863,70,Male,Spain,West,9,14452.2,1,1,1,104628.27,0,0.0,334,0
CUST09911,55,Male,Germany,East,8,528.04,2,0,1,189463.79,0,0.0,383,1
CUST01493,49,Female,France,West,0,127824.42,1,1,0,103939.46,1,45627.6,686,0
CUST07807,22,Female,France,North,6,165152.13,2,1,1,69170.29,0,0.0,442,0
CUST03003,23,Male,France,West,1,48778.93,3,1,0,181253.17,0,0.0,519,0
CUST01641,51,Female,Spain,West,4,46430.65,2,1,0,130795.37,1,88257.75,817,0
CUST09686,21,Female,France,South,6,56321.93,2,0,1,135614.35,1,41867.07,607,0
CUST05800,43,Male,France,East,6,229937.02,1,1,0,138303.21,1,58920.89,563,0
CUST06460,35,Female,Germany,Central,10,137309.64,2,1,0,105660.9,1,72497.52,600,0
CUST06023,65,Female,Germany,South,1,65361.43,1,1,1,188662.68,0,0.0,826,1
CUST05205,38,Female,Spain,East,6,141792.64,2,0,1,11631.18,0,0.0,454,0
CUST09351,35,Female,France,North,3,0.0,1,0,1,185031.27,0,0.0,407,0
CUST00412,70,Male,Germany,South,9,0.0,3,1,0,114436.02,0,0.0,456,0
CUST05156,70,Female,France,South,0,32663.54,1,0,1,2715.72,0,0.0,708,0
CUST01584,36,Male,France,West,9,0.0,1,1,0,159812.31,1,94462.94,708,0
CUST07502,74,Male,France,Central,10,45951.64,2,1,0,152025.65,1,82184.91,594,1
CUST00435,71,Male,Spain,West,7,2302.43,3,1,1,26541.09,1,28547.03,533,0
CUST06814,52,Male,Germany,East,0,120087.27,3,1,1,116090.16,0,0.0,697,0
CUST09567,25,Male,France,North,9,55158.27,3,0,0,40269.91,0,0.0,416,1
CUST03988,64,Female,France,West,6,0.0,2,1,1,39399.42,0,0.0,,1
CUST07343,50,Male,Germany,West,5,47433.52,1,0,1,51294.65,1,6108.22,626,0
CUST00420,63,Male,Germany,West,4,21752.06,3,0,0,179103.89,0,0.0,669,0
CUST04417,44,Male,Spain,West,1,,2,1,0,47121.31,1,92440.21,810,0
CUST00203,72,Male,France,Central,8,0.0,1,1,0,70650.43,1,7623.4,784,0
CUST09641,61,Male,Germany,North,7,0.0,1,1,0,72109.78,0,0.0,833,0
CUST09052,25,Female,Spain,North,10,0.0,1,0,0,88385.49,0,0.0,527,0
CUST04397,69,Female,Germany,East,5,15986.92,1,1,0,184964.86,0,0.0,489,1
CUST06599,29,Female,France,East,5,0.0,2,1,0,129407.24,1,36359.75,340,0
CUST03833,44,Female,Germany,North,8,23681.52,2,1,1,70857.57,1,98488.58,742,0
CUST07140,36,Female,Germany,North,5,0.0,2,0,1,6844.89,0,0.0,580,0
CUST04612,55,Female,Germany,East,0,0.0,1,1,1,53093.68,0,0.0,693,0
CUST07062,69,Female,France,North,3,49469.87,3,1,0,76890.98,1,35782.13,740,1
CUST09828,45,Female,Spain,West,3,111158.53,1,0,1,15317.36,1,52569.67,819,0
CUST08342,39,Male,Germany,Central,0,12071.91,2,1,0,174044.51,1,64614.13,565,0
CUST06702,62,Female,France,West,9,133292.56,2,1,0,126696.51,1,70493.09,595,0
CUST00254,50,Female,Spain,North,9,0.0,1,1,1,105297.54,0,0.0,577,0
CUST04439,55,Female,France,East,3,0.0,1,1,0,175888.84,0,0.0,653,0
CUST05451,26,Female,Spain,East,9,45286.74,2,1,1,175237.61,0,0.0,757,0
CUST05317,48,Female,France,Central,0,29590.78,3,0,0,113525.13,0,0.0,693,1
CUST06587,25,Male,Germany,North,9,131922.11,1,1,1,88057.24,0,0.0,415,0
CUST01518,18,Male,France,East,9,71701.66,1,0,1,163296.74,0,0.0,688,0
CUST05324,68,Female,Germany,West,5,15992.55,1,1,0,151945.95,0,0.0,752,1
CUST08188,59,Female,Spain,East,7,250000.0,1,1,1,153322.66,1,29921.66,,0
CUST00595,73,Male,France,West,6,107289.3,1,1,0,39190.05,0,0.0,,1
CUST07939,40,Male,France,East,2,3152.77,2,1,1,45049.14,0,0.0,363,0
CUST08902,52,Female,France,East,6,24379.0,2,1,1,77532.49,1,87394.82,769,0
CUST07543,63,Male,France,Central,8,16919.35,1,1,0,144926.55,1,75076.75,455,1
CUST01008,68,Male,Germany,North,5,23693.28,1,0,0,56942.75,0,0.0,589,0
CUST08969,61,Male,France,West,4,3168.56,2,1,1,122306.91,0,0.0,663,0
CUST06119,40,Male,Germany,East,7,44835.76,2,1,1,137907.36,1,37162.39,549,0
CUST07519,58,Female,France,North,10,0.0,1,1,1,127648.75,1,68042.6,635,1
CUST07012,29,Female,Germany,East,7,42484.27,3,0,0,87679.53,0,0.0,662,0
CUST04110,43,Female,Germany,North,10,0.0,2,1,0,4537.0,0,0.0,554,1
CUST05329,31,Female,France,Central,2,0.0,2,1,0,79408.3,0,0.0,364,1
CUST08432,21,Female,France,South,1,101180.46,1,0,0,192200.75,0,0.0,415,0
CUST01393,21,Female,Germany,East,7,0.0,4,1,0,61605.72,0,0.0,654,1
CUST03177,60,Male,France,East,2,50224.4,1,1,0,64364.46,0,0.0,448,1
CUST08120,56,Male,France,West,10,0.0,1,0,0,138191.59,1,18372.25,532,1
CUST07556,70,Female,France,South,6,160131.24,1,1,1,146969.08,1,67272.24,689,0
CUST09858,49,Male,France,Central,7,0.0,1,1,1,2610.17,0,0.0,679,1
CUST06229,28,Female,France,West,0,27594.47,2,1,0,59491.98,1,7043.74,733,0
CUST09594,31,Female,France,South,2,0.0,1,1,1,124966.67,0,0.0,762,0
CUST03823,74,Female,France,North,3,60757.45,1,1,0,7345.32,0,0.0,646,0
CUST02041,49,Male,France,East,10,0.0,2,0,0,19754.73,0,0.0,549,0
CUST04375,29,Male,France,East,10,0.0,1,1,0,144239.61,1,78454.41,516,0
CUST02864,51,Female,Germany,Central,1,,2,1,1,173427.51,1,12210.18,829,0
CUST02004,20,Male,France,South,4,60855.77,1,0,1,114414.69,0,0.0,,0
CUST05035,51,Male,France,South,6,66155.47,3,0,0,69639.97,0,0.0,751,0
CUST08752,34,Female,France,North,5,175715.58,2,1,1,21869.15,0,0.0,314,0
CUST02071,36,Male,France,West,6,70164.35,3,1,1,147026.58,0,0.0,316,0
CUST07620,43,Female,France,East,6,0.0,1,0,1,165670.6,1,96518.5,545,0
CUST05588,26,Male,Spain,West,7,0.0,4,1,1,140026.18,0,0.0,591,0
CUST01790,39,Male,Spain,East,1,61.2,1,1,1,43965.21,0,0.0,427,0
CUST03762,38,Male,Spain,North,7,36158.34,2,1,1,120027.23,1,55004.0,823,1
CUST08037,57,Female,Spain,West,5,24249.98,1,1,0,11151.28,1,97460.62,378,0
CUST02522,55,Female,France,South,5,127640.26,4,1,1,130406.14,0,0.0,671,0
CUST05191,44,Male,Germany,South,9,0.0,1,1,1,7977.42,1,69243.3,463,0
CUST04131,50,Male,France,South,2,64862.4,2,0,1,134830.82,1,37940.72,445,0
CUST09762,25,Male,Germany,East,3,0.0,1,0,1,20673.12,1,72937.59,591,0
CUST01256,52,Female,France,West,0,118257.36,3,1,1,137484.57,0,0.0,848,0
CUST00633,67,Female,France,East,3,235632.23,2,1,1,182391.04,1,79855.82,613,0
CUST01057,74,Male,France,East,3,0.0,1,1,0,142547.87,1,93594.9,693,1
CUST09655,20,Female,Germany,North,3,14440.66,2,1,1,37198.76,0,0.0,488,0
CUST06314,35,Male,France,East,7,57314.93,1,1,1,86665.52,1,98374.03,624,0
CUST02317,71,Female,Spain,North,3,23881.56,2,0,1,17195.75,1,52981.19,317,0
CUST04512,30,Male,Spain,North,0,20059.88,1,0,1,100794.96,1,21908.39,808,0
CUST04141,50,Male,Germany,Central,4,0.0,1,1,1,196553.7,0,0.0,831,0
CUST03873,30,Female,France,Central,2,0.0,1,0,1,9617.91,0,0.0,499,0
CUST00308,40,Male,France,North,5,198233.92,1,1,1,154261.4,1,24237.72,328,1
CUST07096,69,Female,France,West,8,135144.38,3,1,0,47251.92,1,32792.32,468,0
CUST08440,23,Male,France,South,6,27746.14,2,0,1,43210.35,0,0.0,682,0
CUST00767,23,Female,Germany,West,0,0.0,1,1,1,178473.19,0,0.0,550,1
CUST02163,18,Female,France,West,2,9199.35,1,1,0,89373.98,0,0.0,388,0
CUST03900,43,Female,France,West,10,131074.21,3,1,1,135321.42,0,0.0,702,0
CUST00332,65,Female,France,South,1,0.0,1,1,0,91691.91,0,0.0,808,0
CUST02351,52,Female,France,South,9,174099.17,1,0,1,77588.78,1,67199.28,705,0
CUST09697,57,Male,Germany,Central,0,250000.0,2,1,0,187425.05,1,18438.65,765,0
CUST08658,42,Male,Spain,North,5,250000.0,2,1,1,199890.63,1,24361.45,369,0
CUST06213,48,Male,France,West,3,22201.52,2,0,0,7687.3,1,90583.18,647,0
CUST04672,42,Male,Germany,North,1,0.0,1,1,1,26770.96,0,0.0,306,0
CUST07954,68,Female,France,North,3,106599.43,2,1,0,64948.56,0,0.0,477,0
CUST04681,59,Female,France,North,3,0.0,1,1,1,156573.53,0,0.0,687,0
CUST09699,21,Male,Germany,South,7,12626.43,1,1,0,90136.8,1,47121.08,388,0
CUST07048,40,Female,France,North,3,90582.95,1,1,1,180280.79,0,0.0,464,0
CUST01611,39,Male,Germany,North,4,15937.42,1,1,0,141185.5,0,0.0,596,0
CUST00915,54,Male,Spain,West,8,,1,0,0,61836.33,0,0.0,613,0
CUST00967,51,Male,France,East,0,0.0,2,0,1,59373.57,1,23514.09,753,0
CUST09436,35,Male,France,South,4,68368.83,1,1,1,199709.71,1,46281.4,675,0
CUST07100,56,Female,France,West,0,0.0,1,1,1,103074.52,1,21146.78,525,0
CUST03312,32,Male,France,South,4,27245.93,1,1,0,152538.42,0,0.0,416,0
CUST07496,70,Male,Germany,South,4,110499.67,2,1,1,27499.58,0,0.0,842,0
CUST05896,56,Male,Spain,North,8,95288.69,2,1,1,30132.0,1,73990.04,651,0
CUST03756,72,Female,Germany,East,3,182892.17,1,0,1,150873.83,1,99936.87,363,0
CUST01804,48,Male,Germany,East,9,0.0,1,1,1,78384.81,0,0.0,364,0
CUST04057,66,Male,France,West,5,0.0,1,1,0,164667.8,1,40836.31,841,0
CUST03632,27,Male,France,West,5,94693.56,2,0,0,19478.04,1,21323.59,351,0
CUST01985,25,Female,Germany,South,3,64623.54,2,0,1,72361.7,0,0.0,471,0
CUST09191,63,Male,Spain,South,1,24944.37,1,1,1,76783.07,0,0.0,430,1
CUST06637,29,Male,Germany,North,2,0.0,2,1,0,88108.12,0,0.0,717,1
CUST00793,66,Female,Germany,North,8,,2,1,0,155109.76,0,0.0,356,0
CUST06881,70,Female,Spain,East,7,0.0,1,1,1,19526.52,1,66391.49,332,0
CUST03743,60,Male,Spain,North,5,0.0,2,1,0,195004.09,1,42081.93,387,0
CUST08078,22,Male,France,West,1,0.0,2,1,1,174985.12,1,85736.98,568,0
CUST01094,64,Male,Germany,West,3,147896.9,1,1,1,102702.66,0,0.0,812,1
CUST07914,63,Female,Germany,Central,0,29018.09,4,0,0,46110.6,1,85709.56,383,0
CUST03713,26,Female,Germany,Central,9,27028.79,2,1,1,138861.55,0,0.0,705,0
CUST07723,49,Male,Spain,Central,4,10315.82,1,1,1,48094.34,0,0.0,568,0
CUST01747,29,Female,Germany,Central,4,23690.97,1,1,0,153285.14,0,0.0,483,1
CUST03028,46,Male,France,South,4,30663.52,1,0,1,121175.08,0,0.0,348,0
CUST01653,34,Female,Spain,West,8,60175.03,2,1,1,183395.65,0,0.0,387,0
CUST04886,64,Male,Germany,West,8,86774.67,2,1,0,13675.99,1,11259.11,726,0
CUST08185,33,Female,France,Central,10,0.0,3,1,0,81109.32,0,0.0,571,1
CUST07280,31,Female,France,West,5,0.0,1,1,1,125160.27,0,0.0,495,0
CUST05543,60,Male,Spain,West,10,121838.04,2,0,1,29492.93,1,65431.79,509,0
CUST06621,44,Male,France,Central,8,0.0,2,0,0,177626.5,1,92506.47,824,0
CUST00112,42,Male,France,Central,2,54042.35,1,0,0,42479.18,1,85709.46,684,0
CUST08301,58,Female,France,South,10,51296.0,2,1,1,143796.76,1,73879.02,669,0
CUST00870,22,Male,Spain,Central,10,0.0,2,1,1,148429.13,0,0.0,346,1
CUST08150,71,Female,Germany,North,7,92935.08,1,0,0,36184.39,1,72823.48,548,0
CUST01968,46,Female,Spain,Central,0,172171.8,1,0,0,3056.23,1,61003.26,425,0
CUST06453,56,Female,Germany,East,8,187846.08,1,1,1,178081.21,1,75159.93,685,0
CUST06403,22,Female,Spain,East,7,116732.84,1,0,1,126525.95,0,0.0,391,0
CUST09614,67,Female,Germany,West,4,6525.36,1,1,0,110867.2,0,0.0,393,1
CUST02744,38,Female,France,North,9,0.0,2,1,1,135281.51,1,62177.2,578,0
CUST07288,53,Male,Spain,Central,0,42672.59,2,0,0,155085.8,0,0.0,304,1
CUST03601,42,Male,Spain,North,9,64366.21,1,1,1,149607.28,0,0.0,419,0
CUST02156,54,Female,France,North,2,194085.02,1,0,0,16121.33,0,0.0,334,1
CUST03909,20,Male,France,North,3,0.0,1,0,0,92419.71,0,0.0,445,0
CUST01890,18,Female,Germany,North,9,8014.06,2,0,1,75836.31,0,0.0,369,0
CUST05963,47,Male,Spain,North,4,67724.63,2,1,0,15333.75,1,95443.49,787,0
CUST02902,57,Female,France,West,10,7708.74,2,1,1,45742.07,1,81490.08,796,0
CUST04802,49,Female,Spain,East,2,7552.91,1,1,0,32156.67,1,19672.13,411,0
CUST07088,51,Female,Germany,North,0,206187.3,1,1,1,67026.12,0,0.0,357,0
CUST06030,49,Female,France,South,3,142680.32,1,1,0,52114.19,0,0.0,489,1
CUST00672,41,Female,Germany,South,8,0.0,1,1,1,10569.17,0,0.0,713,0
CUST06456,67,Female,France,North,9,0.0,1,1,0,168999.75,1,60606.63,523,0
CUST02099,43,Male,Spain,West,7,0.0,3,1,1,22062.0,1,94276.85,462,0
CUST09690,65,Male,France,North,10,47588.15,1,1,1,141937.42,1,17764.54,387,0
CUST01086,73,Male,Germany,North,6,250000.0,2,1,0,188866.66,0,0.0,365,1
CUST02800,74,Female,France,West,4,13478.34,1,1,0,18904.89,0,0.0,,1
CUST07573,65,Male,Spain,North,6,3022.2,1,1,0,68985.99,1,34031.78,602,0
CUST02130,30,Female,France,East,5,6199.48,4,1,0,196284.6,1,88542.46,814,0
CUST08582,44,Female,Spain,North,10,22249.56,1,0,1,141971.61,1,92904.73,736,0
CUST01898,41,Male,France,North,1,68518.58,1,1,0,17763.23,1,66188.25,605,0
CUST02339,23,Male,Spain,South,7,0.0,1,1,1,182009.8,1,18561.32,606,0
CUST01564,60,Female,France,North,6,0.0,1,1,0,116867.72,0,0.0,435,1
CUST02334,72,Male,France,Central,10,73844.91,1,1,1,128581.52,0,0.0,742,0
CUST04428,26,Male,France,Central,0,0.0,2,1,1,53043.78,0,0.0,468,0
CUST08130,42,Male,France,Central,4,57718.69,1,0,0,51971.89,0,0.0,499,0
CUST07757,68,Female,Spain,West,7,250000.0,1,1,1,61580.67,0,0.0,562,1
CUST08351,72,Female,Germany,South,1,0.0,2,1,0,182500.56,0,0.0,605,1
CUST06064,60,Female,France,South,4,250000.0,2,0,1,168122.11,1,59018.39,807,1
CUST07370,25,Female,France,East,10,175443.08,2,1,1,48083.32,1,92234.48,673,0
CUST03033,48,Male,Germany,West,0,3296.83,3,1,1,19640.81,0,0.0,798,0
CUST00960,38,Female,Spain,South,0,0.0,2,1,0,156596.16,1,69873.14,630,0
CUST04224,71,Female,France,Central,9,1065.72,1,0,1,146645.07,0,0.0,434,0
CUST04118,40,Male,France,West,5,18845.48,1,1,1,132956.78,1,65021.18,625,0
CUST04622,74,Male,Spain,West,9,14016.4,2,1,0,26079.36,1,67461.75,625,1
CUST05708,72,Male,Spain,North,3,0.0,2,0,0,649.29,1,21349.46,811,0
CUST07188,43,Male,Germany,North,7,77827.67,1,1,0,114602.4,1,35427.01,373,0
CUST07583,21,Male,France,North,9,12130.53,3,0,0,157715.39,1,92410.31,340,0
CUST08719,35,Female,Germany,Central,10,5955.82,2,0,0,94844.35,0,0.0,521,0
CUST08585,32,Female,France,West,6,112079.95,1,1,1,105661.37,0,0.0,381,0
CUST01648,59,Female,France,West,6,50271.89,2,1,1,30251.4,1,94797.46,370,0
CUST03653,52,Female,Germany,West,0,0.0,1,1,0,148467.17,1,54346.83,326,0
CUST05176,45,Male,France,East,9,228631.66,3,1,0,79007.02,0,0.0,476,0
CUST05569,72,Male,France,North,6,31321.0,1,1,0,28395.6,0,0.0,487,0
CUST04054,62,Female,France,West,10,0.0,1,0,0,4964.25,1,55595.35,597,0
CUST06212,32,Female,France,Central,7,,1,1,1,175516.19,0,0.0,306,0
CUST05254,26,Female,France,East,7,0.0,2,1,1,109886.09,1,97134.68,738,0
CUST01149,39,Female,France,East,8,0.0,2,1,1,38635.9,1,90301.67,571,0
CUST05906,45,Male,Germany,North,10,250000.0,2,0,0,161778.87,0,0.0,384,1
CUST01225,61,Female,Germany,East,5,0.0,1,1,1,16165.95,0,0.0,385,1
CUST06869,68,Male,France,Central,5,20737.37,1,1,0,126668.86,1,31362.98,374,0
CUST00952,47,Male,Spain,North,7,42494.27,1,0,0,6792.75,0,0.0,344,0
CUST00083,43,Male,Spain,East,9,0.0,1,1,0,106375.51,0,0.0,566,0
CUST04130,47,Female,France,East,7,0.0,4,0,1,24402.24,1,70683.3,687,0
CUST06937,20,Male,France,South,9,78053.95,1,1,1,108330.84,0,0.0,332,0
CUST01196,23,Female,Germany,West,6,10847.98,1,1,1,78824.64,1,9506.49,531,0
CUST00136,51,Female,Germany,North,5,124398.27,2,1,0,79737.14,0,0.0,633,1
CUST04129,21,Male,France,North,9,1956.8,2,1,1,29857.52,0,0.0,470,0
CUST00986,68,Female,France,West,6,4173.58,3,0,1,6702.63,0,0.0,753,0
CUST00096,57,Male,France,East,1,250000.0,1,0,1,151836.65,1,7941.61,450,0
CUST02620,38,Male,France,East,0,41662.31,2,0,1,19948.67,0,0.0,463,0
CUST00611,67,Male,France,Central,0,120301.92,1,1,1,134838.42,1,97737.85,526,0
CUST05847,53,Female,Germany,North,10,0.0,1,1,0,5591.64,1,5572.05,306,0
CUST07929,68,Male,France,West,9,125368.67,1,0,1,77722.55,0,0.0,707,0
CUST06077,19,Male,Germany,South,8,15833.0,1,1,1,28036.77,0,0.0,576,0
CUST07792,67,Female,Spain,West,9,143889.23,1,0,0,50011.22,0,0.0,412,1
CUST05149,70,Male,Spain,North,5,0.0,1,1,1,163704.35,0,0.0,757,0
CUST03016,29,Male,France,West,7,6779.88,2,0,0,12708.55,0,0.0,728,0
CUST09232,40,Male,Spain,Central,5,14722.5,1,0,1,125690.62,0,0.0,682,0
CUST04959,35,Male,Germany,West,4,17566.4,3,1,0,60397.16,0,0.0,469,0
CUST00348,37,Female,France,West,0,53928.46,1,1,1,157390.83,0,0.0,439,1
CUST00041,61,Female,Germany,Central,2,12480.4,3,1,1,162440.28,0,0.0,502,0
CUST08921,18,Male,Spain,Central,5,106582.71,2,1,0,108755.01,1,84116.65,741,0
CUST08698,35,Female,France,North,2,0.0,1,1,1,46358.05,1,59662.29,433,0
CUST06811,60,Male,France,East,10,0.0,3,1,1,106197.76,0,0.0,323,0
CUST05045,37,Male,Spain,West,3,87878.61,2,1,0,93567.33,1,14851.86,438,0
CUST04649,40,Male,France,East,1,109655.42,2,1,0,53392.9,0,0.0,592,0
CUST00561,74,Female,France,Central,10,146932.34,1,1,1,66109.96,1,5032.79,350,0
CUST07533,50,Female,France,Central,7,193035.26,1,1,0,93786.82,1,42420.68,,0
CUST08825,45,Female,Germany,North,1,0.0,2,1,0,145344.3,0,0.0,628,0
CUST05174,64,Male,France,East,9,0.0,1,1,0,153597.12,0,0.0,347,1
CUST09922,65,Male,France,Central,8,0.0,1,1,1,132541.53,0,0.0,659,0
CUST09765,62,Female,France,South,5,32175.38,2,1,1,105446.92,1,35418.1,815,0
CUST09221,68,Female,France,Central,5,160246.56,1,0,0,101570.69,0,0.0,481,0
CUST02709,30,Female,France,Central,10,250000.0,3,1,0,98537.52,1,87012.21,697,0
CUST07243,29,Male,Germany,North,6,,1,0,0,149746.26,1,81245.26,787,0
CUST07794,42,Female,Germany,South,8,45586.91,2,1,1,174148.29,0,0.0,593,0
CUST01093,60,Male,Spain,West,3,112139.23,2,0,1,159357.57,1,72980.76,552,0
CUST04124,64,Female,Spain,North,4,55822.95,1,1,0,13674.77,1,54697.76,572,0
CUST06013,57,Male,France,Central,5,16575.7,4,0,1,33687.99,1,64818.69,478,0
CUST09933,61,Male,Spain,West,3,14519.75,1,1,0,76172.46,0,0.0,785,0
CUST07398,37,Female,France,West,8,0.0,1,0,1,79577.67,0,0.0,611,0
CUST02868,25,Female,France,Central,7,63357.18,2,1,0,76812.38,0,0.0,582,1
CUST02325,36,Female,France,West,2,60997.76,1,1,1,150752.0,1,38403.56,620,0
CUST09342,38,Male,Spain,Central,2,0.0,2,1,1,184784.77,1,20548.78,306,0
CUST08519,68,Female,France,East,5,109274.95,1,1,1,56416.53,1,98220.77,391,0
CUST03704,25,Female,France,South,8,0.0,2,0,0,189874.92,1,14439.92,433,0
CUST09150,43,Female,France,East,0,30717.42,1,1,0,73023.93,0,0.0,591,0
CUST02209,65,Female,Spain,North,10,0.0,2,1,1,52536.42,1,42164.9,841,1
CUST06712,47,Female,Germany,East,8,0.0,2,1,0,111370.88,0,0.0,644,1
CUST00486,39,Female,France,West,5,180833.81,2,1,0,144996.98,0,0.0,652,0
CUST02640,26,Male,France,South,5,216317.09,2,0,1,22224.07,1,78516.29,659,0
CUST02772,53,Female,Germany,South,1,250000.0,1,1,1,150345.43,0,0.0,812,0
CUST01786,34,Male,Spain,South,5,4698.83,1,1,1,83842.24,1,79912.27,335,0
CUST03734,55,Female,France,North,3,13612.63,2,0,1,131718.89,0,0.0,801,0
CUST06748,38,Male,France,South,7,35743.13,2,0,0,95166.11,0,0.0,692,0
CUST07086,36,Male,France,East,5,67449.37,2,1,1,1683.23,0,0.0,517,0
CUST08217,31,Male,Spain,East,4,90280.86,4,1,0,192973.35,1,24602.39,368,0
CUST09537,41,Female,France,West,5,91030.37,2,1,0,22794.76,1,87425.79,466,0
CUST09492,22,Female,Spain,West,7,90612.37,3,1,0,229.71,1,26039.29,359,0
CUST08971,47,Female,France,South,7,36114.87,4,1,0,149867.77,1,73066.38,347,0
CUST08274,69,Male,France,North,6,,1,1,1,77801.89,0,0.0,411,1
CUST09339,45,Female,France,South,8,221567.7,1,1,1,98353.27,0,0.0,573,0
CUST02791,52,Female,Spain,North,1,55384.26,1,1,1,39198.76,1,67656.98,594,0
CUST09332,48,Male,France,South,4,165249.01,1,1,1,118897.08,0,0.0,672,0
CUST05581,42,Female,France,South,8,82835.15,2,0,1,187424.98,0,0.0,583,0
CUST06227,36,Female,Germany,East,10,135959.64,3,1,0,103200.49,1,61139.94,718,1
CUST01682,19,Female,France,Central,0,0.0,1,1,1,100604.12,0,0.0,655,0
CUST02735,61,Female,France,Central,9,20585.21,3,0,0,101287.37,0,0.0,438,1
CUST09195,59,Male,France,East,6,32063.88,1,1,0,29373.4,1,57910.06,795,0
CUST06792,64,Female,France,North,9,0.0,2,0,1,56797.94,1,39718.0,429,1
CUST01477,66,Female,Spain,West,4,195285.09,2,1,0,109526.68,0,0.0,791,1
CUST06115,28,Female,France,West,1,78388.75,2,1,1,106796.35,0,0.0,747,0
CUST02979,19,Female,France,Central,0,0.0,2,1,1,60176.76,0,0.0,363,0
CUST02511,67,Male,France,South,0,0.0,2,1,0,151897.78,1,82665.0,545,1
CUST08807,43,Male,France,North,9,56639.81,1,0,0,195254.63,0,0.0,683,1
CUST09564,46,Male,Spain,North,2,0.0,3,1,1,28873.81,0,0.0,622,0
CUST07915,25,Female,France,Central,2,30928.57,1,1,1,197299.44,1,36674.28,622,0
CUST00862,65,Female,France,Central,5,0.0,1,0,1,2266.13,0,0.0,391,0
CUST01075,39,Male,Spain,South,7,0.0,3,1,0,2836.72,1,47372.32,590,1
CUST02112,46,Male,Spain,East,9,49724.08,2,1,1,62624.38,0,0.0,437,0
CUST00038,32,Female,Germany,West,7,0.0,2,0,1,35480.91,1,50233.63,774,0
CUST06581,59,Female,Spain,West,6,0.0,1,1,0,161976.14,1,83740.36,622,1
CUST08820,41,Female,France,Central,3,113906.97,3,1,1,85295.14,0,0.0,761,1
CUST06549,23,Female,Germany,East,6,0.0,3,0,1,170404.75,0,0.0,625,1
CUST08620,58,Male,Germany,South,10,0.0,2,1,0,9753.36,0,0.0,498,0
CUST09775,67,Female,Germany,North,3,159436.26,2,0,1,168690.08,0,0.0,397,0
CUST06329,57,Male,Spain,East,8,0.0,3,0,0,75397.55,1,39674.43,367,1
CUST00372,25,Male,Germany,North,0,41657.37,3,1,1,8897.89,1,20240.55,818,0
CUST05018,44,Male,France,Central,6,236392.16,1,1,1,186362.41,0,0.0,737,0
CUST02963,41,Male,France,East,10,36188.79,1,1,1,81960.57,0,0.0,635,0
CUST00919,27,Female,France,Central,1,36872.11,2,0,1,44559.1,1,95124.82,787,0
CUST01247,67,Male,France,South,7,117688.27,1,0,0,104763.83,0,0.0,685,0
CUST05617,18,Female,France,West,4,7156.2,1,1,0,100747.0,1,76273.08,386,0
CUST09798,54,Male,Germany,South,8,16272.03,1,1,1,8314.33,1,85315.48,439,0
CUST03160,32,Male,France,Central,9,0.0,3,1,1,145700.69,0,0.0,586,0
CUST02815,41,Female,Germany,East,6,38864.18,1,1,0,76868.26,1,27955.63,770,0
CUST05196,64,Female,France,West,1,48246.72,2,1,0,160255.66,0,0.0,321,0
CUST01797,68,Female,France,Central,6,61863.88,2,0,0,21803.52,1,92574.07,671,0
CUST05124,63,Female,France,West,5,0.0,4,1,0,51142.35,0,0.0,798,0
CUST08260,67,Male,Germany,South,2,21557.04,4,1,0,118285.81,1,82592.92,780,0
CUST06437,25,Female,France,East,6,118655.0,2,1,0,33673.8,0,0.0,567,0
CUST03604,74,Female,Spain,East,2,21028.71,1,1,1,113501.97,1,51651.43,531,0
CUST01035,35,Male,Germany,Central,3,96789.58,2,0,0,156296.45,0,0.0,615,0
CUST01700,52,Male,France,South,7,83858.85,1,0,1,189848.73,0,0.0,720,0
CUST00039,64,Male,France,South,8,0.0,2,1,0,198231.83,0,0.0,645,0
CUST06111,71,Female,France,North,6,2222.32,3,1,0,161171.88,0,0.0,833,0
CUST08468,66,Male,Spain,East,3,12700.36,1,1,0,90447.7,1,80644.61,820,0
CUST04038,23,Male,France,South,8,43869.13,1,0,0,21874.02,0,0.0,822,0
CUST06663,32,Male,France,South,5,68962.32,3,1,0,171070.91,0,0.0,549,0
CUST00690,39,Female,Germany,East,10,0.0,1,1,0,122070.23,1,75379.12,588,0
CUST01038,39,Female,France,West,1,33048.88,1,1,0,81221.34,1,19700.05,707,1
CUST03094,27,Female,Spain,Central,9,56916.8,1,1,0,29333.83,1,51740.96,661,0
CUST05296,50,Male,Germany,East,2,4103.75,1,1,1,129584.15,1,38765.7,464,0
CUST02597,21,Male,France,East,1,116530.78,2,1,1,85383.22,0,0.0,526,0
CUST00796,50,Male,Spain,Central,10,41543.01,3,1,0,105058.74,0,0.0,766,1
CUST01528,63,Female,France,Central,6,0.0,2,1,1,131803.15,0,0.0,462,1
CUST05673,38,Female,Germany,South,4,3802.99,1,1,0,88255.31,1,72573.08,548,0
CUST07511,28,Female,France,Central,1,109370.16,1,1,1,55521.09,1,31778.85,560,0
CUST00076,23,Male,Spain,East,10,0.0,1,1,1,49782.72,0,0.0,619,0
CUST01315,46,Male,Spain,North,3,51317.84,1,1,1,159936.56,0,0.0,832,0
CUST00833,27,Male,France,Central,3,250000.0,1,0,1,123683.8,1,70342.08,476,0
CUST05679,56,Female,Germany,West,3,102828.23,1,1,1,47390.86,0,0.0,612,1
CUST06253,40,Male,France,Central,2,0.0,2,1,0,187351.16,0,0.0,824,0
CUST00385,55,Female,Spain,East,9,3878.52,4,0,0,99231.97,1,71062.67,348,0
CUST00443,39,Female,France,East,8,0.0,2,1,0,189820.62,0,0.0,341,0
CUST03361,30,Female,Germany,West,7,60380.31,1,1,1,56161.87,0,0.0,669,0
CUST09852,22,Female,France,Central,10,36444.04,1,1,0,22243.49,1,81379.02,645,0
CUST07327,61,Male,Germany,Central,4,43080.51,2,1,0,65280.71,0,0.0,349,0
CUST02780,52,Male,France,South,7,29485.3,2,1,0,78365.16,1,60419.92,664,0
CUST01252,26,Female,France,North,7,38277.0,2,1,1,166734.73,0,0.0,362,0
CUST04445,48,Female,Germany,South,9,189766.91,1,1,0,46127.84,1,94942.93,334,0
CUST00119,41,Male,Spain,South,5,5648.62,2,1,1,153677.2,0,0.0,407,0
CUST00903,65,Female,France,North,7,250000.0,1,1,0,125961.86,0,0.0,761,0
CUST05729,68,Female,Germany,East,9,46426.24,1,1,1,24192.11,0,0.0,729,0
CUST03681,42,Male,France,North,0,47200.16,1,1,1,140249.88,0,0.0,834,0
CUST07359,26,Male,Germany,South,5,0.0,2,0,1,73573.78,0,0.0,738,0
CUST00541,71,Male,France,West,8,98365.82,1,1,1,111169.29,0,0.0,487,0
CUST04412,67,Female,Spain,West,9,47369.78,4,1,0,12398.86,0,0.0,306,0
CUST08629,43,Female,Germany,South,5,68791.88,1,1,1,89664.29,0,0.0,601,0
CUST07340,31,Male,France,East,9,5778.9,2,1,1,49538.02,0,0.0,703,0
CUST04134,54,Male,France,West,5,0.0,1,0,1,80809.0,1,90778.22,749,1
CUST05835,35,Female,Germany,Central,7,84123.41,1,1,1,61890.26,1,16098.66,376,0
CUST04635,53,Female,France,South,9,82404.2,3,1,0,56521.88,0,0.0,728,0
CUST02438,62,Female,France,West,0,0.0,1,0,0,86174.23,0,0.0,848,0
CUST05106,31,Male,Germany,East,7,19423.8,1,0,1,106049.81,0,0.0,646,0
CUST05168,55,Male,France,North,8,34703.33,1,0,0,91147.0,1,64594.7,680,0
CUST03273,52,Male,Spain,East,3,171892.4,1,1,0,53403.56,1,63627.67,378,0
CUST08032,36,Female,Germany,East,10,5200.58,2,1,0,22073.32,0,0.0,463,0
CUST09776,33,Male,France,North,4,26313.79,2,0,0,187720.31,0,0.0,577,1
CUST00341,69,Female,Spain,West,4,50916.94,2,1,0,50390.38,1,59928.27,517,1
CUST04336,56,Female,France,North,1,250000.0,2,1,1,156191.72,1,98114.87,517,1
CUST02448,27,Female,Germany,West,0,133344.28,2,1,0,170180.29,1,46830.58,391,0
CUST09203,70,Female,France,West,2,0.0,2,1,1,132774.37,1,76824.02,340,1
CUST09041,50,Male,Germany,West,1,14825.84,2,1,0,6127.38,1,55627.61,450,0
CUST04724,24,Male,Germany,West,0,112691.7,1,0,1,17640.21,1,93018.69,608,0
CUST04170,46,Female,Spain,West,9,10454.4,1,1,1,83105.26,0,0.0,527,0
CUST01672,74,Male,France,West,6,17093.79,1,1,1,116719.33,0,0.0,550,0
CUST01595,19,Male,Spain,East,9,250000.0,2,1,1,140343.4,0,0.0,617,0
CUST00479,40,Male,Germany,North,0,21983.94,1,0,1,15815.35,0,0.0,607,0
CUST00471,37,Male,Spain,East,2,15124.26,3,0,1,5733.5,0,0.0,324,0
CUST02822,49,Female,Spain,West,2,30752.1,1,1,0,140291.48,0,0.0,711,0
CUST00353,42,Female,France,West,9,36230.4,1,1,1,62127.43,0,0.0,314,0
CUST06197,70,Female,Spain,Central,4,19294.44,1,0,1,62877.32,1,47831.81,450,0
CUST03316,61,Female,France,North,6,5394.41,3,1,0,72708.58,1,54424.97,342,1
CUST07638,18,Female,Germany,East,4,0.0,1,1,1,89245.88,1,67032.72,631,1
CUST01198,71,Male,Spain,West,0,33974.8,1,1,0,108141.22,1,89260.01,589,0
CUST05862,59,Female,France,South,10,38990.69,1,1,1,33451.36,1,73457.96,516,0
CUST08691,67,Female,France,South,2,0.0,1,1,1,57802.77,0,0.0,386,0
CUST09178,50,Female,France,East,2,12850.57,2,1,0,163383.31,1,62325.2,462,0
CUST06046,71,Male,France,Central,6,0.0,2,1,0,130901.74,1,22250.56,357,1
CUST08245,57,Female,France,Central,2,0.0,2,1,1,152168.61,1,18453.0,657,0
CUST06302,59,Female,France,Central,8,132456.72,1,0,1,34729.75,1,56096.95,303,1
CUST04862,34,Female,Spain,Central,10,89068.59,1,1,0,4372.55,0,0.0,409,0
CUST02637,27,Female,France,East,6,0.0,1,1,0,188336.66,0,0.0,446,0
CUST01463,50,Male,France,Central,6,54012.92,1,1,1,126378.78,1,29037.68,519,0
CUST06642,72,Female,Germany,Central,4,15421.63,1,0,1,50588.75,1,17564.07,534,0
CUST00310,47,Female,Germany,North,6,14496.95,1,1,1,60226.03,0,0.0,752,0
CUST08268,65,Female,Germany,Central,8,0.0,1,1,1,14476.45,0,0.0,761,0
CUST03584,43,Male,France,South,1,0.0,1,1,1,77854.77,0,0.0,420,0
CUST04912,32,Male,Spain,Central,4,6643.32,3,1,1,139223.32,0,0.0,333,0
CUST01407,57,Male,Spain,East,6,48841.56,2,1,0,23550.9,0,0.0,757,0
CUST02645,65,Female,France,West,2,0.0,1,1,0,177367.65,0,0.0,505,1
CUST08483,46,Male,France,South,3,15299.68,3,1,1,140517.23,0,0.0,464,0
CUST05133,64,Male,France,North,7,63106.18,1,0,1,165606.65,1,19317.02,478,0
CUST00082,35,Female,Spain,East,10,47974.84,1,1,0,155446.65,0,0.0,722,0
CUST04231,45,Male,Germany,West,6,61228.23,1,0,0,189208.61,1,91280.09,742,0
CUST04830,62,Male,Spain,North,10,11047.01,1,0,0,139297.32,1,56843.0,802,0
CUST01857,63,Male,France,West,10,250000.0,2,1,1,134339.44,1,33381.9,560,0
CUST01875,22,Female,France,North,6,,2,0,1,173850.9,0,0.0,442,0
CUST03878,23,Male,Spain,West,5,0.0,1,1,1,47911.78,1,56740.59,709,0
CUST08754,50,Female,Germany,Central,7,250000.0,1,1,0,78609.5,0,0.0,446,0
CUST09991,62,Male,Spain,South,9,182851.88,1,1,1,196870.07,1,97495.85,408,0
CUST09182,22,Male,Spain,North,8,0.0,2,0,0,16064.6,0,0.0,798,1
CUST01851,30,Female,France,South,2,10586.78,1,0,0,186210.5,0,0.0,427,0
CUST06735,29,Female,France,Central,1,12492.26,1,1,0,118868.72,1,76923.03,660,1
CUST08042,62,Male,Spain,East,5,250000.0,1,1,0,100559.23,0,0.0,689,0
CUST02598,55,Male,France,West,8,0.0,2,1,1,61400.2,1,94155.09,657,0
CUST01657,29,Female,Spain,North,8,0.0,4,1,1,6688.91,1,86907.6,828,0
CUST09275,43,Female,Spain,Central,7,30725.71,1,0,1,176339.59,0,0.0,514,0
CUST01286,68,Female,Germany,North,8,36830.83,1,0,1,199158.1,1,83663.0,606,1
CUST05633,45,Female,Spain,Central,4,170055.69,1,1,0,183729.72,0,0.0,315,0
CUST03661,21,Male,France,East,5,24929.65,2,1,0,1621.8,0,0.0,332,0
CUST08107,29,Female,France,West,1,4211.25,1,1,1,123126.15,0,0.0,661,0
CUST09116,33,Male,Germany,South,7,0.0,1,0,1,18000.09,1,16906.59,487,0
CUST06761,43,Male,France,South,7,0.0,1,1,0,27850.71,0,0.0,436,0
CUST02888,29,Female,Spain,North,4,0.0,3,0,1,177873.94,1,78236.03,736,0
CUST01452,60,Female,France,South,2,8884.57,1,1,1,106886.91,0,0.0,675,0
CUST05912,33,Female,France,Central,8,153754.35,1,1,1,137744.12,0,0.0,413,0
CUST05491,53,Male,France,South,0,14154.75,1,1,1,141383.93,0,0.0,301,0
CUST00899,58,Male,Germany,North,5,107458.48,2,1,1,154996.26,0,0.0,,0
CUST04519,33,Male,France,East,8,0.0,2,0,0,157083.37,0,0.0,392,1
CUST07837,23,Male,Germany,West,8,30133.29,2,1,0,53402.52,1,22594.21,424,1
CUST02089,21,Male,Germany,North,1,,2,1,0,131321.65,1,41909.79,376,0
CUST00350,65,Male,Spain,Central,9,60986.15,2,0,1,75484.84,1,91713.24,621,0
CUST05387,41,Male,Germany,North,8,0.0,1,1,0,122728.83,0,0.0,777,0
CUST07712,31,Female,Germany,South,7,40039.7,1,1,0,123918.58,0,0.0,806,0
CUST02235,55,Male,France,South,7,0.0,2,0,0,110493.58,1,40943.18,684,0
CUST06378,47,Male,France,West,2,50877.04,2,0,1,66937.24,0,0.0,312,0
CUST07962,44,Female,France,North,7,0.0,2,0,0,188869.68,0,0.0,683,1
CUST03564,74,Male,France,South,9,793.02,3,1,1,56293.05,1,53460.53,709,1
CUST01931,20,Female,Spain,Central,8,102916.35,2,1,1,139513.31,0,0.0,615,0
CUST08265,52,Female,France,West,9,0.0,2,1,0,108286.49,1,73516.87,542,1
CUST06281,48,Male,Spain,South,8,110166.97,2,1,1,167732.08,0,0.0,627,0
CUST04537,20,Female,Spain,Central,0,74305.47,1,1,1,43651.64,0,0.0,798,0
CUST08805,69,Female,Germany,West,9,0.0,2,0,0,29133.09,1,23223.59,414,0
CUST08753,61,Female,Spain,South,7,0.0,2,0,0,35579.35,1,77897.05,341,1
CUST02688,36,Female,Germany,East,1,122726.92,2,0,1,170400.2,1,46832.57,494,0
CUST04829,25,Male,France,Central,3,0.0,1,1,0,132112.4,1,55899.59,536,1
CUST03946,21,Male,Germany,Central,6,116.46,3,1,0,127166.76,0,0.0,495,1
CUST08224,56,Female,Germany,South,4,250000.0,1,1,0,122151.45,0,0.0,438,0
CUST05493,62,Female,Germany,West,3,157533.0,2,0,0,115200.61,0,0.0,616,0
CUST03574,49,Female,Spain,West,6,0.0,1,1,1,86765.76,0,0.0,822,0
CUST02924,53,Female,Spain,West,9,19180.42,1,1,0,85124.15,1,54074.01,773,0
CUST00196,45,Male,Spain,West,0,,3,0,0,56830.44,0,0.0,568,1
CUST02557,64,Male,France,North,2,5668.55,2,1,0,69124.41,1,8914.76,586,0
CUST00120,28,Male,France,West,4,31200.41,1,1,1,15761.0,0,0.0,677,0
CUST02169,42,Male,France,North,5,0.0,2,1,0,104223.26,0,0.0,608,1
CUST02467,54,Female,Germany,Central,4,,3,1,1,84863.01,0,0.0,413,0
CUST09390,38,Female,France,North,9,25973.68,2,1,1,137083.28,1,40942.42,688,0
CUST01155,21,Male,France,East,9,3901.84,3,0,1,194425.01,0,0.0,613,1
CUST01130,25,Female,Spain,South,9,113393.51,1,1,1,175635.73,0,0.0,670,0
CUST04077,41,Male,Spain,East,4,26850.47,1,1,0,150300.46,0,0.0,319,0
CUST03285,38,Female,Spain,Central,4,0.0,2,1,1,54132.18,0,0.0,724,0
CUST05996,38,Female,Spain,South,3,250000.0,2,1,0,196002.1,1,17156.89,690,0
CUST09346,54,Female,France,Central,1,0.0,1,1,1,17527.94,1,95817.12,661,0
CUST06874,52,Male,France,Central,8,13764.64,1,1,0,130164.84,1,82837.69,491,0
CUST00634,52,Female,Spain,East,1,0.0,2,1,0,191741.63,1,34954.14,444,0
CUST01552,50,Female,France,West,0,237702.93,1,0,0,23633.01,1,42095.44,300,0
CUST07472,55,Male,Spain,South,6,50884.6,3,1,0,87805.95,0,0.0,712,0
CUST00649,67,Male,Germany,West,8,153370.4,1,1,1,155114.39,0,0.0,789,0
CUST07123,61,Female,France,South,7,64675.09,1,1,0,142353.15,1,36287.39,509,0
CUST02829,50,Male,Germany,Central,6,69478.98,3,1,0,67422.71,0,0.0,747,1
CUST05638,62,Male,France,North,1,142272.78,2,1,1,,1,91931.75,774,0
CUST04937,34,Male,Spain,East,1,144498.16,1,1,1,148887.2,1,18996.68,569,0
CUST08899,25,Male,Spain,North,2,44190.94,2,1,1,14504.8,1,36979.42,500,0
CUST03572,32,Male,Spain,South,1,140094.42,2,1,1,119492.45,0,0.0,334,0
CUST00187,68,Male,Germany,North,3,28302.99,2,0,0,164545.18,0,0.0,349,1
CUST07279,41,Male,France,West,1,0.0,4,1,1,150450.0,1,28929.27,500,0
CUST04243,27,Female,France,Central,0,,1,1,0,144016.7,0,0.0,300,0
CUST00249,45,Male,France,East,1,0.0,2,1,1,128328.16,1,63608.67,752,1
CUST01044,29,Female,Germany,West,2,0.0,3,0,1,193545.08,1,51711.79,303,0
CUST06207,64,Male,Germany,North,0,31251.19,2,1,1,33922.68,0,0.0,691,0
CUST05975,56,Female,Spain,West,8,18499.73,1,1,1,123320.72,0,0.0,481,0
CUST08676,73,Female,Germany,Central,3,27886.45,1,1,0,171285.5,1,52565.68,732,1
CUST04854,37,Female,Germany,West,9,75157.34,2,1,0,67544.49,1,16555.94,352,1
CUST07748,46,Female,Germany,South,10,250000.0,2,1,1,91125.47,1,67575.74,539,0
CUST05284,57,Female,France,South,8,250000.0,1,1,1,19485.98,0,0.0,407,0
CUST08348,60,Female,France,West,2,55604.47,2,1,0,127310.39,1,15549.51,723,0
CUST06252,73,Female,Spain,East,10,0.0,1,1,0,86911.34,0,0.0,468,0
CUST02465,74,Male,Spain,West,8,213674.31,1,1,0,40861.63,1,91786.11,730,1
CUST02184,32,Female,Spain,West,6,29495.55,1,1,0,37547.04,1,93442.15,817,0
CUST07763,33,Male,France,North,6,20181.84,1,1,0,149177.83,0,0.0,316,0
CUST05279,66,Male,France,North,10,6471.9,1,1,1,182227.39,0,0.0,337,0
CUST06789,42,Female,Germany,West,2,,2,0,1,142181.6,0,0.0,845,0
CUST05343,66,Female,France,Central,6,84682.86,1,1,0,102528.36,1,74300.67,472,0
CUST05907,26,Male,Germany,East,10,0.0,1,1,0,21368.8,1,45878.59,550,1
CUST06765,34,Male,Germany,North,10,108017.07,3,0,0,159756.29,0,0.0,736,0
CUST07666,71,Male,Germany,Central,10,14515.27,1,1,0,123469.95,0,0.0,709,0
CUST07114,35,Female,France,North,0,0.0,1,0,0,80908.34,0,0.0,493,0
CUST05815,61,Female,France,Central,1,119084.59,1,0,0,31912.42,0,0.0,636,1
CUST00428,40,Female,Spain,East,1,0.0,2,0,1,31752.14,0,0.0,709,0
CUST04641,66,Female,Spain,South,7,710.67,1,1,1,153060.57,0,0.0,542,1
CUST03858,32,Female,France,East,6,0.0,1,1,0,169558.06,1,29666.93,316,0
CUST07841,56,Male,Spain,Central,5,150685.32,1,1,0,54935.34,1,9635.92,646,1
CUST03800,41,Male,France,West,4,0.0,1,1,1,43772.63,1,90766.99,401,0
CUST08350,33,Male,Spain,West,0,46597.24,1,1,1,27053.87,0,0.0,407,0
CUST09808,55,Male,France,East,7,250000.0,1,1,1,11417.86,0,0.0,667,0
CUST08566,71,Male,Germany,Central,3,10493.31,2,1,1,59529.89,1,31378.54,416,0
CUST05762,68,Female,Germany,West,8,84034.41,2,0,0,103281.85,0,0.0,315,0
CUST00701,45,Female,France,Central,9,133360.24,1,1,0,53153.8,0,0.0,764,0
CUST02154,64,Female,France,Central,1,1284.05,1,1,1,117772.31,0,0.0,590,1
CUST03986,62,Male,Spain,West,7,2547.14,2,1,0,188636.54,1,30187.21,496,0
CUST06533,25,Male,Germany,North,7,6338.16,2,1,1,123306.57,0,0.0,399,0
CUST07390,20,Female,Germany,West,1,13882.58,2,1,1,93164.06,1,82205.16,479,1
CUST07106,64,Male,France,East,2,143697.68,1,1,1,13784.92,0,0.0,669,0
CUST04453,60,Male,Germany,North,6,79128.92,1,0,0,106533.35,0,0.0,725,0
CUST01298,31,Male,France,Central,3,0.0,3,1,1,37995.45,1,76149.27,336,0
CUST08788,33,Male,France,East,5,0.0,1,1,1,11519.97,0,0.0,494,0
CUST07806,64,Male,France,North,9,1022.41,2,1,0,66030.66,1,8311.61,352,0
CUST01284,31,Male,Germany,West,9,3617.09,1,1,0,37730.24,0,0.0,842,0
CUST07095,69,Female,Germany,Central,1,37534.43,2,1,1,45015.14,0,0.0,339,0
CUST09681,55,Male,Germany,South,5,70781.3,2,0,0,78376.39,0,0.0,675,1
CUST04318,62,Male,Spain,West,3,0.0,3,1,0,140468.5,1,93688.93,587,0
CUST06943,35,Male,France,East,1,135404.04,2,1,0,125559.65,0,0.0,720,1
CUST03120,43,Female,France,East,6,186909.1,1,1,1,176152.15,1,82473.48,390,0
CUST04647,54,Female,Spain,East,5,19038.86,1,1,1,150464.84,1,46919.36,805,1
CUST06615,27,Male,Germany,North,1,234659.37,3,1,0,184388.79,0,0.0,771,1
CUST03066,56,Female,Spain,East,1,0.0,3,1,0,31813.02,0,0.0,324,0
CUST08632,53,Male,Germany,East,2,163472.6,1,1,0,21262.38,0,0.0,788,0
CUST09695,61,Female,Spain,East,6,43132.75,1,0,1,86031.7,1,55350.99,651,0
CUST02471,54,Female,France,West,3,0.0,1,1,1,55904.88,1,74960.93,633,0
CUST02202,24,Male,Spain,North,2,53351.29,3,1,1,148578.41,1,35639.83,308,0
CUST08066,62,Female,Spain,East,5,36583.29,4,1,0,68355.89,0,0.0,457,0
CUST01926,51,Male,Spain,North,3,121578.98,2,1,0,117365.09,1,96329.58,309,1
CUST02539,55,Male,Germany,South,3,0.0,1,1,1,74417.84,0,0.0,622,0
CUST09657,46,Male,Germany,South,8,117009.21,1,1,1,18265.35,0,0.0,464,0
CUST04806,72,Male,Germany,South,2,0.0,2,1,0,105124.18,1,17640.23,743,0
CUST09894,45,Female,Spain,West,5,80698.13,2,1,0,184704.13,1,71974.22,413,0
CUST08163,61,Female,Germany,East,1,24267.32,1,1,0,16064.73,0,0.0,426,0
CUST09548,62,Male,Germany,East,6,237774.9,1,0,1,143681.28,1,99106.45,364,0
CUST00792,74,Male,France,West,10,0.0,1,1,0,85123.11,1,44032.63,360,1
CUST07779,41,Male,Spain,West,8,2993.18,1,0,0,132073.6,0,0.0,723,0
CUST07676,69,Male,Spain,North,10,0.0,2,1,1,160294.34,0,0.0,324,1
CUST08893,38,Male,Germany,South,4,19631.91,1,0,1,45796.18,0,0.0,404,0
CUST02577,45,Male,France,West,0,3830.98,1,1,0,161398.3,1,59286.75,509,0
CUST08377,53,Male,France,South,8,16163.62,2,1,1,10679.42,0,0.0,556,0
CUST06784,23,Female,France,West,6,165719.85,1,0,1,170890.72,0,0.0,385,0
CUST04930,46,Male,Spain,North,3,0.0,2,1,0,137914.19,1,11037.02,380,1
CUST08956,65,Female,France,East,2,2465.66,3,0,1,148221.36,0,0.0,745,0
CUST07453,56,Male,Spain,West,6,3450.68,2,1,0,56857.2,0,0.0,612,0
CUST09305,74,Female,Spain,North,3,0.0,1,1,1,126325.62,0,0.0,756,1
CUST06169,71,Male,Germany,North,10,0.0,1,1,1,142205.65,0,0.0,809,0
CUST09934,43,Female,France,Central,3,0.0,1,0,1,121846.86,1,7513.11,,1
CUST04051,31,Male,Spain,North,8,0.0,2,1,1,29220.11,1,6859.97,423,0
CUST08642,73,Male,Spain,North,8,,1,1,1,67475.29,0,0.0,473,0
CUST06473,26,Female,Spain,West,7,105509.35,2,1,1,102248.59,1,93561.14,709,0
CUST00135,29,Male,Spain,East,1,1173.28,1,1,1,23518.68,1,75210.7,724,0
CUST01180,71,Female,Spain,West,7,6617.29,1,0,0,91372.27,0,0.0,486,0
CUST03472,31,Male,Germany,South,4,0.0,3,0,0,38505.51,0,0.0,432,0
CUST04536,56,Male,France,North,1,108096.28,4,1,0,32013.33,1,94886.93,611,1
CUST03871,26,Female,France,Central,7,0.0,1,0,1,55040.08,0,0.0,349,0
CUST04119,47,Male,France,North,5,0.0,1,1,0,94280.71,0,0.0,628,0
CUST00035,59,Male,Spain,North,9,83693.85,1,0,1,189447.77,1,98788.55,636,0
CUST04517,36,Female,France,North,3,,1,1,1,14724.22,0,0.0,428,0
CUST05723,49,Male,France,East,8,11948.94,1,1,1,69106.16,1,7158.39,399,0
CUST04783,45,Male,France,West,1,0.0,1,1,1,43138.91,1,7659.58,624,0
CUST04599,28,Male,Germany,East,8,60316.22,1,1,1,190589.52,0,0.0,796,0
CUST01568,54,Male,France,North,9,0.0,2,1,1,169785.12,0,0.0,459,0
CUST08518,18,Female,France,Central,6,0.0,3,1,0,85829.06,0,0.0,597,0
CUST03766,21,Male,France,Central,1,86742.98,2,1,0,44447.52,0,0.0,399,1
CUST03130,69,Male,France,Central,7,44549.9,2,1,1,148249.44,1,13789.68,616,0
CUST04495,52,Male,France,Central,2,55720.47,2,0,0,40344.67,1,23799.66,715,0
CUST03599,36,Female,France,Central,8,250000.0,1,1,0,129627.74,0,0.0,635,1
CUST08784,46,Male,Germany,South,8,0.0,2,1,1,159779.79,0,0.0,338,0
CUST03851,72,Male,Spain,South,10,57993.21,2,1,1,46351.0,1,78029.85,303,1
CUST04435,50,Male,France,Central,8,13997.84,1,1,1,40442.17,0,0.0,477,0
CUST05730,53,Male,France,North,7,21201.21,3,0,1,188681.82,0,0.0,760,0
CUST07657,50,Female,Germany,Central,4,0.0,2,0,0,164387.9,0,0.0,412,1
CUST00548,33,Male,France,East,5,0.0,2,1,1,107329.76,1,76560.24,776,0
CUST00483,19,Male,Germany,Central,2,0.0,1,0,1,52727.9,1,31097.34,323,1
CUST03441,48,Female,Spain,West,7,0.0,1,1,0,180050.38,0,0.0,805,0
CUST01609,52,Male,Spain,West,0,1761.57,1,1,0,161741.66,1,40427.66,378,0
CUST03259,42,Male,France,North,4,250000.0,1,1,1,27100.87,0,0.0,509,0
CUST06655,39,Female,Germany,North,10,24049.29,2,0,0,4398.72,1,26638.19,805,1
CUST08429,68,Male,Spain,East,0,960.54,2,1,0,194794.63,0,0.0,360,1
CUST09328,73,Male,France,South,10,3069.53,2,1,0,153669.46,1,7565.26,622,0
CUST07670,46,Male,Germany,Central,7,0.0,1,1,0,184911.25,0,0.0,617,0
CUST09687,74,Female,France,South,8,64748.93,3,0,1,5522.06,0,0.0,794,0
CUST03701,73,Female,France,East,4,195599.38,1,1,0,193723.99,1,96422.29,446,0
CUST07958,65,Female,Spain,East,1,85639.25,1,1,1,2948.15,0,0.0,312,0
CUST09126,27,Male,France,South,4,0.0,1,0,0,182099.19,1,38831.17,617,0
CUST03777,42,Female,France,North,7,74726.89,3,1,0,180733.61,1,37627.53,570,0
CUST08514,38,Male,Spain,West,10,0.0,3,0,0,2919.03,0,0.0,518,1
CUST03137,66,Female,France,East,4,60204.44,3,0,0,103740.6,0,0.0,312,0
CUST04491,22,Female,Germany,North,0,0.0,2,1,1,71597.62,0,0.0,663,0
CUST06501,74,Female,France,East,9,245884.92,2,1,0,66763.95,1,41601.24,717,0
CUST03218,26,Female,France,West,3,76890.15,2,0,1,92242.13,0,0.0,496,0
CUST03607,67,Male,Germany,North,3,0.0,1,1,1,63912.31,1,50116.55,418,0
CUST06153,37,Female,France,North,7,0.0,1,1,0,4870.63,0,0.0,786,0
CUST00582,54,Female,Spain,East,3,0.0,1,1,1,48151.2,0,0.0,773,0
CUST09740,73,Female,Spain,South,2,52347.64,1,0,0,125101.96,1,59286.94,734,1
CUST09949,72,Male,France,South,9,14998.44,1,1,0,91835.25,0,0.0,550,0
CUST07329,58,Female,France,West,2,3416.77,1,0,0,194960.27,0,0.0,455,0
CUST03542,72,Male,France,North,0,75324.74,2,1,0,58956.08,1,85119.91,659,1
CUST04803,70,Female,France,East,4,31181.73,2,1,1,142418.77,0,0.0,453,0
CUST01023,42,Male,Germany,Central,5,52828.88,2,0,1,140409.56,0,0.0,593,1
CUST02042,60,Female,Germany,South,1,179366.01,1,1,0,85217.98,0,0.0,728,1
CUST02098,39,Female,Spain,South,0,97141.93,1,1,0,131281.18,1,80096.25,318,0
CUST07197,20,Female,Germany,Central,7,5720.85,2,1,0,49411.17,1,83468.55,408,0
CUST05521,45,Female,France,North,2,147400.83,2,0,0,186844.21,0,0.0,796,0
CUST07323,24,Female,Germany,South,0,9192.79,1,1,1,74175.07,0,0.0,775,0
CUST03665,32,Male,France,North,7,0.0,1,1,0,8476.32,0,0.0,840,0
CUST07942,38,Female,Spain,Central,10,173028.63,1,1,0,71074.28,1,39785.77,744,0
CUST08759,60,Female,Spain,East,0,0.0,2,1,0,18747.79,1,71015.95,518,0
CUST02053,29,Female,France,South,9,4035.97,1,1,0,188247.36,0,0.0,754,0
CUST02453,58,Male,Germany,East,0,0.0,2,1,1,108372.41,1,14199.91,375,0
CUST00400,22,Female,France,East,10,96854.36,2,0,0,105667.38,1,92350.57,680,1
CUST01937,64,Male,France,South,10,43509.36,2,0,1,43699.27,0,0.0,633,0
CUST01719,62,Male,Germany,East,5,24711.57,2,1,0,127482.58,1,61858.07,337,0
CUST09769,23,Female,Spain,North,6,18034.3,2,1,1,34611.82,1,56630.89,774,0
CUST03088,44,Female,France,North,8,18530.58,2,1,1,10876.6,0,0.0,461,0
CUST06905,54,Female,Germany,West,8,0.0,2,1,0,113021.87,1,30590.46,347,0
CUST01845,52,Male,Spain,South,9,0.0,1,1,0,85905.38,1,66865.31,473,0
CUST05881,66,Female,Spain,East,7,115695.55,1,1,0,40436.14,0,0.0,318,0
CUST04208,47,Female,Spain,South,10,0.0,2,1,1,128752.38,0,0.0,485,0
CUST03424,41,Female,Spain,Central,5,0.0,3,0,1,149468.18,1,47208.03,348,1
CUST07902,57,Male,France,East,9,250000.0,2,0,0,172484.44,1,35833.54,616,0
CUST03044,73,Female,Germany,West,1,24270.83,2,0,1,189601.14,1,24311.21,785,0
CUST09817,59,Female,France,North,10,0.0,2,0,1,198184.61,0,0.0,433,0
CUST07628,28,Female,France,Central,5,19560.55,3,1,1,150293.96,0,0.0,567,1
CUST00213,30,Female,France,West,5,97784.66,1,1,0,53847.26,1,53703.96,414,0
CUST02066,41,Female,Germany,Central,4,83021.22,1,1,1,12049.56,0,0.0,692,0
CUST08321,24,Male,Germany,West,4,62031.16,1,1,1,23125.49,0,0.0,303,1
CUST06875,47,Male,France,West,4,0.0,2,1,1,85282.7,0,0.0,791,0
CUST05874,48,Female,France,East,0,89813.49,2,1,0,37436.11,1,68946.22,553,0
CUST09519,59,Male,Spain,West,0,0.0,1,1,1,38855.68,0,0.0,809,0
CUST04565,40,Female,Germany,North,0,178733.58,2,1,1,141394.71,1,41784.55,334,0
CUST02224,47,Male,Germany,Central,3,0.0,2,1,0,2535.96,0,0.0,802,0
CUST05287,31,Male,France,East,3,0.0,3,1,1,172576.39,1,51369.51,372,0
CUST09434,73,Male,Germany,South,5,66832.26,1,0,0,88379.53,0,0.0,615,0
CUST02499,66,Female,France,East,6,75708.31,1,1,1,69704.44,0,0.0,346,0
CUST04812,33,Male,France,North,6,110559.47,3,1,0,179324.79,1,15414.64,504,0
CUST04329,66,Female,France,South,5,53411.71,1,1,1,159678.3,0,0.0,747,0
CUST03032,36,Male,Germany,South,9,77612.0,1,1,0,98075.61,0,0.0,709,0
CUST03712,72,Male,Spain,East,5,0.0,1,1,1,197256.12,0,0.0,722,0
CUST08039,35,Female,Spain,Central,5,0.0,3,1,0,79863.63,0,0.0,543,1
CUST09912,48,Male,France,West,5,250000.0,2,0,0,57924.89,0,0.0,589,0
CUST05780,30,Female,France,West,9,13745.22,2,1,1,68911.69,0,0.0,647,0
CUST01439,52,Female,Germany,South,8,77564.38,2,1,1,182772.27,0,0.0,742,0
CUST02855,39,Female,France,East,5,44508.64,3,1,1,184468.05,0,0.0,563,1
CUST06191,33,Female,France,Central,7,9679.5,2,1,0,59901.49,0,0.0,833,1
CUST03992,29,Female,Spain,East,5,38341.9,3,0,0,45361.13,0,0.0,489,1
CUST08124,31,Female,France,Central,1,0.0,1,1,1,110442.74,0,0.0,689,0
CUST09535,32,Female,Germany,East,3,84309.91,1,0,0,68873.47,0,0.0,395,0
CUST06746,71,Female,Germany,North,8,0.0,2,1,1,84821.9,0,0.0,713,0
CUST05046,70,Female,Germany,South,4,64277.37,3,1,0,45537.83,0,0.0,589,1
CUST00501,70,Female,France,Central,1,236045.01,1,1,0,16811.06,0,0.0,576,0
CUST03854,21,Female,Spain,North,10,250000.0,2,1,1,157468.51,0,0.0,377,0
CUST00337,71,Female,Germany,North,6,0.0,1,0,1,79421.32,0,0.0,679,0
CUST06688,67,Male,France,South,10,81311.0,1,0,1,182984.89,1,47837.33,787,0
CUST07151,49,Female,Spain,South,0,0.0,3,1,1,26429.45,1,94762.49,468,0
CUST09865,71,Female,France,East,10,88660.72,2,1,1,79838.82,0,0.0,836,0
CUST08329,44,Female,France,North,10,114352.93,2,0,1,100067.35,1,78672.76,470,0
CUST09652,39,Male,France,Central,0,185500.63,1,0,1,65464.39,1,71990.85,324,0
CUST00531,70,Female,Germany,East,4,61562.03,3,0,1,184594.75,1,86808.59,757,1
CUST08300,30,Male,France,West,6,204648.67,2,0,0,36977.74,1,98349.48,400,0
CUST06069,38,Female,France,North,4,34512.61,2,1,1,86935.38,1,32795.48,502,0
CUST01305,23,Male,Germany,West,3,165933.89,1,1,1,126328.99,1,17511.42,325,0
CUST04361,45,Male,France,East,5,48330.68,2,1,0,5387.77,0,0.0,571,0
CUST00265,21,Male,Spain,East,4,125652.44,2,1,1,137954.12,0,0.0,419,0
CUST07863,74,Male,Spain,Central,9,0.0,3,1,0,101660.34,1,77025.85,422,0
CUST07835,43,Male,Germany,North,4,0.0,3,1,0,32926.23,1,74041.16,665,1
CUST01354,29,Male,France,West,5,32482.8,2,1,0,63574.47,0,0.0,483,0
CUST06832,49,Male,Spain,West,0,68891.16,2,0,1,134461.19,0,0.0,452,0
CUST03304,19,Male,France,Central,8,24047.84,2,1,0,124746.69,0,0.0,817,0
CUST01862,70,Male,Germany,East,1,74925.0,1,0,1,173277.74,0,0.0,400,0
CUST07514,24,Male,France,South,6,0.0,2,1,1,52591.47,1,96769.48,836,0
CUST06902,57,Female,Spain,East,0,2263.01,2,1,0,133172.39,1,69209.78,348,1
CUST08022,36,Female,France,East,3,172.89,1,1,0,2063.49,1,36737.33,778,0
CUST03271,73,Male,France,Central,10,82884.71,2,0,1,413.25,0,0.0,544,1
CUST00359,71,Female,Spain,Central,2,0.0,1,1,1,148132.49,1,40827.86,696,1
CUST06716,29,Female,France,Central,10,244743.03,1,0,1,4257.09,0,0.0,759,0
CUST03454,66,Male,Germany,South,7,250000.0,3,0,0,157564.57,0,0.0,706,0
CUST08216,55,Female,France,East,3,0.0,1,1,1,140251.15,0,0.0,738,0
CUST03223,66,Male,France,North,0,39759.87,3,1,1,46851.41,0,0.0,330,0
CUST03139,34,Male,France,East,1,3226.7,3,0,1,16661.42,1,10007.07,445,0
CUST02533,38,Female,France,West,10,16016.01,1,0,0,172516.16,1,62644.45,588,0
CUST00797,55,Female,Spain,Central,4,106321.56,1,1,1,126918.18,1,60196.89,843,0
CUST05307,30,Female,France,East,5,102172.36,3,1,0,105665.4,1,86376.48,707,0
CUST00540,49,Female,Germany,South,1,0.0,2,0,1,22076.89,0,0.0,317,1
CUST03623,39,Female,Spain,West,10,60991.92,2,1,1,108093.07,0,0.0,628,0
CUST09018,74,Male,Spain,South,0,0.0,1,0,0,810.85,1,23760.6,677,0
CUST09733,30,Male,Germany,East,1,5214.31,1,1,1,92248.09,0,0.0,631,0
CUST09997,58,Female,Spain,South,4,33201.62,1,1,1,132995.82,0,0.0,512,0
CUST06282,72,Female,Germany,West,7,33611.15,2,1,1,1397.47,1,65998.17,554,0
CUST02741,72,Male,Spain,North,3,0.0,2,0,1,190093.15,0,0.0,370,1
CUST06398,20,Male,Germany,East,9,0.0,2,1,1,94760.01,1,87671.56,512,1
CUST01618,63,Male,France,East,7,191432.33,3,1,0,17620.36,0,0.0,601,0
CUST06336,33,Female,France,Central,8,56421.52,2,1,0,63009.81,0,0.0,594,0
CUST02070,23,Male,Spain,Central,6,0.0,2,1,0,99876.87,1,65040.55,545,0
CUST00659,27,Female,France,East,0,29189.19,1,1,0,4936.21,0,0.0,718,1
CUST00953,74,Male,Germany,Central,8,8949.18,1,1,0,39374.72,0,0.0,719,0
CUST06261,27,Female,France,East,8,4474.08,1,0,1,124486.26,0,0.0,818,0
CUST01530,50,Female,France,Central,10,65264.94,1,1,0,87509.66,1,37983.15,763,1
CUST00985,59,Female,France,North,1,250000.0,2,1,1,73907.56,0,0.0,351,1
CUST06665,42,Male,France,South,4,250000.0,1,0,1,108102.27,0,0.0,569,0
CUST04815,53,Female,France,West,8,5518.89,2,0,1,101513.82,0,0.0,470,1
CUST07907,71,Female,Spain,South,0,131757.25,2,0,1,171509.42,1,23150.83,649,0
CUST01066,53,Male,France,North,7,0.0,2,0,1,6844.81,1,8335.21,308,0
CUST09207,58,Female,Spain,West,6,0.0,1,1,1,74594.33,1,46811.96,345,0
CUST02830,53,Female,France,West,2,181345.77,1,1,0,173170.31,0,0.0,401,0
CUST03893,31,Female,France,North,7,0.0,1,1,0,27429.27,0,0.0,620,1
CUST01837,35,Female,France,North,5,0.0,3,1,0,109922.36,1,48812.64,,1
CUST05648,44,Male,Germany,North,1,0.0,1,1,1,48096.64,1,89231.15,680,0
CUST06299,72,Male,France,West,0,0.0,2,1,1,22510.07,1,68056.61,481,1
CUST01839,33,Male,France,Central,1,89184.0,2,1,0,146997.45,0,0.0,708,0
CUST02284,57,Female,Germany,South,1,0.0,2,0,1,24714.53,1,60772.05,529,0
CUST09847,24,Male,Spain,West,10,70974.2,1,0,1,55342.86,1,71268.95,427,0
CUST04756,55,Female,France,Central,6,0.0,1,1,0,163842.17,1,50591.43,612,1
CUST05291,41,Male,Spain,North,9,36469.02,3,1,0,183081.79,0,0.0,413,1
CUST09285,40,Male,Germany,Central,7,2690.72,3,1,0,134301.09,0,0.0,834,0
CUST07451,36,Female,France,South,7,15206.22,3,1,0,38846.69,1,54378.7,569,0
CUST00875,73,Male,France,Central,6,0.0,1,0,0,15052.64,0,0.0,719,1
CUST06699,72,Male,France,West,4,0.0,1,1,1,55976.95,0,0.0,580,0
CUST05062,44,Male,France,North,3,12659.51,2,0,1,10643.54,1,96372.17,750,0
CUST05775,56,Female,Germany,North,5,0.0,2,1,1,21868.52,1,52295.78,839,0
CUST09531,18,Male,France,North,2,0.0,1,1,1,110347.5,0,0.0,839,0
CUST08283,35,Male,France,East,1,156738.58,2,1,0,121691.04,0,0.0,642,0
CUST00713,69,Male,Spain,West,7,121258.1,2,1,0,195988.97,1,67506.55,625,0
CUST00656,38,Female,France,South,8,130868.49,1,1,0,48207.9,1,91869.74,351,1
CUST07750,20,Female,Spain,West,9,16544.76,1,1,1,21606.4,1,86565.77,404,1
CUST05822,36,Male,Germany,South,2,66682.83,1,1,0,60856.04,1,22028.96,621,0
CUST07017,19,Female,France,South,7,0.0,1,1,0,159259.99,0,0.0,472,1
CUST07101,68,Male,Germany,North,3,1815.69,1,0,1,95565.07,1,79738.12,405,0
CUST00519,67,Female,France,West,10,0.0,2,1,1,182049.28,1,64913.87,303,1
CUST07738,27,Female,Germany,North,4,0.0,1,0,1,138914.64,1,57542.17,500,1
CUST03430,36,Female,France,East,5,24155.96,2,0,0,28085.53,1,59246.45,583,1
CUST02285,28,Male,Germany,South,5,87890.8,3,1,1,36717.04,0,0.0,323,0
CUST05439,52,Female,France,South,0,45324.39,4,1,1,37932.48,1,54791.53,779,0
CUST08255,58,Female,France,North,1,77681.51,2,0,0,198145.21,0,0.0,401,0
CUST06036,48,Male,Germany,East,3,0.0,1,1,1,135156.97,1,53932.7,336,1
CUST01742,61,Female,France,South,1,125395.28,1,1,0,63275.17,1,82314.97,357,0
CUST03010,51,Female,France,West,10,0.0,1,1,0,167106.78,1,12782.8,614,1
CUST04503,21,Male,Germany,Central,6,0.0,1,0,1,60353.65,0,0.0,445,0
CUST09767,62,Male,France,West,8,78215.08,3,1,1,29978.32,1,21154.7,481,0
CUST03991,71,Female,Spain,East,6,59815.97,2,0,0,43909.4,1,12165.7,541,0
CUST08474,39,Male,France,West,6,0.0,1,1,0,189425.61,0,0.0,313,1
CUST08367,58,Male,Germany,South,9,0.0,2,1,1,22918.6,1,50466.65,584,0
CUST00544,57,Male,France,South,2,0.0,1,0,1,13848.22,0,0.0,520,0
CUST00914,40,Male,France,South,0,4651.85,2,1,0,127255.24,0,0.0,479,0
CUST06461,30,Male,Germany,South,4,0.0,1,1,0,42754.14,0,0.0,800,0
CUST03089,38,Female,France,South,0,95413.66,1,1,1,81639.02,1,59842.86,716,0
CUST08832,40,Female,Spain,Central,8,121230.44,2,1,1,109734.95,0,0.0,758,0
CUST08932,21,Male,France,Central,1,140827.89,2,1,0,75170.76,0,0.0,822,1
CUST02257,49,Male,Spain,South,5,30078.3,2,1,1,120621.37,0,0.0,790,0
CUST01157,28,Male,Spain,North,1,13623.7,2,1,0,96100.9,0,0.0,435,0
CUST02613,42,Female,Germany,East,6,0.0,2,1,0,119567.32,1,20867.86,418,0
CUST04709,55,Male,France,Central,5,0.0,1,1,0,176527.06,0,0.0,658,1
CUST02242,58,Male,Germany,South,0,0.0,1,1,1,109985.05,1,7364.31,571,0
CUST00777,56,Male,Spain,East,10,19573.34,2,0,1,58493.39,0,0.0,405,0
CUST09902,68,Male,France,Central,5,0.0,1,1,1,61475.11,1,59207.05,825,1
CUST04473,25,Female,France,North,8,,2,1,1,67145.06,1,11945.41,761,0
CUST03806,47,Female,France,North,4,0.0,1,1,1,96919.03,0,0.0,486,0
CUST01146,74,Male,France,Central,6,4669.99,3,1,0,181905.21,1,11214.16,732,1
CUST06464,47,Male,France,Central,4,124875.73,1,1,1,84544.29,1,88826.29,661,1
CUST07883,40,Female,Spain,West,5,3503.44,1,0,1,192298.55,1,17691.21,316,0
CUST01419,71,Male,France,East,7,12261.33,2,1,0,150453.96,1,92986.46,430,0
CUST08648,45,Female,France,North,4,3967.34,3,1,0,128201.53,1,78713.58,333,0
CUST02120,28,Female,Spain,Central,5,14579.39,3,0,1,179383.83,0,0.0,431,0
CUST04345,51,Male,France,South,10,15224.24,2,1,1,22893.78,1,36974.09,637,0
CUST00751,46,Female,Spain,West,0,5442.68,1,1,0,108993.88,1,8964.94,452,0
CUST04515,51,Male,Germany,South,4,164738.77,1,1,0,65459.49,0,0.0,788,0
CUST08520,18,Female,Germany,South,10,12050.19,3,1,1,56301.97,1,61943.29,626,1
CUST04372,71,Female,France,North,9,105187.63,3,1,0,126828.23,0,0.0,762,1
CUST08974,41,Male,France,South,4,181798.43,1,1,0,65183.72,1,62439.47,376,0
CUST02878,72,Male,Germany,Central,6,0.0,1,1,1,43382.29,0,0.0,535,0
CUST03612,24,Female,Spain,North,3,62432.28,3,1,0,96625.32,1,47649.45,544,0
CUST09290,72,Male,Spain,Central,10,3084.53,1,0,0,159999.73,0,0.0,641,0
CUST00464,42,Male,France,South,4,94951.19,2,1,0,176132.03,0,0.0,662,1
CUST01425,68,Male,France,East,7,0.0,2,0,0,152186.21,0,0.0,831,1
CUST09566,61,Male,France,East,2,21903.05,4,1,1,38959.31,1,20900.52,501,0
CUST09785,40,Male,France,West,0,32245.23,1,1,0,144536.69,1,5353.14,752,0
CUST00831,28,Female,Germany,Central,10,74723.23,1,1,1,76675.43,0,0.0,797,0
CUST09324,66,Male,Germany,North,6,39998.27,3,1,0,36907.52,0,0.0,418,0
CUST08117,40,Male,Spain,North,5,31151.96,2,1,0,51863.74,1,46586.74,759,0
CUST00363,53,Female,Germany,West,2,0.0,3,1,1,161135.71,0,0.0,378,0
CUST02628,52,Female,Spain,North,9,3320.52,1,0,1,139936.3,1,96761.23,779,0
CUST07706,72,Female,Germany,North,7,208437.15,3,1,0,165763.37,1,52027.5,742,0
CUST02850,67,Male,France,South,2,0.0,2,1,1,53708.31,1,34980.81,605,0
CUST04072,59,Male,Spain,West,1,14632.27,2,1,1,5903.99,0,0.0,480,0
CUST06343,74,Male,Germany,Central,8,0.0,2,1,1,14036.98,1,33366.43,726,0
CUST06289,27,Male,France,South,4,54680.49,2,0,1,74591.47,0,0.0,653,0
CUST03810,45,Male,Germany,West,9,250000.0,2,1,0,119068.29,0,0.0,643,0
CUST01492,36,Female,Germany,North,3,1417.08,2,0,0,138.35,1,68993.77,698,0
CUST00827,20,Female,Germany,North,9,9353.16,1,1,1,24470.88,1,71031.35,558,0
CUST08933,35,Female,Spain,East,4,42011.91,3,1,0,45301.15,1,45125.1,804,0
CUST04344,64,Female,Spain,West,2,17448.13,1,1,0,161770.8,0,0.0,676,0
CUST07104,23,Female,Germany,West,1,113136.51,1,0,0,76674.33,1,81965.37,548,0
CUST04340,45,Male,France,South,3,43283.59,1,0,1,177365.11,0,0.0,707,1
CUST01448,44,Female,Spain,West,10,100159.75,2,1,0,138811.49,1,63366.09,328,0
CUST03389,21,Female,Spain,South,10,22982.63,1,1,1,119361.8,0,0.0,844,0
CUST06184,37,Female,Germany,South,3,27902.86,1,0,1,86422.13,1,44766.08,786,0
CUST09190,51,Female,France,Central,7,19244.55,1,1,0,44091.3,1,93014.33,789,0
CUST07193,28,Female,Spain,Central,7,11133.21,2,0,1,,1,89243.85,496,0
CUST03872,52,Male,France,Central,1,188497.22,1,1,1,101320.45,1,73838.39,438,0
CUST00711,29,Male,France,Central,10,31326.35,1,1,1,128569.23,0,0.0,438,0
CUST03675,58,Female,Germany,West,9,136483.68,2,1,0,52831.26,1,70342.27,668,1
CUST03056,24,Male,Germany,North,8,101099.25,3,1,1,93875.62,0,0.0,577,0
CUST01046,63,Male,France,Central,4,186748.58,2,0,1,45888.97,0,0.0,790,0
CUST07855,62,Female,Spain,West,4,0.0,1,1,1,199146.15,0,0.0,553,0
CUST03470,23,Male,France,North,10,50145.56,3,1,1,102031.37,0,0.0,686,0
CUST01661,39,Female,France,West,9,21117.51,2,1,0,167051.26,1,36669.65,671,0
CUST01037,59,Female,Germany,South,6,,1,0,0,18150.05,1,69235.88,626,0
CUST04511,31,Female,Germany,West,2,0.0,3,1,0,101588.22,1,58276.92,761,0
CUST01482,57,Male,France,East,7,17937.54,4,0,0,21147.94,0,0.0,470,0
CUST01987,65,Female,France,South,0,22117.58,1,1,1,58142.57,0,0.0,697,0
CUST07368,44,Female,Germany,Central,4,0.0,1,1,1,10925.09,1,74066.03,702,0
CUST01396,54,Male,Germany,North,0,56641.65,2,1,0,6653.89,0,0.0,604,0
CUST00704,69,Female,Spain,West,3,99833.88,4,1,1,51803.26,1,14995.07,336,1
CUST05825,58,Male,France,South,6,100974.13,1,1,0,459.97,0,0.0,421,0
CUST02474,73,Female,France,East,9,2710.6,3,1,1,52935.43,1,76457.74,638,0
CUST06074,46,Female,France,South,2,0.0,3,1,0,13859.16,0,0.0,417,0
CUST09175,43,Male,Spain,North,2,41688.01,2,1,0,42675.69,0,0.0,685,0
CUST01808,52,Female,Germany,West,9,54560.76,1,1,1,649.51,0,0.0,543,0
CUST08510,52,Female,Germany,South,6,61053.09,2,1,1,175790.12,1,88272.27,758,0
CUST04272,41,Male,France,West,9,0.0,1,0,0,160412.89,1,10355.4,799,0
CUST01162,26,Male,Spain,East,7,43924.46,3,1,1,47525.43,0,0.0,788,1
CUST09366,19,Male,Germany,Central,0,40632.8,2,0,1,177480.26,1,53471.39,575,1
CUST05805,26,Female,Germany,East,1,74087.22,2,0,1,54479.91,1,12435.62,441,1
CUST07055,54,Female,France,North,1,31843.73,2,1,0,192578.33,1,84130.35,560,0
CUST04052,52,Male,Germany,Central,10,20384.59,2,0,1,26030.76,1,10551.61,700,0
CUST06347,33,Male,Spain,West,4,0.0,1,1,1,115203.88,1,37837.12,697,1
CUST01339,30,Male,France,East,4,41598.13,1,1,1,3689.4,0,0.0,513,0
CUST03086,72,Female,Spain,South,7,11444.1,3,1,1,31059.31,0,0.0,828,0
CUST06188,63,Male,France,Central,10,71598.95,1,1,1,82907.93,0,0.0,467,1
CUST01299,70,Female,France,West,7,70565.52,2,0,0,113645.45,0,0.0,371,0
CUST03702,29,Male,Spain,West,6,169179.45,1,1,1,177222.15,0,0.0,430,0
CUST04335,28,Female,Spain,Central,5,248148.38,2,0,0,48264.74,0,0.0,419,1
CUST00537,18,Female,Spain,East,5,8198.06,2,1,0,16274.81,1,59728.06,522,1
CUST03924,31,Female,Germany,East,1,113340.57,3,1,1,10401.03,0,0.0,460,0
CUST02899,71,Male,Germany,Central,10,0.0,1,0,1,26148.56,0,0.0,842,0
CUST06178,25,Male,Spain,North,5,0.0,1,0,0,111116.47,0,0.0,743,0
CUST07263,31,Male,Germany,East,1,0.0,1,1,0,122883.79,0,0.0,682,0
CUST09664,21,Female,Germany,South,8,250000.0,1,1,0,80730.03,0,0.0,595,0
CUST00557,33,Female,Germany,South,6,0.0,1,0,1,88407.25,0,0.0,755,0
CUST02445,71,Female,Germany,West,3,0.0,3,1,0,83603.01,1,14512.34,666,1
CUST09725,20,Female,Spain,East,6,,1,1,1,83266.69,0,0.0,619,0
CUST04257,51,Female,Germany,South,2,0.0,1,0,1,39307.83,0,0.0,779,0
CUST05175,21,Male,France,Central,3,250000.0,2,1,1,78576.2,1,21639.02,593,0
CUST00766,53,Female,France,North,0,5394.9,2,1,1,145243.62,0,0.0,679,1
CUST09693,48,Female,France,North,4,44082.58,2,0,1,182511.4,0,0.0,544,0
CUST02930,58,Male,France,Central,7,174118.13,2,0,1,112486.13,0,0.0,514,0
CUST07885,71,Female,Spain,West,6,67938.16,3,0,1,89421.97,0,0.0,651,0
CUST06039,30,Male,France,South,1,0.0,1,1,0,174644.72,0,0.0,743,0
CUST09845,44,Male,France,North,0,63243.5,1,1,0,21060.7,1,63352.76,586,0
CUST03962,52,Female,France,Central,7,0.0,1,1,1,877.68,1,62445.64,618,0
CUST00072,67,Female,Germany,East,3,45556.04,1,1,0,64560.3,1,6385.68,590,0
CUST04221,65,Male,Spain,North,4,0.0,2,0,0,9560.5,1,71619.22,377,1
CUST03324,71,Female,Spain,North,3,0.0,2,1,0,57788.12,0,0.0,464,1
CUST06435,63,Male,Germany,East,7,9726.16,3,1,0,158347.35,0,0.0,698,0
CUST08033,50,Female,France,South,5,0.0,1,1,0,118609.03,0,0.0,796,0
CUST09840,37,Male,Spain,Central,3,112495.59,3,0,0,1055.85,1,66364.12,768,0
CUST03263,47,Male,France,Central,1,149484.23,1,1,0,75427.55,1,38527.86,801,0
CUST05537,69,Female,Germany,East,10,32039.01,1,0,0,48828.81,0,0.0,573,0
CUST09479,24,Female,France,East,0,16521.51,1,1,0,56245.2,1,21569.46,430,1
CUST07339,57,Female,Germany,West,4,0.0,2,1,1,119853.9,0,0.0,755,0
CUST04337,21,Female,France,Central,2,6807.38,1,1,1,106393.41,1,30543.98,308,0
CUST03060,21,Female,Spain,East,0,0.0,1,0,0,42085.56,0,0.0,774,1
CUST01230,37,Male,France,North,5,73966.24,1,1,1,92406.15,0,0.0,440,0
CUST01590,64,Female,Spain,East,4,0.0,1,1,0,46749.78,0,0.0,634,1
CUST03982,41,Male,France,North,6,0.0,1,1,0,140190.3,0,0.0,309,0
CUST04370,51,Male,Spain,West,2,158052.74,1,0,0,154892.02,0,0.0,383,0
CUST08181,68,Female,France,West,1,6995.93,1,1,0,102522.43,1,17934.74,793,0
CUST05568,18,Male,France,South,1,11678.28,1,1,1,169395.22,0,0.0,744,0
CUST00159,31,Female,Germany,South,5,160261.69,2,1,1,63960.14,1,60613.1,529,0
CUST01965,73,Male,France,South,8,16125.57,3,1,1,16483.73,0,0.0,505,0
CUST09149,61,Female,Germany,South,5,27306.74,1,1,0,98644.69,1,53232.0,710,0
CUST05749,64,Female,Spain,East,4,123417.5,2,1,0,49614.6,0,0.0,712,1
CUST06050,70,Male,France,Central,1,18219.89,1,1,0,16175.92,0,0.0,661,0
CUST01996,30,Female,Spain,North,8,0.0,2,1,1,92011.97,1,88308.16,833,0
CUST02308,23,Female,Spain,Central,8,0.0,1,0,1,44620.5,0,0.0,441,0
CUST00681,42,Male,France,East,2,233429.68,1,0,0,182855.14,1,75151.17,444,1
CUST06113,73,Male,Germany,Central,10,116443.44,3,0,1,64459.53,0,0.0,365,0
CUST05557,27,Male,Germany,North,0,13740.04,2,1,0,172577.14,0,0.0,370,0
CUST04856,28,Female,Germany,East,7,79130.72,1,1,0,94353.33,1,31838.0,659,0
CUST05514,21,Female,France,South,2,11384.96,1,0,1,29161.47,1,15532.74,633,0
CUST03362,26,Male,France,North,6,85567.23,1,0,1,146100.49,1,69406.3,654,0
CUST08168,66,Female,Germany,North,8,21043.22,1,1,1,179074.42,0,0.0,456,0
CUST09184,69,Female,Germany,East,10,250000.0,3,1,0,191139.77,0,0.0,354,1
CUST04989,47,Female,France,Central,4,0.0,1,1,1,80930.78,1,42151.22,812,0
CUST01440,69,Female,Spain,South,4,18338.61,2,1,0,92835.05,0,0.0,505,0
CUST02614,38,Female,Spain,East,8,0.0,2,1,1,128143.34,0,0.0,671,0
CUST08014,62,Female,Spain,West,8,82233.07,2,1,1,97925.76,1,8249.92,836,0
CUST05395,27,Male,Germany,North,5,141139.53,1,1,1,169746.63,0,0.0,834,0
CUST08165,52,Male,France,West,1,35788.71,3,1,1,114783.68,0,0.0,848,0
CUST08543,32,Female,Germany,Central,5,75397.88,2,1,1,148561.8,1,16064.85,498,0
CUST03351,42,Male,France,East,7,53620.09,1,1,1,14142.05,0,0.0,793,0
CUST07348,45,Male,France,North,3,73292.19,1,1,0,103217.12,0,0.0,554,0
CUST08645,49,Male,France,West,0,155481.98,2,1,1,85067.93,0,0.0,702,0
CUST03706,45,Male,Germany,West,8,124700.94,3,1,0,5248.28,1,57310.56,674,0
CUST09235,53,Male,France,East,2,103007.07,1,1,0,88759.16,0,0.0,665,0
CUST00888,66,Female,Spain,West,8,118237.2,2,1,0,2382.8,1,70762.28,317,0
CUST01220,73,Female,Spain,West,0,0.0,3,1,1,79346.93,0,0.0,440,0
CUST02435,29,Male,Spain,Central,6,0.0,3,1,1,70862.48,1,67158.3,477,0
CUST02227,64,Male,Spain,West,2,16909.13,1,1,1,37163.47,1,66550.29,643,0
CUST00430,20,Female,France,North,3,138699.17,1,1,1,9290.4,1,90187.04,612,0
CUST02959,35,Male,France,Central,9,2910.11,1,0,1,121903.08,0,0.0,475,1
CUST06277,73,Male,France,South,4,49860.96,2,0,0,116353.62,0,0.0,482,0
CUST02742,39,Male,France,North,10,0.0,2,0,1,68894.21,0,0.0,637,0
CUST08149,28,Female,Spain,West,3,38402.68,1,0,0,40230.57,0,0.0,557,1
CUST08841,63,Male,Spain,South,1,46628.56,1,0,0,177196.98,1,10740.23,661,0
CUST02251,39,Male,France,North,7,112738.17,2,1,0,85363.21,0,0.0,670,0
CUST03417,41,Male,France,West,1,66684.74,1,1,1,22933.15,0,0.0,833,0
CUST09510,41,Male,France,South,0,68746.75,1,1,0,140073.15,0,0.0,742,0
CUST07452,65,Male,Germany,Central,5,78917.46,1,1,1,174150.75,1,13631.5,449,0
CUST01273,43,Male,France,East,0,195712.98,1,1,1,98823.54,0,0.0,813,0
CUST07695,21,Male,France,North,2,95126.62,1,0,1,162610.54,1,60683.19,508,0
CUST05913,40,Female,France,South,3,47272.24,1,1,0,20802.11,0,0.0,317,0
CUST04655,73,Female,France,East,1,136439.63,1,1,1,41185.53,0,0.0,415,0
CUST03797,61,Male,France,West,2,45407.08,3,1,0,45604.14,0,0.0,831,1
CUST00270,55,Male,France,South,6,0.0,1,0,1,50158.69,1,44310.58,371,0
CUST03926,55,Female,France,West,4,21673.68,2,0,1,85030.29,0,0.0,774,0
CUST05239,19,Female,France,Central,6,127615.75,1,0,0,185165.37,0,0.0,557,0
CUST03829,61,Female,Germany,West,9,0.0,1,1,0,189997.48,0,0.0,789,0
CUST00485,40,Male,Germany,East,2,0.0,1,1,0,173658.98,1,88321.56,665,0
CUST09291,48,Male,France,South,9,43098.53,2,1,0,187938.05,1,24205.85,459,0
CUST03652,27,Female,France,West,2,0.0,3,0,0,129059.75,0,0.0,508,0
CUST09569,48,Female,Germany,West,6,93814.24,3,1,0,57303.48,1,90233.8,329,0
CUST09456,72,Male,Germany,North,3,0.0,1,1,1,80634.62,1,12703.03,488,0
CUST01166,48,Female,France,North,4,60796.5,1,1,1,142283.9,0,0.0,768,0
CUST03989,57,Male,France,North,6,0.0,1,1,0,104261.2,1,76903.09,741,1
CUST08756,66,Female,France,East,1,0.0,1,1,1,164756.12,0,0.0,758,0
CUST09771,49,Female,France,North,6,0.0,1,1,0,70060.64,1,26267.43,710,0
CUST09223,29,Male,France,Central,7,0.0,1,1,0,143248.71,0,0.0,714,0
CUST01019,21,Male,Spain,East,7,72708.43,2,0,0,13435.96,1,46104.03,815,0
CUST00371,73,Male,France,Central,7,1031.12,3,1,1,158274.34,1,92687.5,326,0
CUST06164,54,Male,Germany,North,9,0.0,1,1,0,133054.91,0,0.0,459,0
CUST07356,37,Female,Germany,North,5,,3,0,1,54952.53,1,15695.06,508,1
CUST00397,45,Male,Germany,West,3,250000.0,1,1,0,199318.34,0,0.0,772,0
CUST05200,33,Male,France,North,3,48736.08,1,0,0,84262.69,0,0.0,345,0
CUST08341,70,Female,France,West,9,0.0,2,1,1,141151.71,1,22529.43,783,0
CUST05935,19,Male,France,East,8,0.0,1,1,1,132062.01,1,16119.1,698,0
CUST03972,20,Female,France,East,7,3247.78,3,1,0,91824.1,1,36682.62,668,0
CUST08155,36,Female,France,East,10,52864.06,1,0,1,59945.87,1,78620.78,678,1
CUST08370,26,Female,Spain,North,10,71520.9,3,1,1,31976.1,1,97107.3,411,0
CUST01303,56,Female,Germany,North,3,0.0,1,1,1,60454.01,1,47651.2,843,0
CUST01662,38,Female,France,South,5,33420.41,1,1,1,153775.59,1,71762.3,582,0
CUST06901,32,Male,France,South,8,152554.13,3,1,1,168197.85,0,0.0,446,0
CUST04213,20,Female,Spain,Central,2,66496.66,3,1,1,68934.49,1,90268.42,419,0
CUST05554,47,Male,Germany,South,6,0.0,1,1,1,115335.28,1,91240.64,601,0
CUST08267,22,Male,France,East,0,29941.28,2,1,0,108629.69,0,0.0,382,0
CUST05223,21,Male,Germany,Central,6,14100.22,1,0,0,138963.73,0,0.0,355,1
CUST07801,53,Female,Spain,North,10,73470.78,1,0,0,183641.91,1,25992.28,755,1
CUST07740,46,Female,France,South,5,0.0,2,1,0,94601.07,0,0.0,655,0
CUST03625,34,Male,Spain,East,7,31170.78,2,1,1,158625.85,1,91368.35,669,0
CUST00141,41,Female,Germany,East,0,0.0,2,1,1,103196.71,0,0.0,523,0
CUST03722,23,Male,France,West,7,10989.19,2,1,1,101033.54,1,73491.92,476,0
CUST00923,31,Female,Germany,East,5,0.0,2,1,0,27802.98,0,0.0,613,0
CUST06669,22,Male,Germany,South,7,53641.46,1,0,0,42972.36,0,0.0,492,0
CUST04505,48,Female,Spain,West,10,0.0,1,0,0,174949.7,1,25823.88,495,1
CUST06854,20,Female,Spain,North,4,121475.77,1,1,1,137415.46,0,0.0,650,0
CUST03046,26,Male,Germany,South,1,0.0,1,1,1,152859.18,1,40714.02,801,0
CUST06451,34,Male,France,South,0,0.0,2,1,1,144518.12,1,90760.95,412,0
CUST06480,69,Male,France,North,5,138821.19,1,1,0,30467.88,0,0.0,802,0
CUST07215,57,Male,France,North,5,169907.08,1,1,1,28438.23,1,62249.33,502,0
CUST04321,40,Female,Germany,South,3,128599.16,4,1,1,197955.53,0,0.0,838,0
CUST07108,74,Male,France,East,9,0.0,3,1,1,61888.05,0,0.0,824,0
CUST02295,67,Female,Spain,Central,6,1106.06,2,1,0,154635.46,0,0.0,446,0
CUST00961,31,Female,France,East,2,171263.68,3,1,0,196441.73,1,19013.44,848,0
CUST09628,58,Male,France,South,3,47502.62,1,1,1,181157.64,1,82944.32,484,0
CUST00145,57,Male,Spain,Central,7,0.0,2,1,1,160433.29,1,14353.68,456,0
CUST06015,55,Female,Spain,East,8,0.0,1,0,0,148130.94,0,0.0,377,0
CUST01161,72,Male,France,East,7,0.0,1,0,1,111688.66,0,0.0,363,1
CUST00033,66,Female,France,West,6,66775.43,3,1,1,84790.32,0,0.0,409,1
CUST06806,24,Female,Germany,East,2,0.0,3,1,1,,1,97690.02,781,0
CUST05243,56,Male,France,Central,0,13379.82,1,0,1,52187.98,0,0.0,329,0
CUST07178,45,Male,France,East,3,72420.41,1,0,1,60107.98,1,96878.29,699,0
CUST07887,35,Female,Spain,South,6,0.0,2,1,1,78274.87,0,0.0,453,0
CUST00892,42,Female,Germany,North,9,27590.88,1,1,1,134714.12,1,72514.41,572,0
CUST09638,62,Female,Spain,South,9,81626.05,1,1,1,187338.81,1,8210.93,372,0
CUST05820,31,Male,Spain,West,2,34103.7,3,1,0,40634.08,0,0.0,430,0
CUST09075,36,Female,France,South,8,0.0,3,1,1,62974.67,1,27713.65,787,0
CUST03093,38,Male,Germany,South,6,21734.01,1,0,1,98778.09,1,34631.64,531,0
CUST02682,68,Male,Germany,East,9,7527.61,1,1,0,149244.72,0,0.0,381,0
CUST01529,51,Male,Spain,North,7,38463.54,4,0,1,136472.51,1,15557.55,587,0
CUST08116,73,Male,France,Central,5,8897.17,1,0,0,33759.14,0,0.0,691,0
CUST00720,56,Female,France,West,0,22139.5,1,0,1,149969.67,1,14674.9,386,0
CUST05247,40,Female,France,North,3,0.0,2,1,0,116906.07,0,0.0,645,0
CUST01077,43,Male,Germany,Central,7,13103.72,1,1,1,52559.98,0,0.0,813,0
CUST07983,58,Male,Germany,East,1,12915.73,1,1,1,102092.95,0,0.0,490,0
CUST06278,40,Male,Spain,West,2,66768.64,3,1,1,94497.12,0,0.0,543,0
CUST05731,51,Male,France,West,1,0.0,1,1,0,104466.65,0,0.0,368,0
CUST03581,24,Female,France,Central,10,37390.6,2,1,1,47984.99,1,5717.14,472,0
CUST01167,57,Female,Spain,North,7,0.0,1,1,0,2877.52,1,65032.81,682,0
CUST01422,18,Male,France,East,0,,1,1,0,87979.06,0,0.0,396,1
CUST03289,63,Female,Germany,Central,9,0.0,1,1,1,65046.19,1,39181.88,479,0
CUST08174,36,Male,Spain,Central,7,36007.34,2,0,1,107847.73,1,56371.52,687,0
CUST03506,38,Male,France,South,2,79426.98,1,1,0,41281.84,1,96261.13,352,0
CUST04813,60,Female,Germany,East,10,205222.71,2,1,0,125336.84,0,0.0,809,0
CUST05947,67,Male,France,South,1,0.0,2,0,1,123265.1,0,0.0,305,1
CUST09880,56,Female,France,North,1,24478.58,3,1,0,7236.3,1,98063.35,546,1
CUST05928,71,Male,France,South,3,0.0,1,1,1,166124.69,1,71093.17,773,0
CUST01139,69,Male,France,West,7,58416.23,1,1,0,150874.79,1,82892.82,777,0
CUST00499,50,Female,France,North,9,38654.91,1,1,0,194069.65,0,0.0,543,0
CUST01379,29,Female,France,Central,6,42253.44,1,1,0,132237.13,0,0.0,490,0
CUST07986,67,Female,France,South,5,232404.98,4,1,1,35058.24,0,0.0,689,1
CUST09196,62,Male,France,West,0,21056.69,1,1,1,5987.42,1,53426.42,747,0
CUST01526,27,Male,Spain,West,5,123587.39,2,1,1,79210.74,0,0.0,474,0
CUST00139,72,Male,France,South,10,55251.23,1,1,1,102829.35,1,32879.72,317,0
CUST02362,41,Female,Spain,South,1,0.0,2,1,0,117165.48,1,74305.22,645,1
CUST07296,50,Male,France,West,8,3859.92,2,0,0,78521.13,0,0.0,585,1
CUST07369,42,Female,Spain,East,8,0.0,1,1,1,163899.01,0,0.0,370,0
CUST03015,62,Male,Spain,East,6,0.0,1,1,0,118570.12,0,0.0,834,1
CUST07849,35,Male,Germany,South,10,0.0,3,0,1,113750.94,0,0.0,796,1
CUST04625,28,Female,Germany,West,6,98241.77,4,1,1,182081.95,1,17506.85,394,0
CUST09708,66,Male,France,South,6,0.0,1,1,1,163568.62,0,0.0,506,0
CUST03502,46,Female,Spain,South,6,7855.87,1,1,0,190728.82,0,0.0,673,0
CUST09444,62,Female,France,South,8,211386.19,1,0,0,106031.11,0,0.0,537,0
CUST04749,61,Male,Spain,North,5,0.0,2,1,0,51801.61,1,98344.66,420,0
CUST09774,51,Male,France,North,7,26217.8,1,1,1,55260.19,0,0.0,791,0
CUST08208,41,Female,Spain,East,7,129045.2,2,1,1,164665.12,0,0.0,605,0
CUST08140,30,Female,Spain,South,9,57121.01,2,1,1,156048.05,0,0.0,655,0
CUST01821,54,Male,France,North,0,119749.55,2,0,0,187687.93,0,0.0,832,1
CUST01426,57,Female,Germany,East,3,63388.94,2,1,1,34970.53,1,22924.66,661,0
CUST02077,51,Male,France,West,10,9056.43,1,1,1,141154.38,0,0.0,808,0
CUST03841,57,Male,Germany,North,2,15191.31,1,0,1,105836.92,0,0.0,463,1
CUST02458,60,Female,France,West,9,0.0,1,1,0,141755.19,0,0.0,619,1
CUST00922,38,Female,France,North,8,122506.19,2,1,1,55002.34,0,0.0,674,0
CUST01663,44,Female,France,South,0,0.0,1,1,0,139355.18,0,0.0,784,0
CUST08228,37,Male,France,East,8,139518.97,1,1,0,197715.84,0,0.0,592,0
CUST02824,62,Female,France,South,10,0.0,2,1,1,2762.36,0,0.0,378,0
CUST02479,32,Male,France,North,4,250000.0,1,1,1,100842.89,0,0.0,415,0
CUST09153,46,Male,France,South,1,53319.51,2,1,1,157375.44,0,0.0,500,0
CUST06529,54,Male,France,North,6,0.0,2,1,0,9251.11,1,18649.23,734,0
CUST03474,56,Female,France,West,9,0.0,1,0,0,15412.69,0,0.0,415,1
CUST05861,46,Male,France,Central,6,0.0,2,0,1,60059.86,0,0.0,520,0
CUST03480,69,Female,Spain,Central,8,156243.09,2,1,0,167564.03,0,0.0,738,0
CUST07346,52,Female,France,North,4,136589.09,1,1,1,74614.4,0,0.0,322,0
CUST00951,47,Male,Spain,East,9,203258.71,1,1,0,31430.22,0,0.0,806,0
CUST06745,59,Male,Germany,Central,0,101853.33,1,1,0,7444.61,1,69083.96,723,1
CUST08493,72,Female,France,Central,2,1974.25,1,0,0,135088.69,0,0.0,359,0
CUST07580,61,Female,Germany,West,7,2172.14,3,1,1,83784.47,0,0.0,730,0
CUST01622,67,Female,France,East,10,0.0,2,1,1,195519.73,0,0.0,769,1
CUST08769,24,Male,France,South,4,0.0,1,1,1,130289.56,0,0.0,737,0
CUST03729,20,Female,France,South,2,21938.87,1,1,1,87028.66,0,0.0,689,0
CUST03157,39,Male,France,North,6,,1,1,0,150326.31,1,74915.71,632,1
CUST02814,56,Female,Spain,North,4,88197.71,1,0,1,26422.09,1,18439.26,534,0
CUST00829,40,Male,Spain,Central,6,0.0,3,0,0,117585.6,0,0.0,672,0
CUST01953,55,Female,France,Central,0,108041.38,2,1,0,196325.77,0,0.0,723,0
CUST03876,68,Female,France,South,10,24072.35,1,1,1,170671.41,0,0.0,405,0
CUST08023,40,Male,Germany,West,4,0.0,3,1,0,62027.15,0,0.0,454,0
CUST08407,51,Male,France,West,8,0.0,3,0,0,181337.24,0,0.0,415,0
CUST04693,31,Female,Germany,Central,0,6845.97,2,1,1,187174.39,1,39824.98,350,0
CUST08588,72,Female,Spain,North,4,175.14,2,1,0,111188.15,1,67449.79,744,0
CUST05339,69,Female,Spain,North,5,0.0,2,1,1,24202.39,0,0.0,745,1
CUST02912,35,Female,France,East,0,0.0,1,1,0,97764.76,1,9904.36,539,1
CUST05033,72,Male,Germany,West,1,48471.56,2,1,0,191099.66,1,74908.9,407,1
CUST09140,52,Female,Germany,North,9,120840.43,1,1,1,168779.41,1,15058.38,742,0
CUST07606,74,Male,France,West,6,50904.93,2,0,1,132051.84,0,0.0,406,0
CUST07267,29,Male,Germany,West,3,0.0,3,1,0,146288.44,0,0.0,391,1
CUST07621,65,Male,France,Central,10,21697.53,2,0,1,113108.37,0,0.0,307,0
CUST01863,61,Male,Germany,North,2,33652.24,1,0,0,79504.59,1,82217.33,456,1
CUST04490,25,Male,Spain,North,3,140162.54,2,1,0,44574.38,0,0.0,347,0
CUST08480,39,Male,France,South,6,,1,1,1,44625.15,0,0.0,433,0
CUST03755,63,Male,Germany,South,9,40822.82,3,0,0,108615.88,1,16006.56,710,0
CUST07311,68,Male,France,East,8,619.13,3,1,1,138335.64,1,88247.4,674,0
CUST01088,24,Female,Germany,Central,4,1984.64,3,1,1,55047.71,1,54590.96,679,0
CUST03583,59,Female,France,Central,9,90634.88,1,1,0,115837.51,0,0.0,478,0
CUST01016,71,Male,Spain,Central,1,52861.04,2,1,1,87219.09,1,25178.75,451,0
CUST09583,31,Female,Germany,West,5,0.0,1,0,1,163517.92,0,0.0,352,0
CUST05958,20,Male,France,East,2,0.0,2,1,0,10752.43,1,27486.62,312,0
CUST03073,67,Male,France,East,9,3236.74,1,1,0,28837.36,1,31868.5,672,0
CUST04080,58,Male,France,South,2,0.0,2,0,0,45137.61,0,0.0,668,1
CUST08870,23,Male,France,South,2,6866.05,2,0,1,198427.2,1,16454.68,328,0
CUST00218,25,Male,France,West,7,63191.98,1,1,0,24135.31,0,0.0,323,0
CUST01017,33,Female,Spain,South,7,38625.23,2,1,1,147316.6,1,99510.86,797,0
CUST03757,33,Male,Spain,Central,6,45646.34,2,1,1,173852.49,0,0.0,601,0
CUST01525,27,Male,Germany,South,6,0.0,1,0,0,144626.99,0,0.0,415,0
CUST06691,69,Female,Germany,East,1,8071.34,2,1,0,155505.88,1,42011.1,350,0
CUST04626,74,Female,Spain,South,6,13094.11,2,1,1,8588.16,0,0.0,389,1
CUST05838,19,Male,Germany,East,4,94319.59,2,0,1,119742.48,1,98828.75,387,0
CUST03401,56,Female,France,West,5,43253.84,2,1,1,11508.38,1,82467.97,588,0
CUST07523,67,Male,France,North,6,0.0,4,1,0,55393.28,0,0.0,578,1
CUST03592,22,Male,Germany,Central,9,114194.25,1,1,1,88823.38,1,39512.9,679,0
CUST04669,34,Male,Germany,East,0,81804.31,2,1,1,60234.48,1,67227.71,590,0
CUST04219,57,Male,Spain,West,3,0.0,1,1,1,139333.1,0,0.0,587,0
CUST09966,55,Male,France,West,9,109416.57,1,1,0,149840.94,1,6738.83,533,0
CUST01487,30,Male,Germany,Central,1,52660.02,1,0,1,7227.13,0,0.0,312,0
CUST05264,29,Female,France,East,3,147435.61,1,1,1,96768.95,1,73904.09,393,0
CUST03705,41,Male,Spain,East,10,21209.83,2,1,1,20633.87,1,47765.48,541,0
CUST02845,49,Male,Spain,West,2,17851.47,1,1,1,57371.42,1,59088.81,639,0
CUST06517,50,Male,France,East,8,0.0,2,0,1,68994.81,0,0.0,312,0
CUST04740,60,Male,France,South,7,0.0,2,1,1,125368.4,1,11466.84,581,0
CUST01587,35,Male,Spain,West,1,21267.89,2,1,0,37200.79,1,27398.19,377,0
CUST01295,64,Male,Spain,South,10,5363.3,2,1,0,156405.73,1,25113.81,473,0
CUST08710,62,Male,Spain,West,8,80985.9,2,1,0,70532.23,1,34093.5,531,0
CUST05289,72,Female,France,West,1,8102.63,2,1,1,143777.5,0,0.0,472,0
CUST07246,27,Female,Germany,West,4,100099.43,1,1,1,55143.4,0,0.0,681,0
CUST09315,53,Female,Germany,North,8,250000.0,2,0,0,177332.5,1,59718.72,414,0
CUST02529,59,Female,Germany,East,1,0.0,1,1,1,126153.53,1,36010.61,805,0
CUST09538,52,Male,France,South,1,0.0,2,1,0,100069.3,1,96597.01,672,0
CUST09048,71,Male,Germany,Central,9,26864.19,1,1,0,121992.4,0,0.0,347,0
CUST06738,39,Female,Spain,North,7,54404.35,2,0,0,27105.7,0,0.0,571,0
CUST03478,22,Female,Spain,West,10,19203.87,1,0,1,176697.03,0,0.0,457,0
CUST03407,74,Female,Spain,North,4,0.0,1,1,1,40638.88,1,52171.9,498,0
CUST05887,32,Male,Spain,North,4,130204.68,1,1,1,195517.74,0,0.0,636,0
CUST05445,39,Male,Spain,Central,3,0.0,1,1,1,51580.73,1,72887.68,827,0
CUST07052,24,Female,Spain,West,0,0.0,1,0,1,192978.26,0,0.0,434,0
CUST02384,56,Male,France,East,5,66347.16,1,0,0,81193.63,0,0.0,787,0
CUST01021,21,Female,Spain,North,9,29998.78,1,1,0,179071.71,0,0.0,729,0
CUST04030,40,Female,Spain,North,0,78676.32,2,1,1,9176.33,1,39542.39,744,0
CUST03905,74,Female,France,East,9,16854.91,2,1,1,85042.14,1,10298.32,813,0
CUST02958,55,Female,France,West,7,2826.64,1,1,0,139762.51,0,0.0,355,1
CUST01471,38,Female,France,West,3,0.0,2,1,0,52153.56,1,18532.17,530,0
CUST00085,51,Male,Germany,East,1,70060.42,2,1,0,89708.23,0,0.0,804,1
CUST03191,53,Female,France,South,9,22765.33,1,1,0,148047.06,0,0.0,484,0
CUST01505,31,Female,France,Central,3,65953.94,3,0,1,148750.55,0,0.0,761,0
CUST02920,55,Male,Germany,North,8,14783.14,2,1,0,39792.94,1,9782.68,746,0
CUST03331,64,Male,France,South,6,0.0,1,1,1,22769.39,0,0.0,815,1
CUST07388,37,Male,France,South,5,0.0,2,0,1,54174.3,1,63804.16,324,0
CUST04846,21,Male,France,South,7,0.0,1,1,0,62721.57,0,0.0,779,1
CUST01734,59,Male,Germany,Central,7,225810.35,2,0,0,29301.85,0,0.0,617,0
CUST00188,39,Female,Germany,North,2,93092.56,1,0,1,150826.34,0,0.0,423,0
CUST07732,32,Female,France,East,10,20561.32,4,0,1,174329.37,1,63954.21,637,0
CUST07230,67,Female,France,South,3,230330.21,3,1,1,48843.92,1,68707.74,370,0
CUST02535,72,Male,Spain,East,1,132561.8,1,1,0,11752.05,1,77579.07,478,0
CUST08376,60,Male,Spain,Central,3,18690.76,4,1,1,132263.22,1,87554.54,738,0
CUST02736,73,Female,France,North,9,0.0,1,1,0,192454.42,1,55777.8,576,0
CUST08239,71,Female,France,North,4,,3,1,0,109071.96,0,0.0,429,0
CUST00344,25,Female,France,Central,0,5570.07,1,0,0,142843.96,1,54392.7,756,0
CUST05150,73,Female,Germany,West,9,46339.12,1,1,0,20721.7,0,0.0,700,1
CUST04233,24,Male,France,South,3,166221.89,1,1,1,62592.87,1,81670.54,698,1
CUST02842,22,Male,France,West,4,0.0,2,1,0,139024.63,0,0.0,400,0
CUST01708,22,Male,France,West,7,0.0,1,1,1,79073.18,0,0.0,473,0
CUST01502,36,Female,Germany,South,8,0.0,2,1,1,117821.41,1,89407.19,580,0
CUST00518,30,Male,France,West,3,250000.0,1,1,0,92415.91,1,83871.63,535,0
CUST05420,27,Male,Germany,North,9,0.0,1,1,0,181206.97,0,0.0,729,1
CUST03832,32,Male,Spain,Central,4,0.0,1,1,1,111673.87,0,0.0,673,0
CUST04697,24,Male,France,East,9,250000.0,3,0,1,131530.9,1,16427.72,730,0
CUST08569,23,Male,Germany,Central,1,0.0,2,1,1,176500.85,1,69941.22,688,1
CUST09306,64,Female,France,West,1,48321.8,1,1,0,180872.74,0,0.0,743,1
CUST00459,59,Male,France,West,1,116487.41,1,0,0,125508.31,1,93791.04,839,1
CUST00247,19,Male,France,North,3,50736.83,2,1,0,195380.42,1,36200.89,385,1
CUST08631,47,Male,France,West,9,0.0,1,1,0,107010.64,1,8492.97,579,0
CUST09045,52,Male,Germany,North,3,148448.2,1,1,0,,1,10831.06,350,0
CUST02060,66,Female,Spain,East,8,0.0,1,1,1,160424.93,0,0.0,705,0
CUST06221,29,Male,France,East,2,33430.47,1,1,1,91734.39,0,0.0,426,0
CUST08636,27,Female,France,North,3,65029.04,2,1,1,84118.51,0,0.0,816,0
CUST09249,46,Female,Germany,Central,0,0.0,3,1,0,40809.62,0,0.0,562,0
CUST07644,23,Male,Germany,Central,4,3085.33,3,1,1,149142.57,0,0.0,818,0
CUST01896,66,Male,Spain,West,1,139938.44,1,1,1,63993.72,0,0.0,378,0
CUST03497,52,Female,Spain,Central,10,0.0,3,1,1,61750.49,1,86537.91,690,0
CUST07866,36,Female,Germany,West,3,0.0,1,1,0,89225.73,0,0.0,738,0
CUST02192,61,Male,France,South,8,107901.88,2,1,0,6424.57,0,0.0,467,1
CUST04088,56,Male,Germany,Central,5,13746.46,1,1,1,100262.63,1,98979.68,642,0
CUST05256,23,Male,France,East,1,0.0,2,1,1,40073.69,0,0.0,320,0
CUST04547,70,Male,Germany,North,5,17591.27,1,0,1,28996.32,1,46427.58,701,1
CUST04894,58,Female,France,West,0,117479.28,3,0,1,115537.19,1,16326.01,360,0
CUST09194,56,Female,France,South,3,250000.0,2,1,0,11234.8,1,41033.46,839,0
CUST00002,69,Male,Germany,Central,6,97527.25,2,0,0,185071.35,1,9963.21,623,1
CUST04791,71,Male,France,Central,1,159479.48,1,1,1,47231.31,0,0.0,606,0
CUST04593,48,Male,France,West,1,0.0,2,0,1,146993.61,1,35308.07,534,1
CUST00807,71,Male,France,North,4,7220.13,4,1,0,156464.91,0,0.0,755,0
CUST03752,26,Male,Germany,North,0,0.0,1,1,0,12940.01,0,0.0,420,0
CUST04022,19,Male,Germany,East,1,111580.13,1,1,0,43416.27,1,87448.02,570,0
CUST02117,32,Female,France,West,5,0.0,1,1,0,116942.57,0,0.0,412,0
CUST08844,29,Male,France,Central,6,40826.49,1,1,0,122117.8,0,0.0,322,0
CUST08030,18,Male,Germany,South,1,5584.53,3,0,0,53085.44,0,0.0,506,1
CUST03677,45,Female,Spain,West,7,0.0,2,1,1,3464.31,1,62689.14,565,0
CUST08183,35,Male,France,East,3,0.0,1,1,0,150348.68,0,0.0,789,0
CUST08947,26,Female,France,Central,6,0.0,2,1,1,154025.72,1,18154.31,640,0
CUST06818,37,Male,Spain,South,8,67446.46,2,1,1,53144.23,1,45403.04,710,0
CUST01523,20,Male,France,South,6,0.0,1,0,0,100471.0,0,0.0,446,0
CUST08105,73,Female,Spain,Central,8,110398.0,1,1,0,193016.34,0,0.0,404,0
CUST03745,21,Female,France,Central,0,30340.6,1,1,1,97249.03,1,38001.37,671,0
CUST05363,58,Female,Spain,North,3,0.0,2,1,0,192835.6,1,88983.47,501,0
CUST04982,30,Male,Germany,South,9,0.0,4,1,1,122572.35,1,32614.26,653,0
CUST03264,37,Male,Germany,West,8,45996.88,2,1,1,23744.32,0,0.0,374,0
CUST01485,18,Female,Germany,South,10,133053.62,3,0,0,157787.23,0,0.0,428,0
CUST08594,50,Female,France,Central,5,60629.29,2,0,1,46310.35,0,0.0,448,0
CUST01171,48,Female,Spain,East,8,220106.87,1,1,0,68073.76,0,0.0,318,1
CUST02905,18,Female,Spain,East,4,59376.99,1,0,1,8710.82,0,0.0,422,0
CUST01805,47,Female,France,East,4,0.0,2,0,1,158827.66,1,41018.85,502,0
CUST04902,69,Female,Germany,West,8,71536.42,1,1,1,15569.39,0,0.0,832,0
CUST01842,61,Male,Spain,South,4,164943.51,3,1,0,177434.32,0,0.0,467,0
CUST09670,23,Male,Spain,West,7,190702.86,1,1,1,101945.46,0,0.0,330,0
CUST03846,23,Female,France,South,9,52339.17,2,1,1,31600.94,0,0.0,359,0
CUST06550,36,Female,France,East,1,0.0,3,1,0,59542.53,0,0.0,536,0
CUST09661,30,Male,Germany,Central,9,0.0,2,1,1,170163.64,1,44303.82,531,0
CUST04531,30,Female,France,Central,4,0.0,1,0,1,150646.86,1,94231.29,725,0
CUST01185,68,Female,Spain,Central,10,0.0,3,1,0,57873.59,1,70672.5,,0
CUST06708,19,Female,France,Central,0,0.0,2,1,0,177107.78,0,0.0,808,0
CUST04089,30,Female,France,Central,5,122060.14,2,1,1,98102.09,1,75729.24,434,1
CUST07728,70,Female,France,Central,3,0.0,1,0,0,157932.65,1,42417.85,304,0
CUST08589,44,Female,Germany,South,3,29109.49,1,0,1,156554.41,0,0.0,815,0
CUST00764,62,Female,France,South,3,11000.27,1,0,1,54085.35,1,34421.78,774,0
CUST01346,73,Male,Spain,East,10,162202.69,1,0,1,157195.7,0,0.0,462,1
CUST06689,27,Female,France,Central,4,0.0,2,1,0,51371.83,1,45095.45,849,0
CUST00968,55,Male,Spain,Central,8,0.0,2,0,1,44843.84,1,46375.54,356,0
CUST04266,66,Female,Germany,North,3,17863.88,2,1,1,13704.12,1,10204.22,830,0
CUST09606,18,Female,Germany,South,10,88406.03,1,1,1,82477.21,0,0.0,355,0
CUST00268,73,Male,France,West,8,92836.79,1,1,1,53251.22,1,18892.92,598,0
CUST05030,26,Male,Spain,Central,6,0.0,1,1,0,60464.8,0,0.0,790,0
CUST01601,22,Female,Spain,North,0,63309.74,1,0,1,11193.59,1,78766.27,510,0
CUST01507,64,Female,France,West,10,45541.2,1,0,0,178206.16,1,71758.14,332,0
CUST04448,67,Male,France,South,5,19951.93,2,1,1,123324.02,1,31203.96,569,0
CUST02857,19,Male,Spain,West,4,113847.67,1,0,1,91540.88,1,18401.05,351,1
CUST04561,39,Male,Germany,Central,10,0.0,1,0,0,83593.37,0,0.0,704,1
CUST04680,54,Male,France,Central,2,5103.88,3,1,0,119600.12,0,0.0,426,1
CUST06653,66,Male,France,West,10,250000.0,1,1,1,63347.08,1,86112.02,336,0
CUST07535,31,Female,France,West,10,168971.59,2,1,1,184783.47,0,0.0,725,0
CUST02142,31,Female,Spain,Central,0,16362.29,1,0,1,8279.42,0,0.0,760,0
CUST00586,22,Male,France,South,7,98673.23,1,1,0,13468.84,0,0.0,408,1
CUST05536,49,Female,France,West,5,0.0,2,0,0,104028.98,0,0.0,,1
CUST05447,23,Male,Germany,Central,9,101754.3,3,1,1,176102.35,0,0.0,583,0
CUST01738,20,Male,France,East,4,11002.14,2,1,0,80215.43,1,50259.88,783,0
CUST04548,56,Male,France,East,0,0.0,1,1,0,16393.02,0,0.0,570,1
CUST04198,71,Male,France,East,0,0.0,1,1,1,35030.3,1,70120.18,781,0
CUST07105,69,Female,France,East,0,50620.16,1,0,1,190002.79,1,68224.11,819,0
CUST07776,51,Male,France,West,4,0.0,1,1,0,179401.25,0,0.0,568,1
CUST08360,56,Male,Germany,South,1,73549.82,2,1,0,154370.14,1,21082.08,736,0
CUST01163,72,Female,Spain,North,6,66372.29,3,0,1,43382.1,0,0.0,363,1
CUST00006,25,Male,France,Central,4,0.0,4,1,1,32057.98,1,28887.44,544,1
CUST08017,51,Female,France,East,3,34470.2,2,1,1,68278.22,0,0.0,688,0
CUST09329,21,Female,France,North,9,0.0,2,1,0,71351.5,0,0.0,626,0
CUST05791,34,Male,France,Central,1,0.0,2,1,1,145891.25,1,78657.54,689,0
CUST06228,63,Female,France,North,1,33259.09,1,1,0,197647.86,1,61869.78,674,0
CUST06180,57,Female,France,South,9,111134.71,1,1,1,49119.59,0,0.0,653,0
CUST02877,74,Male,France,South,0,131247.43,3,0,1,72491.97,1,63197.8,741,0
CUST07407,22,Female,France,West,4,21265.79,1,0,0,177051.26,0,0.0,765,0
CUST05337,68,Male,France,East,10,88097.23,3,0,1,147402.97,1,55365.52,768,0
CUST04094,30,Female,France,East,4,97317.87,2,1,0,64742.48,1,47646.28,392,0
CUST01058,39,Female,France,South,3,0.0,1,1,1,17585.24,1,29884.78,736,1
CUST05570,73,Male,Germany,West,7,206458.13,2,1,1,3437.47,0,0.0,605,0
CUST03971,54,Male,France,Central,10,354.3,1,0,1,103362.73,1,37233.89,580,0
CUST09864,46,Male,France,West,9,0.0,2,1,0,118749.47,1,12085.01,683,1
CUST06762,30,Female,France,West,2,39094.2,2,1,1,11258.41,1,8507.65,841,0
CUST08625,23,Female,Germany,West,7,0.0,1,1,1,21704.88,0,0.0,792,0
CUST07268,54,Female,Spain,Central,7,53467.28,1,1,1,112299.74,1,13011.38,788,0
CUST09947,73,Female,France,South,4,125221.39,2,1,1,89352.56,1,88472.04,,0
CUST01317,69,Female,France,East,8,3378.94,1,1,1,140096.59,0,0.0,608,0
CUST04252,66,Male,France,East,9,0.0,1,1,0,165203.52,0,0.0,544,1
CUST05816,68,Male,France,South,1,0.0,2,1,1,103651.88,0,0.0,578,1
CUST04386,58,Male,France,West,8,32347.15,1,1,1,101787.33,1,32114.94,621,0
CUST05215,26,Male,Spain,West,2,0.0,3,1,1,11428.4,1,83285.17,327,0
CUST01948,34,Male,Germany,East,3,107372.36,3,0,1,103538.03,1,50289.06,763,0
CUST00057,26,Male,Spain,South,2,69869.46,1,1,1,127226.82,0,0.0,843,0
CUST06888,22,Female,France,Central,3,0.0,1,0,1,51809.73,0,0.0,615,1
CUST02127,21,Female,Germany,Central,5,47062.07,4,1,1,27647.93,0,0.0,608,1
CUST01178,32,Male,France,East,6,19084.83,3,0,1,91643.29,1,10760.35,329,0
CUST07710,33,Male,France,West,9,38670.28,1,0,1,173432.34,1,22977.42,744,0
CUST02862,34,Female,France,Central,0,0.0,1,1,1,140016.85,1,46114.21,671,1
CUST02541,64,Male,France,West,10,82637.14,3,0,0,92106.95,0,0.0,604,1
CUST03395,43,Female,Spain,North,8,0.0,1,0,0,108929.8,1,69406.87,547,1
CUST08118,56,Female,Spain,North,10,84656.27,2,0,0,151658.92,0,0.0,830,0
CUST01415,38,Male,Spain,West,7,0.0,1,1,1,28964.51,0,0.0,604,1
CUST07314,48,Male,France,West,4,0.0,1,1,1,190661.97,0,0.0,597,1
CUST05316,37,Male,Spain,West,4,0.0,2,0,0,184781.02,1,21668.33,845,0
CUST05068,43,Female,France,North,4,105876.17,1,0,0,168322.75,1,67830.32,389,1
CUST01418,53,Female,Spain,South,10,120722.3,2,1,1,136849.3,1,49575.45,518,0
CUST00647,21,Male,Spain,North,1,0.0,1,1,0,46833.52,1,34852.07,827,0
CUST00622,57,Female,France,North,0,48125.68,1,0,1,138211.9,1,32821.57,790,0
CUST06857,41,Female,Germany,North,9,0.0,1,1,0,33230.57,0,0.0,572,1
CUST02527,33,Male,Spain,South,2,122335.21,1,1,1,6723.3,0,0.0,662,0
CUST03808,65,Female,France,West,7,38801.54,1,0,1,117918.75,0,0.0,440,0
CUST04866,59,Male,Germany,North,3,0.0,1,1,0,179846.05,0,0.0,551,0
CUST01573,72,Female,France,West,1,32443.7,3,1,0,69910.86,0,0.0,698,0
CUST04851,22,Female,Germany,South,6,59026.4,3,1,1,173425.71,1,71434.65,701,0
CUST04918,55,Male,France,West,8,0.0,3,1,0,136817.23,0,0.0,430,1
CUST06079,60,Male,France,South,2,0.0,2,0,1,109224.64,0,0.0,635,0
CUST09975,63,Female,France,Central,6,0.0,2,0,1,174104.36,1,26108.47,591,0
CUST02365,21,Female,Spain,South,5,55291.67,1,0,0,14320.68,1,84744.72,573,0
CUST03404,55,Male,Germany,East,5,140738.99,2,0,1,63677.12,0,0.0,413,0
CUST02198,32,Male,France,West,0,82248.09,1,1,1,51951.77,0,0.0,376,0
CUST01450,44,Male,Spain,South,0,111873.35,2,0,0,140389.99,0,0.0,497,0
CUST03100,30,Male,Spain,East,7,0.0,1,0,0,184629.22,0,0.0,606,0
CUST06562,43,Female,Germany,West,10,92892.78,4,1,0,139627.51,0,0.0,697,1
CUST02880,59,Male,France,Central,7,65690.21,3,0,0,63905.12,0,0.0,721,0
CUST06490,52,Female,France,Central,6,0.0,1,0,0,159811.18,1,27266.98,610,0
CUST00642,43,Female,Spain,West,7,0.0,2,1,0,88065.21,1,44317.01,617,1
CUST01453,61,Male,Germany,North,3,112491.81,2,1,0,168809.85,0,0.0,607,1
CUST09619,35,Male,Germany,West,5,5089.7,1,1,1,111825.3,1,95572.03,501,0
CUST09841,41,Female,Spain,South,0,112712.98,3,1,1,71146.69,1,92525.15,426,0
CUST09656,29,Female,France,Central,6,250000.0,1,1,1,171984.37,0,0.0,341,0
CUST00881,73,Female,France,West,8,0.0,1,1,0,50238.5,0,0.0,376,0
CUST08843,72,Female,Germany,West,7,86209.86,2,1,0,64002.86,1,78897.03,824,1
CUST09640,51,Male,France,East,4,44130.71,2,0,0,133008.11,0,0.0,487,0
CUST10000,33,Male,France,East,0,36059.6,1,1,1,118373.59,1,21188.97,753,0
CUST04752,27,Male,Spain,South,8,104118.38,1,1,1,117359.69,0,0.0,741,0
CUST00694,53,Male,Spain,North,1,18075.4,2,0,1,141502.3,0,0.0,740,0
CUST06148,60,Female,Germany,West,3,55364.1,2,0,0,173709.07,0,0.0,344,0
CUST01606,51,Female,France,North,9,250000.0,3,1,1,44101.22,0,0.0,470,0
CUST07827,45,Male,France,East,0,0.0,1,1,0,174628.91,0,0.0,778,0
CUST05276,49,Male,France,East,5,0.0,2,0,1,125166.04,0,0.0,477,0
CUST09627,24,Male,Germany,East,6,60171.1,1,1,1,70501.28,0,0.0,645,0
CUST06772,31,Male,France,Central,3,0.0,1,1,0,170269.3,0,0.0,414,0
CUST00644,68,Male,Spain,South,2,214867.22,1,1,1,48576.48,0,0.0,414,0
CUST02391,62,Female,Spain,Central,1,20389.05,1,1,1,184294.1,0,0.0,474,0
CUST03413,21,Male,Spain,West,3,78917.42,1,1,1,112251.25,1,97440.25,301,0
CUST07630,61,Female,Spain,Central,4,8665.53,4,1,1,1067.28,0,0.0,773,1
CUST07209,55,Male,France,North,9,104858.92,1,0,0,197110.19,1,18149.61,335,1
CUST03730,44,Male,Germany,Central,2,0.0,1,1,0,104835.28,0,0.0,706,0
CUST00303,28,Male,Spain,East,1,33592.01,1,0,0,90295.53,0,0.0,817,0
CUST02150,73,Male,France,East,1,204857.62,1,1,0,151921.46,0,0.0,474,1
CUST03589,54,Female,France,West,0,0.0,3,1,0,75664.95,1,97093.1,624,1
CUST08563,58,Male,Germany,East,6,156577.06,2,1,0,128890.7,1,73006.0,788,0
CUST01906,73,Female,France,South,6,39435.74,1,0,1,71555.95,0,0.0,492,0
CUST02550,27,Male,Spain,South,5,25025.86,3,1,1,143541.77,0,0.0,694,0
CUST01560,31,Male,France,South,2,32178.01,2,1,0,136526.91,0,0.0,795,0
CUST03043,48,Female,France,West,7,90777.89,2,1,1,19855.17,0,0.0,703,0
CUST08294,53,Male,France,East,5,110750.85,2,1,1,60410.01,1,78827.46,592,0
CUST04293,59,Female,France,South,3,136913.88,2,1,1,61269.25,0,0.0,468,0
CUST06721,71,Male,Spain,Central,0,0.0,1,1,0,188446.67,0,0.0,556,0
CUST02343,54,Female,France,Central,3,21556.61,3,1,0,160395.37,0,0.0,673,0
CUST05878,47,Male,France,South,6,0.0,1,1,1,32404.76,0,0.0,825,0
CUST08734,36,Male,France,North,6,26073.6,1,1,1,4362.44,0,0.0,819,0
CUST09248,21,Male,France,South,7,134191.27,2,1,0,149887.14,1,5065.49,340,0
CUST02966,31,Female,France,East,6,147626.27,1,1,0,73051.0,1,12962.24,574,1
CUST09180,26,Female,Spain,West,8,89714.31,4,0,0,194926.93,0,0.0,420,0
CUST04992,56,Female,Spain,North,2,0.0,3,1,0,155310.7,1,75928.68,617,1
CUST03134,38,Male,Germany,East,1,0.0,3,1,1,118091.93,1,41277.18,656,0
CUST07913,62,Male,Spain,South,9,29459.87,1,0,0,160889.69,0,0.0,740,0
CUST02123,51,Male,Spain,Central,4,0.0,3,0,0,159344.04,1,97352.05,503,0
CUST06928,39,Female,Germany,North,10,105150.96,2,0,0,162224.56,0,0.0,372,0
CUST00995,34,Female,France,North,1,697.22,1,1,0,109964.26,0,0.0,346,1
CUST03150,57,Male,France,West,2,0.0,1,1,1,68748.6,0,0.0,753,0
CUST08009,62,Male,Germany,East,1,60232.01,1,1,1,73465.6,0,0.0,833,0
CUST03113,52,Female,France,West,2,17015.38,2,1,0,134584.67,0,0.0,802,0
CUST02967,23,Male,France,North,8,6901.85,2,0,0,26395.26,0,0.0,607,0
CUST03516,52,Female,Spain,West,8,15740.69,1,1,1,106022.55,1,80929.53,373,0
CUST08436,35,Male,Spain,Central,0,7197.96,1,1,0,97194.38,0,0.0,650,0
CUST03119,70,Male,Germany,West,8,87675.76,2,1,1,7877.74,0,0.0,804,1
CUST05817,71,Female,Spain,South,5,0.0,2,0,0,184677.26,1,43526.79,343,0
CUST01338,55,Male,Germany,East,4,100217.14,1,1,0,23114.72,1,20477.95,631,1
CUST01923,63,Male,Spain,South,7,47650.86,1,1,1,173221.77,1,10305.45,375,0
CUST00528,43,Male,Spain,South,4,8843.42,3,1,1,128631.31,0,0.0,594,1
CUST04876,25,Female,Germany,West,4,33604.78,2,0,1,68389.06,1,58433.4,,0
CUST00754,36,Female,Germany,North,3,4555.26,2,1,1,76874.15,1,74175.33,441,0
CUST03918,26,Female,France,West,0,194867.86,1,0,0,46844.12,0,0.0,417,0
CUST07289,39,Male,France,North,8,0.0,2,0,0,179523.29,0,0.0,737,0
CUST05024,20,Female,France,North,4,0.0,3,1,0,75493.43,0,0.0,847,1
CUST07483,73,Male,France,Central,6,85979.68,3,0,0,167587.76,0,0.0,329,0
CUST09169,48,Female,France,North,0,23896.67,1,1,0,179874.41,0,0.0,718,0
CUST01275,42,Female,France,East,7,0.0,2,0,1,58721.1,0,0.0,330,0
CUST04695,61,Male,Spain,West,1,97869.01,3,1,1,133518.04,1,20949.06,488,0
CUST09717,69,Female,France,South,9,24666.42,1,1,1,3822.47,0,0.0,727,0
CUST06952,64,Male,Spain,Central,1,0.0,1,0,1,,0,0.0,760,0
CUST01080,31,Male,France,South,1,0.0,2,0,1,46731.55,0,0.0,489,0
CUST03538,39,Female,France,South,9,0.0,2,1,1,90453.17,1,48842.64,686,0
CUST02341,36,Male,France,North,8,115511.06,1,1,1,84402.48,0,0.0,451,1
CUST06254,57,Male,Spain,Central,7,23287.56,1,1,1,15270.9,0,0.0,472,0
CUST08000,70,Male,Germany,South,3,0.0,1,0,0,18509.44,0,0.0,441,0
CUST00037,33,Male,France,South,3,76672.86,1,0,1,69707.26,0,0.0,373,0
CUST07726,22,Male,Germany,North,6,,1,0,1,63377.96,1,5952.81,814,1
CUST06544,57,Male,France,Central,5,0.0,1,0,0,,1,33799.81,550,0
CUST02331,46,Female,France,West,9,0.0,3,1,0,151561.01,0,0.0,607,1
CUST03393,71,Male,Germany,West,4,,2,1,0,170795.2,0,0.0,481,0
CUST00944,20,Female,France,North,6,0.0,1,0,1,195786.92,0,0.0,679,0
CUST09466,40,Female,Spain,East,2,0.0,3,0,1,129615.08,1,86056.62,421,1
CUST02313,59,Male,Spain,Central,5,149699.11,2,1,0,15434.14,0,0.0,627,1
CUST08414,30,Male,Germany,West,6,20321.65,1,1,0,163409.71,1,81422.8,721,0
CUST04887,69,Female,France,North,5,122050.52,2,0,1,28444.55,0,0.0,642,0
CUST07015,56,Male,France,South,6,44064.79,1,1,0,177036.71,0,0.0,327,0
CUST06089,72,Female,Germany,North,6,31680.86,2,1,1,31605.32,1,11963.38,587,0
CUST07137,74,Male,Germany,West,5,8875.62,1,0,1,27193.44,1,85190.01,603,1
CUST01962,51,Male,Germany,North,5,121938.27,1,0,0,76594.07,1,42756.62,629,0
CUST07789,73,Male,France,North,2,0.0,1,1,1,140875.61,1,76469.51,301,0
CUST08121,38,Male,France,Central,1,133160.07,1,1,0,199223.92,0,0.0,517,0
CUST09415,48,Male,Germany,South,2,41723.03,1,1,1,148214.64,1,41266.3,314,0
CUST08420,54,Female,France,South,1,19471.95,2,1,0,191310.62,1,11659.02,394,1
CUST05692,74,Female,Germany,East,4,144725.9,2,0,1,12158.74,0,0.0,443,0
CUST01721,51,Female,Spain,Central,10,62295.0,1,1,1,154055.44,1,70852.94,640,0
CUST08795,43,Male,France,West,5,16644.89,2,0,1,166565.08,1,82376.09,613,0
CUST00790,30,Female,Spain,East,4,166065.36,3,0,1,119939.84,1,38803.71,710,0
CUST01768,71,Male,France,West,10,0.0,1,0,1,164651.3,1,88722.3,613,0
CUST04592,72,Male,France,North,8,0.0,2,1,1,13742.8,0,0.0,467,0
CUST07504,42,Male,France,South,4,0.0,1,1,0,37038.95,1,15400.94,333,0
CUST06321,32,Male,France,East,3,15982.28,1,1,0,67108.33,0,0.0,668,0
CUST00502,61,Female,Germany,Central,6,84379.06,1,0,1,6532.51,1,31491.45,306,0
CUST02984,35,Female,France,North,4,0.0,1,1,0,87088.01,1,83661.76,637,0
CUST07805,23,Male,France,West,4,165115.54,1,1,1,78671.62,0,0.0,381,0
CUST07185,21,Male,France,East,2,77974.73,1,1,0,148694.62,1,92825.33,323,0
CUST04401,53,Female,Spain,West,5,96881.7,1,0,1,48199.44,0,0.0,542,0
CUST05365,39,Male,France,East,8,97455.25,1,0,0,31972.67,1,80358.0,621,0
CUST08542,61,Female,Germany,North,5,0.0,1,1,0,185858.14,1,27357.46,791,0
CUST01349,25,Male,France,East,8,0.0,3,1,1,91984.54,1,11576.86,683,0
CUST01685,18,Male,France,North,4,0.0,2,0,1,48392.34,0,0.0,706,0
CUST07450,73,Female,Germany,West,8,70391.39,1,1,1,88106.92,1,77855.95,420,1
CUST03659,37,Male,Spain,West,0,0.0,2,1,0,171072.5,1,97131.68,338,0
CUST02239,39,Male,France,East,3,15538.99,1,1,0,188794.02,0,0.0,605,0
CUST00858,70,Female,Spain,West,9,0.0,3,1,0,123056.77,0,0.0,621,1
CUST08504,73,Female,France,East,5,60881.05,2,1,1,166853.74,0,0.0,440,0
CUST07259,44,Female,France,North,0,43549.04,2,0,1,71514.75,1,43326.47,742,0
CUST05352,50,Female,Spain,West,9,250000.0,2,1,0,44550.14,0,0.0,653,0
CUST00016,57,Male,France,South,10,99821.95,2,0,1,140065.37,0,0.0,567,0
CUST06895,46,Female,Spain,East,3,41012.39,2,1,0,40761.31,0,0.0,567,0
CUST00109,32,Male,Germany,East,8,0.0,1,1,1,117389.41,0,0.0,684,0
CUST03930,34,Female,Spain,West,2,,1,0,0,36058.98,1,18342.13,348,1
CUST02669,60,Female,Germany,North,2,83566.05,1,0,0,20798.97,0,0.0,821,0
CUST07240,29,Female,France,West,10,0.0,1,0,1,97476.39,1,11816.13,530,0
CUST09653,27,Female,France,East,6,10417.77,1,1,0,121823.3,1,69511.54,611,1
CUST08780,71,Female,France,West,1,21668.57,1,0,1,162389.99,1,37459.02,527,0
CUST01031,68,Female,France,North,10,250000.0,1,1,0,26631.45,0,0.0,334,0
CUST06198,40,Female,France,North,5,0.0,1,0,0,70521.55,1,93015.63,821,0
CUST09578,25,Male,France,South,10,11633.45,2,1,1,192376.25,1,59460.66,757,0
CUST04780,18,Male,France,Central,10,0.0,2,1,1,30182.66,1,63282.02,791,0
CUST02027,59,Female,Germany,South,5,23805.14,2,1,1,155332.5,0,0.0,460,0
CUST00167,30,Male,France,South,2,46292.51,1,1,0,69151.96,0,0.0,785,0
CUST00643,51,Female,Germany,North,3,65651.51,1,1,1,60301.18,1,38369.78,845,0
CUST06722,45,Female,Spain,North,4,0.0,1,1,0,123693.12,0,0.0,472,0
CUST06215,47,Female,Germany,South,8,12023.21,1,0,0,170546.99,1,57621.2,728,1
CUST02672,40,Female,France,Central,1,60492.68,2,0,1,110758.0,0,0.0,334,0
CUST04017,29,Female,France,South,7,0.0,2,1,1,144831.38,0,0.0,643,1
CUST05235,53,Female,France,West,6,92694.11,2,1,1,64783.53,1,96100.34,423,0
CUST03069,69,Female,France,South,4,47146.6,1,0,0,119754.3,1,26453.3,629,0
CUST03963,28,Male,Germany,Central,9,0.0,1,1,1,7577.01,1,86866.36,509,0
CUST00532,40,Male,Spain,North,1,0.0,1,0,0,63448.53,0,0.0,413,0
CUST02323,62,Female,France,East,8,0.0,3,1,1,23730.76,0,0.0,413,0
CUST00612,52,Female,Spain,West,3,65524.66,1,1,0,15966.56,1,10684.19,353,0
CUST01789,38,Female,France,Central,5,0.0,2,1,0,33969.87,0,0.0,673,0
CUST08546,62,Male,France,North,3,8962.9,1,1,1,11385.21,1,64709.29,507,0
CUST05870,72,Male,Germany,East,9,24732.59,2,1,1,101491.26,0,0.0,468,0
CUST09467,23,Male,Spain,East,9,851.06,3,1,1,101710.66,1,29356.0,543,0
CUST02554,34,Female,France,South,9,36623.56,2,1,0,60560.26,1,9243.61,571,0
CUST03913,45,Female,France,East,5,84277.63,2,1,1,162182.88,1,17232.11,366,0
CUST07584,34,Male,Germany,Central,6,29302.47,1,1,1,11850.54,0,0.0,552,0
CUST07191,67,Female,Spain,North,1,0.0,1,0,0,126020.07,0,0.0,592,0
CUST01174,37,Male,Germany,South,10,0.0,2,1,0,49318.85,1,74961.83,772,0
CUST00373,24,Male,Spain,Central,1,21176.32,1,1,0,80669.19,0,0.0,748,0
CUST01729,34,Female,France,Central,7,16581.41,2,0,0,144330.84,0,0.0,564,0
CUST03235,29,Male,Germany,West,6,,1,1,0,167245.09,0,0.0,579,0
CUST03598,66,Male,Germany,Central,3,59022.02,3,0,0,59447.58,1,52768.65,687,1
CUST05194,74,Male,Spain,North,0,67040.55,1,1,0,42422.72,1,60317.68,707,0
CUST01403,71,Female,France,East,9,63240.22,2,0,1,64999.17,0,0.0,604,0
CUST06548,34,Female,France,West,6,41500.55,1,1,0,69205.7,0,0.0,450,1
CUST03696,60,Male,France,North,3,117485.79,2,0,1,164054.09,1,88191.44,322,0
CUST00788,18,Female,France,Central,8,25367.59,1,1,1,180012.51,1,75182.94,753,0
CUST09263,56,Male,France,South,5,197505.4,3,0,0,93436.45,0,0.0,476,1
CUST04442,30,Female,France,West,10,13469.6,3,1,1,137240.65,1,89197.63,302,0
CUST09706,53,Male,Spain,South,8,19511.46,1,1,1,106870.1,1,11495.39,695,0
CUST04210,51,Female,Germany,South,5,104952.98,1,1,1,69713.86,1,43008.49,408,0
CUST08612,40,Male,Germany,South,5,96861.75,2,1,1,131840.17,0,0.0,608,0
CUST01543,41,Female,France,South,10,0.0,2,1,1,27639.74,1,88379.86,622,0
CUST03721,37,Female,France,South,4,0.0,1,0,1,143671.59,0,0.0,709,1
CUST00426,38,Female,France,South,3,177046.02,1,1,0,50412.44,1,71715.71,805,0
CUST06431,67,Female,Spain,West,8,13194.16,1,0,0,79265.25,0,0.0,743,0
CUST02267,30,Male,France,Central,1,0.0,2,0,0,13140.03,1,43098.99,516,0
CUST04096,62,Female,Spain,North,5,,2,1,1,65138.57,0,0.0,406,1
CUST09926,22,Female,France,South,9,0.0,1,1,0,142823.19,1,91379.17,347,1
CUST09008,45,Female,Spain,East,10,0.0,1,1,1,40569.29,1,62834.99,806,1
CUST08079,37,Male,France,West,1,5960.97,1,1,0,171775.11,0,0.0,457,0
CUST06705,22,Female,Spain,West,4,0.0,2,0,1,49538.47,1,6949.05,356,0
CUST02049,19,Male,Spain,North,0,88395.71,4,1,1,115234.25,1,10124.63,820,0
CUST07803,40,Female,Germany,South,1,47061.51,2,0,0,128451.61,0,0.0,762,0
CUST02686,30,Female,France,East,10,5287.3,2,1,0,122752.93,0,0.0,755,1
CUST06678,44,Male,France,Central,5,8166.67,2,1,0,91922.69,0,0.0,457,0
CUST09984,43,Female,France,East,9,,2,1,0,1010.7,0,0.0,507,0
CUST01638,43,Female,France,East,7,38665.82,1,1,0,122990.86,1,95977.76,650,0
CUST00122,34,Female,Spain,North,2,54356.4,4,1,1,53598.92,1,9260.8,549,0
CUST07686,61,Male,Spain,North,9,0.0,3,1,0,139812.39,0,0.0,728,1
CUST03300,45,Female,Germany,West,5,48186.97,1,1,1,34241.74,1,58521.02,643,1
CUST05635,67,Female,France,North,1,0.0,2,1,0,103832.69,1,98937.47,758,1
CUST07797,63,Male,France,South,1,0.0,1,1,1,101439.61,1,27505.26,637,0
CUST03688,69,Female,France,North,6,250000.0,2,1,1,136202.6,0,0.0,689,0
CUST03738,72,Female,France,Central,4,2721.89,2,0,0,114834.09,1,82321.74,820,0
CUST00866,52,Male,France,East,4,40040.21,2,1,1,100520.57,1,36430.36,672,0
CUST00533,26,Male,France,Central,10,250000.0,2,1,1,159123.78,1,31528.57,339,0
CUST05090,68,Female,Spain,West,7,81073.38,3,1,0,11940.83,0,0.0,442,1
CUST03500,68,Female,France,South,2,17194.81,1,0,0,80860.5,0,0.0,462,0
CUST05027,62,Male,Spain,East,4,0.0,2,0,1,150266.0,0,0.0,756,0
CUST01014,48,Male,Spain,Central,4,0.0,1,1,1,79836.28,1,73800.24,771,0
CUST04032,23,Female,France,South,3,72802.02,1,1,0,190003.64,0,0.0,501,0
CUST04152,68,Male,Germany,Central,4,52086.89,1,1,0,24898.02,0,0.0,605,0
CUST09571,24,Female,France,East,10,0.0,2,1,0,161598.58,0,0.0,705,1
CUST08393,21,Male,France,South,7,7465.45,2,1,1,41416.55,1,93379.99,657,0
CUST03626,51,Male,Spain,Central,7,0.0,1,0,1,9861.64,0,0.0,795,0
CUST09352,31,Female,Spain,South,9,41253.55,3,1,0,34625.26,1,82804.97,717,0
CUST03577,37,Female,Spain,West,4,0.0,1,1,1,102150.77,0,0.0,605,1
CUST04069,38,Female,Spain,Central,3,0.0,1,1,1,154039.94,1,82797.08,810,0
CUST03714,64,Male,Germany,South,1,89634.82,1,1,1,195045.8,1,64840.1,386,1
CUST08151,37,Female,Spain,South,5,0.0,1,1,0,2140.18,0,0.0,415,0
CUST03298,42,Female,Germany,West,3,195530.15,2,1,1,87017.33,1,57063.58,782,0
CUST09013,65,Female,France,West,4,56367.37,1,1,0,42945.05,1,59370.67,758,0
CUST00911,55,Female,France,Central,6,88073.95,1,1,0,74023.78,0,0.0,721,0
CUST08062,32,Female,France,Central,9,0.0,2,1,0,23713.23,0,0.0,518,0
CUST09585,47,Female,Spain,East,8,44732.0,3,1,0,28077.34,0,0.0,695,1
CUST06408,38,Female,Germany,South,10,51977.95,1,0,1,162732.35,1,57472.47,329,0
CUST00571,22,Female,France,South,5,66919.95,1,0,1,130252.58,1,28656.64,367,0
CUST09046,68,Female,France,West,7,92199.42,2,1,1,80216.54,1,26787.17,669,0
CUST07290,31,Male,Germany,East,10,0.0,2,1,1,185044.6,1,69375.73,536,0
CUST01695,28,Male,Spain,South,7,33727.91,1,0,0,194957.04,0,0.0,754,0
CUST08578,30,Male,France,South,5,1650.47,2,0,0,124831.93,0,0.0,511,0
CUST04823,28,Male,France,West,4,38066.66,4,0,1,91387.07,0,0.0,788,0
CUST00222,50,Male,Germany,North,1,0.0,4,0,0,66784.11,1,22145.77,545,1
CUST03719,35,Female,Germany,South,7,36000.43,1,1,1,131918.67,0,0.0,603,0
CUST06381,20,Female,Spain,East,7,6121.59,2,0,1,8569.63,0,0.0,504,0
CUST05747,60,Male,Spain,West,1,0.0,2,0,0,136707.98,1,72102.78,354,0
CUST04189,66,Female,Germany,East,8,160720.6,3,1,1,97080.13,0,0.0,656,0
CUST07026,63,Female,Spain,North,4,23433.93,1,0,0,53073.93,0,0.0,641,0
CUST07381,41,Male,France,South,2,82117.83,3,1,1,103159.6,0,0.0,616,0
CUST05227,42,Female,France,South,3,95712.95,2,0,0,89007.5,1,99549.09,448,0
CUST00575,43,Male,Germany,East,9,165982.64,2,1,0,177355.16,1,59917.52,651,0
CUST01757,64,Female,France,Central,3,11422.55,3,0,1,148833.41,0,0.0,773,0
CUST04630,26,Male,Spain,Central,10,0.0,2,0,1,116359.74,1,74660.52,811,0
CUST05496,49,Female,France,South,9,0.0,1,1,1,160543.32,0,0.0,442,0
CUST04764,52,Female,France,North,1,250000.0,1,1,1,28136.36,0,0.0,399,0
CUST05691,47,Male,Spain,East,3,1489.24,2,0,1,192285.97,0,0.0,838,0
CUST06815,34,Female,Germany,East,0,0.0,2,1,1,132430.1,1,57401.15,524,0
CUST02683,32,Male,France,North,3,17497.94,1,1,1,80771.34,0,0.0,393,0
CUST09007,73,Female,France,Central,2,2340.95,3,1,1,119276.16,0,0.0,782,0
CUST03667,57,Male,France,Central,5,236901.24,2,1,0,129574.32,0,0.0,789,0
CUST06345,65,Female,Spain,North,5,42095.91,1,1,0,104071.95,1,20762.0,513,1
CUST02833,25,Male,Germany,West,7,0.0,1,1,1,93540.95,0,0.0,428,0
CUST05517,44,Female,Germany,East,7,157634.33,2,1,1,32468.2,0,0.0,491,0
CUST08764,25,Female,France,Central,6,0.0,2,0,1,69955.47,0,0.0,462,0
CUST08634,34,Female,France,West,2,0.0,1,1,0,17125.8,0,0.0,538,0
CUST04523,72,Female,Germany,Central,10,90935.03,1,0,0,177848.91,0,0.0,533,0
CUST04526,33,Male,France,North,5,0.0,2,1,0,181950.63,0,0.0,324,1
CUST08392,41,Male,France,West,8,175666.78,1,1,1,193159.2,1,68366.53,432,0
CUST09671,36,Male,France,Central,10,56631.05,2,1,0,67267.07,1,65425.37,767,0
CUST09297,68,Female,Germany,South,8,0.0,1,1,1,134103.82,1,13333.51,599,0
CUST04679,29,Female,Germany,Central,9,46878.93,1,1,1,126423.93,1,12575.66,401,0
CUST06351,42,Male,Spain,South,4,25343.73,2,0,1,52736.03,0,0.0,558,1
CUST08558,54,Female,France,South,2,12107.6,1,1,1,156655.85,0,0.0,683,0
CUST00904,72,Female,France,West,6,93431.72,1,1,0,67580.13,1,47097.92,744,0
CUST01236,28,Male,Spain,South,5,101341.12,3,1,0,55999.13,0,0.0,460,0
CUST00901,18,Female,France,East,8,0.0,1,1,0,118805.82,1,71398.13,369,0
CUST09407,73,Female,France,East,4,73397.1,1,1,1,132527.78,0,0.0,418,0
CUST08186,69,Male,Germany,North,4,91623.42,2,0,1,52570.53,0,0.0,810,0
CUST03997,36,Male,France,South,6,52809.1,4,0,0,109578.98,0,0.0,540,0
CUST01787,40,Female,France,West,9,21703.45,2,1,1,153994.35,1,7198.38,421,0
CUST06127,18,Male,Spain,North,6,201458.29,3,1,0,130887.89,0,0.0,583,0
CUST06330,37,Female,Spain,Central,3,0.0,1,1,0,19342.68,0,0.0,466,0
CUST03422,21,Female,France,South,6,17801.98,2,1,0,63124.37,1,72998.79,411,0
CUST00734,64,Male,France,East,9,149517.68,2,1,1,155143.33,0,0.0,327,0
CUST06387,49,Male,France,West,7,261.86,2,1,0,127646.36,0,0.0,724,0
CUST06967,74,Male,France,West,7,32921.23,3,1,0,92255.88,0,0.0,666,0
CUST08281,69,Female,France,North,3,68835.35,1,0,0,40573.01,0,0.0,429,0
CUST06620,20,Female,France,West,1,107753.73,2,1,0,36016.72,1,75901.63,428,0
CUST07443,43,Male,France,West,8,48975.0,1,1,0,80962.15,0,0.0,342,1
CUST07183,59,Female,France,North,9,30629.06,2,1,1,197748.7,1,19080.14,387,0
CUST01785,24,Female,Germany,East,10,25304.46,1,1,1,66932.58,0,0.0,814,0
CUST00652,46,Male,France,Central,5,62428.49,1,1,1,119415.52,1,79241.51,373,0
CUST05682,71,Female,Germany,West,1,19081.4,2,1,1,132385.18,1,82860.27,397,0
CUST05844,64,Male,France,Central,6,0.0,1,1,1,190671.07,0,0.0,376,0
CUST04872,36,Male,France,South,5,46622.03,1,1,1,20504.88,0,0.0,343,0
CUST05980,49,Male,Germany,Central,7,75569.28,2,1,1,30003.34,1,67327.22,350,0
CUST06462,60,Male,France,Central,1,21868.19,2,1,1,50760.37,1,79324.99,723,0
CUST07653,54,Female,France,South,10,0.0,3,1,1,111376.33,0,0.0,471,0
CUST09927,63,Female,Germany,Central,1,0.0,1,1,0,95069.34,1,58786.63,724,1
CUST04616,67,Female,Germany,East,8,142257.41,1,1,1,7945.37,0,0.0,520,1
CUST06445,42,Male,France,West,5,44192.76,1,1,1,,0,0.0,675,0
CUST00569,63,Male,France,South,8,94379.45,1,1,0,42014.9,1,55061.86,362,0
CUST09545,18,Female,France,South,10,0.0,3,1,1,64633.02,0,0.0,628,1
CUST04723,25,Female,France,Central,7,0.0,2,1,1,52404.68,1,25032.92,668,1
CUST04225,53,Female,Germany,West,1,59549.66,2,1,0,55921.31,1,80529.77,575,0
CUST09284,24,Female,France,North,8,165626.09,2,1,0,177946.74,1,39951.42,499,0
CUST09500,53,Male,France,West,3,38407.01,1,0,1,192289.46,1,32558.47,538,0
CUST08831,26,Male,France,North,2,13430.71,1,0,1,14761.27,1,94772.41,564,0
CUST04353,39,Female,Germany,South,3,0.0,3,0,1,72483.37,1,73355.43,414,0
CUST08834,30,Male,Spain,Central,8,0.0,1,1,1,162982.2,1,81920.02,544,0
CUST03017,49,Male,France,North,6,12158.48,1,1,0,134577.72,0,0.0,782,0
CUST08535,34,Female,Germany,North,5,192937.43,2,1,0,77571.3,1,62925.2,352,0
CUST09099,29,Female,Spain,East,4,22745.24,1,1,0,159477.38,0,0.0,799,0
CUST01466,60,Male,France,South,8,137598.89,3,1,1,25943.13,1,57563.64,434,1
CUST09188,52,Male,France,North,2,0.0,1,0,1,155534.1,1,15823.6,657,0
CUST03778,37,Female,Germany,West,2,981.04,1,1,0,80297.28,1,34516.05,391,0
CUST08148,35,Female,Spain,South,3,23245.6,1,0,1,101869.4,0,0.0,,0
CUST04750,64,Male,Germany,West,2,13432.49,3,1,1,134697.64,0,0.0,698,0
CUST00992,73,Male,France,Central,3,11558.03,1,0,0,158051.36,0,0.0,774,1
CUST05548,67,Male,Spain,North,7,0.0,2,0,1,170043.39,0,0.0,407,1
CUST01027,44,Male,Spain,East,8,11445.72,1,0,1,172009.51,1,19906.5,412,0
CUST09261,59,Female,Spain,West,10,0.0,2,0,0,144825.78,0,0.0,842,1
CUST01697,66,Female,France,East,1,,2,1,0,113127.54,0,0.0,367,1
CUST06093,68,Male,Germany,West,0,0.0,1,1,0,136618.39,1,12207.85,563,0
CUST04060,66,Male,Spain,East,4,144360.28,2,1,1,74166.58,1,49369.86,590,0
CUST08502,39,Female,France,East,1,0.0,1,1,0,87921.83,0,0.0,618,0
CUST03773,42,Female,France,West,9,214266.28,1,0,0,164919.79,0,0.0,510,0
CUST03802,39,Male,France,North,0,26058.29,1,1,0,17268.46,1,39940.51,347,0
CUST09393,34,Male,France,North,10,8129.75,2,1,0,179299.65,0,0.0,365,0
CUST04760,34,Male,France,East,9,50010.25,3,1,1,51779.64,1,35934.48,531,0
CUST03867,53,Female,Germany,South,7,30610.38,1,1,0,188337.79,0,0.0,644,1
CUST01534,49,Male,Germany,South,4,0.0,2,1,0,185475.81,0,0.0,577,1
CUST00813,36,Male,France,South,8,84422.38,1,1,1,17365.89,0,0.0,529,1
CUST08755,29,Male,Spain,Central,9,0.0,2,1,1,159866.03,0,0.0,765,1
CUST08146,20,Female,Germany,South,5,46568.42,1,0,0,34289.03,0,0.0,509,0
CUST01233,26,Male,France,West,9,123169.79,1,0,0,68298.13,0,0.0,795,0
CUST04668,28,Male,France,West,7,0.0,2,1,0,22971.36,1,81186.27,359,0
CUST07111,49,Male,Germany,North,8,133884.19,4,0,1,93910.31,0,0.0,616,0
CUST04513,62,Male,France,South,2,43919.11,1,1,1,166581.06,0,0.0,834,0
CUST07736,20,Female,France,Central,6,128531.99,2,1,0,138160.95,0,0.0,808,0
CUST09937,32,Female,France,South,7,101297.54,1,1,1,5968.13,1,27330.83,565,0
CUST01195,22,Male,Germany,East,1,73814.21,3,1,1,48534.17,1,77370.63,425,0
CUST06056,41,Female,France,Central,10,3127.55,2,0,0,9763.78,1,72959.66,458,1
CUST00063,64,Female,Spain,East,4,0.0,1,1,1,27760.13,1,32226.63,542,1
CUST02067,62,Female,France,North,10,13290.89,2,1,1,46799.02,0,0.0,848,0
CUST09172,42,Female,Spain,West,6,92225.63,1,1,0,26992.56,1,29338.07,447,0
CUST09705,34,Male,Spain,West,1,51385.51,2,1,1,114295.79,1,74481.44,364,0
CUST06798,67,Male,Spain,South,6,71176.0,2,0,0,194148.69,1,8852.32,593,1
CUST06750,34,Female,Spain,East,9,124892.6,2,1,1,89254.78,0,0.0,746,0
CUST01946,67,Female,Spain,East,10,0.0,3,1,1,68896.36,0,0.0,645,0
CUST06266,30,Male,France,East,3,55922.21,1,1,0,125726.52,1,45306.4,544,0
CUST00432,42,Female,France,North,7,36510.89,2,1,1,114292.48,0,0.0,446,0
CUST01725,70,Male,France,North,6,7711.29,3,1,1,42678.53,0,0.0,713,0
CUST03136,30,Female,Germany,South,8,58939.78,1,1,0,165711.31,1,22762.93,527,1
CUST03616,34,Male,Spain,South,3,9609.77,2,1,1,103358.03,0,0.0,475,0
CUST02763,67,Male,Spain,South,9,58445.36,1,1,1,105447.71,1,52208.87,708,0
CUST00447,59,Male,France,North,6,137055.78,2,0,1,194900.97,0,0.0,546,0
CUST09502,62,Female,France,South,6,12979.23,1,1,1,139358.83,1,21800.03,627,0
CUST02925,50,Female,Germany,South,5,0.0,1,1,1,123383.65,0,0.0,452,0
CUST05667,66,Male,France,South,6,28840.96,2,0,0,148744.19,0,0.0,697,1
CUST02311,20,Female,France,East,3,73801.52,1,0,1,44668.37,0,0.0,396,1
CUST05265,65,Female,France,South,6,0.0,2,0,1,75498.82,1,47960.65,676,0
CUST00126,50,Female,Spain,East,1,0.0,1,1,0,51149.25,1,66770.93,784,1
CUST02074,27,Male,France,Central,2,157354.91,2,1,0,109496.33,1,93909.19,301,0
CUST04249,48,Male,France,Central,6,142783.89,3,0,0,100089.61,1,26685.22,414,0
CUST02084,21,Male,Germany,South,0,77830.78,4,1,0,119604.45,0,0.0,362,0
CUST09069,21,Male,Germany,South,6,72391.49,1,1,0,148683.36,1,26265.12,410,0
CUST07431,70,Male,France,North,3,0.0,3,1,0,54639.97,1,85927.34,578,1
CUST04305,69,Female,France,Central,2,115100.93,1,1,1,46494.85,0,0.0,511,0
CUST00508,62,Male,Germany,North,0,0.0,1,1,0,135767.57,0,0.0,583,1
CUST00161,44,Male,France,South,8,0.0,3,1,0,87282.72,0,0.0,822,0
CUST07307,22,Male,France,East,2,0.0,1,1,0,190753.89,1,91333.94,336,1
CUST05964,62,Male,Spain,West,7,131405.47,2,0,1,41086.43,1,75258.79,312,0
CUST06571,53,Female,France,West,0,55788.38,1,1,1,143182.39,0,0.0,819,0
CUST03881,44,Male,Germany,South,10,17704.49,2,1,0,154953.58,0,0.0,582,0
CUST01497,62,Male,Germany,Central,5,19263.23,2,1,0,146221.87,0,0.0,357,0
CUST04809,74,Female,France,East,7,35143.57,2,1,1,29457.86,0,0.0,363,1
CUST08194,27,Male,Germany,North,1,0.0,1,1,1,24780.8,1,19374.23,834,0
CUST03914,37,Male,Spain,West,1,0.0,1,1,0,140564.68,1,84772.87,800,0
CUST09396,48,Female,Germany,Central,2,86011.89,2,1,0,133627.57,0,0.0,652,0
CUST05462,36,Female,France,East,2,86499.16,1,0,0,161701.68,1,21319.82,416,0
CUST06747,59,Male,Germany,North,9,56863.05,3,1,1,52810.38,0,0.0,582,0
CUST03957,46,Male,France,North,3,0.0,2,1,0,93929.6,0,0.0,608,0
CUST04546,56,Female,France,South,4,0.0,1,1,0,158708.77,1,59436.42,770,1
CUST06065,52,Female,Spain,South,5,0.0,1,1,1,47553.17,1,58725.76,336,0
CUST03544,31,Male,France,East,3,171614.38,1,1,0,180215.09,0,0.0,712,1
CUST07940,32,Female,Germany,East,1,57798.61,4,0,0,58413.59,1,63288.81,564,0
CUST04925,48,Female,Spain,West,6,20154.48,1,1,1,63846.12,0,0.0,803,0
CUST06152,71,Male,Germany,East,0,50340.86,2,1,1,74280.09,0,0.0,332,0
CUST08521,44,Female,France,West,0,67818.43,2,1,0,52622.19,1,46377.54,354,0
CUST01763,48,Female,Germany,North,9,0.0,1,1,0,57764.04,1,9409.6,661,1
CUST03200,60,Female,France,West,1,250000.0,3,0,0,136715.18,0,0.0,586,1
CUST05314,27,Female,France,East,3,0.0,2,0,0,30817.04,0,0.0,398,0
CUST02079,32,Female,Germany,West,5,0.0,1,1,1,58244.59,1,99002.63,520,0
CUST02809,71,Female,Spain,Central,8,1046.78,1,1,0,57738.36,0,0.0,788,0
CUST01047,51,Female,France,South,9,20165.04,1,1,0,89323.7,0,0.0,540,0
CUST01090,64,Female,Germany,North,6,99559.22,1,0,0,193082.33,0,0.0,646,0
CUST04720,51,Female,Spain,Central,7,0.0,1,1,1,60274.03,1,48951.63,665,0
CUST05015,72,Female,Germany,North,0,0.0,1,1,1,137407.89,0,0.0,577,0
CUST03406,21,Male,Germany,South,5,34113.87,2,1,1,177234.62,1,40884.83,777,1
CUST00209,74,Male,France,North,10,0.0,2,1,1,197863.38,0,0.0,433,0
CUST02349,27,Female,France,West,9,9254.4,2,1,0,15997.44,1,52276.11,615,0
CUST00896,30,Male,Germany,West,7,0.0,1,1,0,165993.12,1,30930.14,700,0
CUST01973,29,Male,France,Central,1,0.0,1,0,1,43697.43,0,0.0,590,1
CUST09913,27,Male,France,East,0,133233.35,1,0,1,163280.77,0,0.0,495,0
CUST09758,59,Male,Germany,South,7,97295.02,2,1,0,20991.35,1,65312.42,651,0
CUST02064,48,Male,France,West,7,18628.94,3,0,0,100869.98,0,0.0,416,1
CUST00798,70,Female,Germany,West,5,88152.86,1,1,1,43955.52,1,29825.21,309,0
CUST07235,51,Male,Spain,Central,9,142848.56,1,1,0,39296.76,1,32956.43,600,1
CUST05505,71,Male,France,East,5,49173.29,1,0,0,36253.33,0,0.0,684,1
CUST01353,21,Female,Germany,South,5,20910.15,3,1,0,44923.2,0,0.0,347,0
CUST07238,42,Female,France,North,7,250000.0,1,0,0,196206.02,0,0.0,780,0
CUST09152,40,Male,Germany,West,9,0.0,4,1,0,167001.56,0,0.0,590,1
CUST08463,44,Male,Spain,West,9,19717.45,2,0,1,147635.43,1,11946.37,801,0
CUST08747,20,Female,France,South,9,250000.0,2,1,0,50056.65,1,92415.3,722,0
CUST08880,32,Female,Germany,South,1,5611.06,1,0,0,193682.65,1,17677.63,403,0
CUST01942,37,Female,Spain,North,3,21552.13,2,1,0,79109.24,1,82836.61,666,0
CUST06644,18,Female,France,Central,10,,1,1,1,120661.2,0,0.0,835,0
CUST04150,27,Male,Germany,East,5,168088.03,2,1,1,120427.1,0,0.0,783,0
CUST08944,28,Male,France,North,10,33868.95,1,0,0,135782.45,0,0.0,614,0
CUST09487,64,Male,Germany,East,7,250000.0,2,1,1,126958.36,0,0.0,570,0
CUST09157,62,Female,France,West,1,12125.26,2,1,0,174050.59,0,0.0,720,1
CUST08830,59,Female,France,North,0,0.0,2,0,1,103800.52,0,0.0,705,0
CUST05236,34,Female,France,Central,6,248228.42,1,1,0,195284.05,0,0.0,476,0
CUST06429,41,Male,Spain,North,1,0.0,3,1,1,191483.18,1,18457.11,548,1
CUST05757,59,Female,Germany,North,8,27251.84,2,1,0,108375.18,0,0.0,734,0
CUST05043,20,Male,Spain,South,6,58878.94,1,1,1,166785.26,0,0.0,399,0
CUST07973,30,Male,France,East,0,11734.16,1,1,0,76620.14,0,0.0,821,1
CUST01343,62,Male,France,Central,9,0.0,1,1,0,170695.03,1,69894.0,339,0
CUST06375,73,Male,France,East,2,225218.18,1,1,0,17718.02,0,0.0,405,0
CUST05480,18,Female,Spain,North,1,3620.08,2,0,1,37874.2,0,0.0,515,0
CUST02422,19,Female,France,North,1,86121.52,3,0,1,89690.75,1,97240.81,830,0
CUST06459,47,Male,Germany,North,7,0.0,1,0,1,197838.88,1,83607.8,405,0
CUST01160,41,Male,France,Central,7,221716.57,1,0,0,45222.7,0,0.0,539,0
CUST07497,54,Female,France,West,8,132543.46,3,1,0,86127.23,0,0.0,819,0
CUST08593,72,Female,France,West,1,2936.96,1,1,1,146568.27,0,0.0,808,1
CUST03397,55,Female,France,Central,9,158930.13,2,1,1,163444.84,1,46187.07,563,0
CUST05234,68,Female,France,South,10,98756.46,1,1,0,102893.55,1,35411.22,455,0
CUST04747,27,Male,France,South,7,0.0,1,1,1,176660.6,0,0.0,791,0
CUST08539,61,Female,France,Central,6,53997.01,1,1,0,32544.24,0,0.0,690,0
CUST02799,30,Male,France,Central,4,6910.06,1,0,1,31945.12,1,52029.98,530,0
CUST01435,74,Female,Germany,North,8,36788.17,1,1,0,84449.86,0,0.0,318,0
CUST04910,44,Male,France,West,5,1160.1,1,0,1,19384.45,1,57287.93,529,1
CUST04915,63,Male,Germany,Central,9,250000.0,2,1,1,49978.74,1,72672.28,733,0
CUST07897,54,Male,France,Central,5,24896.46,2,0,0,130888.47,0,0.0,302,1
CUST08553,36,Male,France,West,2,0.0,2,0,1,196670.64,1,92742.94,744,0
CUST05135,44,Male,France,West,4,93355.41,4,1,0,122589.48,1,80389.76,409,0
CUST08760,66,Female,France,West,7,250000.0,3,1,0,199533.82,0,0.0,619,0
CUST02728,53,Female,France,South,7,26349.19,1,0,1,173948.16,1,79392.59,820,0
CUST06931,39,Male,France,West,7,192266.08,1,1,1,52127.74,1,88026.8,818,1
CUST03575,73,Male,France,North,7,26891.82,4,1,1,73392.02,0,0.0,566,1
CUST07458,72,Female,France,Central,5,0.0,1,1,0,52918.56,0,0.0,733,0
CUST01287,55,Female,Spain,North,4,965.62,2,1,1,43600.89,0,0.0,619,0
CUST08375,26,Female,France,North,0,59446.17,1,1,1,139444.0,0,0.0,637,0
CUST07724,22,Male,Germany,South,10,117568.55,1,1,0,89812.99,0,0.0,512,0
CUST00474,63,Male,France,South,8,170151.61,1,1,1,129597.45,1,10930.89,321,1
CUST02168,66,Female,Spain,South,3,56012.39,2,0,0,2890.87,1,43246.44,412,0
CUST00613,50,Female,France,North,9,19962.85,1,1,0,129584.05,1,48134.0,460,0
CUST03868,29,Male,France,South,7,21811.79,3,0,1,149694.22,0,0.0,338,0
CUST08218,68,Male,Spain,South,7,0.0,1,1,1,57016.79,1,19282.78,622,0
CUST00050,26,Male,France,East,10,0.0,2,1,0,103230.09,1,64267.47,815,0
CUST03609,21,Male,Spain,West,3,6780.07,1,1,0,166864.97,0,0.0,335,0
CUST00462,52,Male,Spain,Central,10,100006.7,2,0,0,117086.6,0,0.0,784,0
CUST03586,73,Female,Germany,North,8,12943.69,1,1,0,104596.69,0,0.0,651,1
CUST03365,39,Female,France,South,7,0.0,1,1,1,96869.68,0,0.0,306,1
CUST05710,38,Female,France,Central,0,17963.99,2,1,0,90090.26,1,86440.01,614,0
CUST00742,63,Male,France,South,2,36589.07,1,1,0,96225.79,0,0.0,415,0
CUST07186,61,Female,France,East,1,0.0,1,1,1,190625.01,1,47987.25,428,0
CUST01912,42,Male,France,East,4,95648.53,3,1,1,99634.92,0,0.0,344,0
CUST08043,23,Female,Spain,North,7,17106.04,2,0,1,71928.42,0,0.0,426,0
CUST08085,30,Male,France,Central,7,0.0,2,1,1,199918.32,0,0.0,746,0
CUST07810,35,Male,Spain,West,2,0.0,2,1,1,100513.63,1,6598.15,494,0
CUST09608,74,Male,Spain,West,7,0.0,2,1,0,56490.14,0,0.0,481,0
CUST02244,29,Male,Germany,East,8,3136.4,2,0,1,131705.07,1,14235.26,485,0
CUST00560,39,Male,France,North,5,62258.63,1,1,1,147365.1,1,57643.5,792,0
CUST01457,42,Male,Germany,East,4,0.0,1,1,1,143776.53,0,0.0,448,0
CUST07941,50,Male,France,Central,3,202463.93,2,1,1,128085.81,0,0.0,402,0
CUST06980,28,Female,France,Central,5,153381.48,2,0,0,49791.21,1,43281.01,441,1
CUST03344,21,Female,France,West,4,218266.42,2,0,1,35984.75,1,68150.63,657,0
CUST09631,72,Female,Germany,North,5,0.0,3,1,1,150042.64,0,0.0,792,0
CUST07814,45,Male,France,Central,4,94841.93,2,1,1,11553.26,1,48069.65,765,0
CUST09166,21,Female,Spain,West,5,7073.14,1,0,1,155124.45,0,0.0,479,0
CUST06927,52,Female,Germany,West,3,14639.21,1,1,1,14150.98,0,0.0,405,0
CUST05425,72,Female,Spain,East,10,144112.83,2,0,1,149134.79,0,0.0,483,0
CUST00258,70,Male,France,North,10,23600.84,2,1,1,180738.24,0,0.0,405,0
CUST04126,35,Female,France,Central,4,54792.37,2,0,0,,1,24978.24,421,1
CUST05419,41,Male,France,Central,4,60356.45,1,1,0,96305.92,1,46481.82,300,1
CUST06157,45,Male,France,South,0,0.0,3,0,1,164972.49,1,19001.33,375,0
CUST04235,54,Female,Spain,Central,10,139504.18,3,0,1,143490.39,1,12068.99,504,0
CUST07765,20,Female,France,North,3,27862.61,2,1,0,175369.2,0,0.0,407,0
CUST09234,51,Male,Spain,North,5,53019.74,4,1,1,184355.22,0,0.0,768,0
CUST03176,40,Female,Germany,Central,2,41664.92,1,1,0,91742.16,0,0.0,419,0
CUST04179,29,Male,Germany,Central,1,125807.74,1,0,0,122394.14,1,90293.23,775,1
CUST05330,73,Male,Germany,East,10,16789.03,1,0,0,128200.51,1,21303.36,341,0
CUST01610,69,Female,France,Central,2,78319.08,2,0,0,33621.37,1,66921.09,515,1
CUST00003,46,Male,France,Central,7,178831.23,1,1,1,45253.5,1,88200.88,572,0
CUST02497,22,Male,France,South,10,10668.97,2,1,0,103510.82,1,12992.58,543,0
CUST07032,34,Male,France,South,9,0.0,1,1,0,91422.46,1,28837.39,551,1
CUST03664,39,Male,France,North,0,195811.85,2,1,0,12239.97,0,0.0,518,1
CUST00381,72,Female,France,Central,4,111415.4,1,1,0,29121.58,0,0.0,310,0
CUST06022,55,Male,France,West,4,32886.06,3,1,1,128103.15,1,63345.16,591,0
CUST00509,49,Male,Germany,East,5,0.0,3,1,0,197245.89,0,0.0,448,0
CUST01553,45,Male,France,South,5,114214.19,2,1,0,152327.69,0,0.0,845,0
CUST03655,66,Female,France,Central,2,138339.43,3,1,1,179623.2,1,34244.7,518,0
CUST04474,43,Male,France,East,3,181552.4,2,1,1,93836.07,1,8330.18,623,0
CUST03276,72,Male,Spain,Central,5,39112.15,1,1,0,14340.07,1,31800.21,520,0
CUST06802,74,Male,Spain,Central,9,2286.06,2,1,1,180843.41,0,0.0,565,0
CUST02390,20,Female,Spain,North,7,0.0,1,1,0,70911.49,1,34689.24,523,0
CUST05769,64,Male,Germany,South,10,209898.7,1,1,1,68188.49,1,73918.22,740,0
CUST04392,36,Male,Spain,North,8,0.0,1,1,0,3334.34,1,98185.49,325,1
CUST02395,32,Female,France,North,2,110293.78,1,1,0,29099.63,1,67784.81,486,0
CUST03147,50,Male,France,West,2,87141.71,1,1,0,112320.7,0,0.0,522,1
CUST00577,38,Male,France,East,3,109159.12,1,1,0,45999.42,0,0.0,368,0
CUST00169,49,Male,Germany,South,10,0.0,1,1,1,65206.23,0,0.0,776,1
CUST08586,53,Female,France,Central,7,154444.42,3,1,0,21774.39,1,74127.07,473,0
CUST03998,43,Female,France,North,10,18857.03,1,1,1,14635.03,1,97922.5,605,0
CUST02386,68,Male,Germany,South,9,0.0,3,1,0,72173.02,0,0.0,515,1
CUST08034,51,Female,France,South,0,0.0,1,1,0,14429.39,0,0.0,601,0
CUST05840,25,Female,France,South,3,78175.32,4,1,0,68722.88,0,0.0,357,0
CUST01193,62,Female,France,Central,5,30870.02,1,0,0,195153.31,0,0.0,698,0
CUST06098,71,Male,Spain,East,2,10905.93,1,1,0,176878.05,0,0.0,601,0
CUST09397,69,Female,France,South,0,250000.0,2,0,0,99618.4,1,77552.12,469,0
CUST03804,29,Female,Spain,West,9,0.0,1,1,0,36463.82,0,0.0,360,0
CUST02172,35,Male,Germany,East,0,36099.32,1,1,0,150312.5,0,0.0,653,0
CUST02900,22,Female,Germany,West,2,189552.89,1,1,1,59647.91,0,0.0,306,0
CUST06520,38,Female,France,West,9,250000.0,1,1,1,112800.41,1,36660.42,726,0
CUST05136,57,Female,Germany,East,9,60679.04,3,1,0,170562.59,0,0.0,762,1
CUST07331,64,Female,France,West,6,0.0,1,1,0,167940.77,1,40138.26,696,0
CUST02007,51,Female,France,East,7,52048.85,1,0,1,156215.17,0,0.0,524,0
CUST01111,43,Female,Germany,East,7,141496.58,1,1,0,4001.24,0,0.0,376,0
CUST03064,34,Female,Spain,North,6,0.0,1,1,0,,1,72558.65,769,0
CUST07066,38,Male,Spain,East,4,0.0,3,1,0,172113.79,0,0.0,785,0
CUST02118,49,Female,France,North,2,0.0,1,1,1,181685.99,1,45120.32,519,0
CUST07949,35,Female,Spain,South,9,53856.17,3,0,1,80701.08,1,90952.21,768,0
CUST04924,30,Male,France,North,9,84715.11,2,0,1,193619.81,1,29272.22,654,0
CUST01170,41,Female,France,East,6,32929.22,3,1,0,31323.48,0,0.0,518,1
CUST09895,56,Male,Germany,South,1,22338.99,1,0,0,136612.94,1,21383.8,721,1
CUST07025,72,Male,France,North,2,20455.11,3,1,0,60746.56,0,0.0,785,0
CUST08278,48,Female,France,South,7,0.0,1,1,1,76248.89,0,0.0,303,0
CUST03551,59,Female,France,North,7,108811.18,1,1,0,140764.86,1,46231.3,701,0
CUST04757,41,Female,Germany,North,3,23863.62,1,1,0,189997.99,0,0.0,380,0
CUST05388,35,Female,France,Central,0,0.0,1,1,0,79079.78,0,0.0,762,0
CUST00877,67,Female,Spain,Central,4,0.0,1,1,1,166883.37,0,0.0,730,0
CUST08242,20,Male,France,North,7,136032.41,1,1,0,61358.16,0,0.0,611,0
CUST07115,22,Female,Germany,West,7,0.0,4,0,1,138569.02,0,0.0,699,0
CUST00467,24,Male,Spain,West,4,0.0,2,1,0,69943.8,1,16522.49,814,0
CUST08349,34,Female,Spain,Central,8,89800.09,4,0,1,74990.19,0,0.0,766,0
CUST09097,43,Male,Germany,North,1,15520.48,2,0,1,49231.46,1,97579.12,698,0
CUST01119,27,Male,Germany,South,3,9288.77,3,1,1,115249.3,1,85572.22,630,0
CUST08906,31,Female,Germany,North,5,128656.52,1,1,1,150138.69,0,0.0,677,0
CUST04482,53,Male,France,South,3,0.0,1,1,0,26607.26,1,69779.15,455,0
CUST09579,68,Male,Germany,East,10,0.0,1,1,1,184725.75,0,0.0,749,0
CUST04424,24,Male,France,East,9,39409.47,4,1,1,24065.33,1,75480.79,402,0
CUST05023,46,Female,France,North,7,21595.77,2,1,0,109086.88,0,0.0,766,0
CUST06947,40,Male,France,South,4,0.0,1,1,0,139729.25,0,0.0,632,0
CUST05845,74,Male,Spain,West,1,0.0,2,1,0,157182.5,0,0.0,750,0
CUST00369,65,Female,France,East,4,38884.92,2,1,1,8349.03,0,0.0,446,0
CUST01883,47,Female,Spain,West,5,71397.46,2,1,0,43804.74,1,57127.0,732,0
CUST09402,53,Female,France,Central,1,116565.61,1,0,0,9261.98,0,0.0,343,0
CUST05640,37,Male,France,West,0,68683.96,1,0,0,185652.52,0,0.0,623,0
CUST00638,25,Female,France,South,3,31363.18,1,1,1,64959.23,0,0.0,566,0
CUST08812,47,Male,France,South,2,0.0,1,0,1,9578.71,1,14722.28,533,0
CUST09453,62,Male,Germany,West,8,135107.03,2,1,1,113759.51,0,0.0,546,0
CUST01718,34,Female,Germany,Central,5,115362.48,3,1,1,186620.88,0,0.0,560,0
CUST00801,62,Female,France,East,2,6675.29,1,1,0,191320.33,0,0.0,379,0
CUST02698,64,Male,France,West,10,0.0,1,0,0,31298.19,1,12215.12,756,0
CUST07306,33,Male,France,East,1,5662.38,2,1,1,50023.22,0,0.0,389,0
CUST05626,55,Male,Spain,East,10,234610.39,2,0,1,151137.52,0,0.0,712,0
CUST09573,35,Female,Spain,South,10,176389.35,1,1,1,76003.08,0,0.0,758,0
CUST02148,34,Male,Spain,West,2,0.0,2,1,0,31217.68,1,86208.42,510,0
CUST07923,38,Female,France,South,4,79178.86,3,1,0,104455.56,0,0.0,842,0
CUST06801,34,Male,France,North,3,158183.53,1,1,0,57568.65,0,0.0,613,0
CUST01211,54,Male,Spain,Central,5,34006.7,3,1,0,64631.62,0,0.0,337,1
CUST07160,18,Male,France,North,0,69356.96,2,1,0,14776.05,0,0.0,508,0
CUST08603,52,Male,Spain,West,1,21833.82,1,1,1,,0,0.0,396,0
CUST07469,23,Male,France,West,2,0.0,3,0,1,161646.5,1,14295.51,772,1
CUST02191,46,Male,France,North,0,99928.74,2,0,0,117292.04,0,0.0,838,0
CUST02796,27,Male,Spain,Central,1,0.0,1,1,0,61413.26,1,42706.4,699,1
CUST04384,73,Female,Germany,North,6,0.0,2,1,0,145467.29,1,7571.18,301,0
CUST08889,46,Female,Spain,Central,10,63313.66,1,0,1,15410.89,1,20407.16,806,1
CUST05665,63,Female,Germany,South,3,,2,1,0,84475.27,1,28364.25,776,1
CUST06469,57,Female,Germany,Central,4,110206.35,2,1,1,185610.86,0,0.0,732,0
CUST08608,51,Male,France,Central,2,94252.47,2,1,0,17761.53,0,0.0,420,1
CUST07996,19,Female,Spain,West,2,29793.44,2,1,1,154669.52,1,47521.75,713,1
CUST07271,56,Female,Spain,North,2,45512.98,2,1,0,4537.14,0,0.0,479,1
CUST02996,33,Female,France,East,4,31653.82,1,1,1,50860.43,0,0.0,742,0
CUST07040,53,Female,Spain,West,8,89663.09,2,0,1,196302.54,1,22182.7,780,0
CUST02137,28,Male,Spain,East,2,5636.42,1,1,1,55423.97,1,6663.53,580,0
CUST01201,37,Male,France,Central,10,0.0,2,0,0,147403.02,0,0.0,564,1
CUST01637,21,Male,France,South,2,151305.91,3,1,0,112764.08,1,71242.96,830,0
CUST02626,49,Male,France,Central,9,35154.05,1,1,1,21356.8,0,0.0,405,0
CUST03439,55,Female,Germany,North,9,40069.94,1,1,1,97693.0,0,0.0,539,0
CUST03727,20,Male,France,West,6,45516.15,3,1,1,108829.48,0,0.0,329,0
CUST06331,43,Male,France,North,3,22432.8,1,1,0,78323.91,1,25050.3,702,0
CUST09161,57,Female,Spain,West,9,40572.7,1,1,1,135620.34,1,77288.21,690,0
CUST03384,73,Male,Germany,East,10,130581.91,1,1,1,91982.11,0,0.0,775,0
CUST08985,61,Male,Germany,Central,5,64913.99,1,0,1,68801.21,0,0.0,438,0
CUST03746,47,Female,Spain,North,7,9405.87,1,0,0,141636.97,1,87526.08,669,1
CUST09754,24,Male,Germany,Central,5,,3,1,1,52766.08,1,43134.1,750,1
CUST05945,43,Male,Germany,East,4,174183.22,3,0,1,25298.39,1,96342.54,426,0
CUST07357,52,Female,France,Central,3,0.0,1,1,1,46573.64,0,0.0,845,0
CUST09465,65,Male,Germany,East,8,0.0,1,1,0,187806.69,0,0.0,820,0
CUST01983,32,Female,France,North,10,0.0,1,0,1,103576.26,0,0.0,352,0
CUST08560,23,Male,Spain,Central,3,167369.82,1,1,0,87546.24,0,0.0,721,0
CUST09735,74,Male,Spain,East,0,5564.87,3,0,1,67198.79,0,0.0,817,0
CUST01126,64,Female,France,East,4,4607.82,1,0,0,97638.42,0,0.0,797,1
CUST03449,66,Female,Spain,Central,1,24324.58,2,1,1,88424.14,1,13741.87,558,0
CUST00456,65,Female,France,East,10,0.0,1,1,1,196259.73,0,0.0,381,1
CUST09094,36,Female,France,East,2,80242.88,1,0,0,73798.81,0,0.0,602,0
CUST09189,22,Male,France,South,5,34136.77,1,0,1,154154.18,0,0.0,463,0
CUST04322,68,Female,France,Central,3,0.0,1,1,1,130383.36,0,0.0,367,0
CUST07386,33,Female,France,East,4,,2,1,1,24250.66,1,58667.36,849,0
CUST02803,52,Female,Germany,Central,7,0.0,1,1,1,26220.67,0,0.0,478,0
CUST05001,26,Female,Germany,East,10,23892.25,2,1,0,149928.14,0,0.0,416,0
CUST00393,51,Female,Germany,Central,0,118478.63,1,1,1,1412.82,0,0.0,381,0
CUST09813,68,Female,Spain,North,0,0.0,1,1,0,194368.65,0,0.0,409,1
CUST05842,23,Male,France,South,5,17665.11,1,1,0,119905.64,0,0.0,827,0
CUST06692,66,Male,France,East,6,36572.59,2,0,1,156674.22,1,43769.75,525,0
CUST06027,60,Male,Germany,Central,4,,1,1,0,95277.76,1,31023.07,711,0
CUST06790,51,Male,Germany,West,0,0.0,2,1,0,169106.57,0,0.0,524,0
CUST01414,54,Male,Germany,North,3,177902.39,1,1,0,149827.92,0,0.0,454,0
CUST05263,66,Female,Germany,Central,9,7613.46,2,1,0,84719.08,0,0.0,682,0
CUST03149,67,Male,Germany,West,9,35051.62,2,1,1,182395.65,0,0.0,528,0
CUST09906,27,Female,France,East,4,10119.69,2,1,0,141750.58,0,0.0,777,1
CUST03621,58,Male,Spain,North,10,35773.16,1,0,0,187935.79,0,0.0,758,0
CUST00511,47,Female,Spain,West,0,0.0,3,0,1,109358.27,1,99626.67,652,0
CUST01164,20,Female,France,East,5,0.0,1,1,0,4579.4,0,0.0,399,0
CUST02798,31,Male,France,West,7,0.0,1,1,1,125674.47,0,0.0,761,1
CUST02517,64,Female,Germany,East,1,0.0,2,1,1,28971.07,1,51978.34,807,1
CUST02440,64,Female,Germany,North,5,250000.0,1,1,1,2972.35,0,0.0,546,0
CUST08614,20,Male,Germany,South,1,94906.42,1,1,0,63253.57,1,84996.48,759,0
CUST08049,60,Male,Spain,North,2,48874.69,1,1,1,30054.31,1,21154.06,323,0
CUST02477,45,Male,France,South,8,59290.82,1,0,1,140719.15,1,15984.35,709,0
CUST03994,64,Female,Germany,South,4,11633.96,2,1,1,64589.4,1,99797.71,415,0
CUST02563,42,Male,France,Central,7,86344.94,1,0,1,14799.66,0,0.0,676,0
CUST01940,26,Male,Spain,West,0,0.0,3,1,1,104874.2,0,0.0,585,1
CUST00564,45,Female,France,West,1,0.0,1,1,0,75473.77,0,0.0,307,0
CUST01355,62,Female,France,North,0,53878.55,2,1,1,138990.76,1,39996.97,845,0
CUST09802,39,Male,France,East,9,68747.9,2,0,1,195473.26,0,0.0,314,0
CUST00747,67,Female,Spain,East,9,177906.66,1,1,0,48675.02,0,0.0,391,0
CUST04255,22,Female,Germany,Central,1,0.0,1,0,1,4477.74,1,47894.93,615,0
CUST04582,41,Male,France,West,5,0.0,3,0,0,181225.46,1,31164.34,422,0
CUST09853,40,Female,France,North,4,1559.3,2,1,0,157401.67,0,0.0,353,0
CUST07680,71,Male,France,North,9,15028.77,1,1,1,111135.73,1,44701.87,324,1
CUST05489,18,Female,France,Central,2,0.67,1,0,0,80097.05,0,0.0,569,1
CUST01561,49,Male,Germany,West,7,11107.14,1,1,0,20743.64,0,0.0,595,0
CUST01988,43,Male,Spain,West,5,66657.7,2,1,1,34200.78,0,0.0,412,0
CUST08125,43,Male,Germany,East,4,8460.83,1,1,1,79105.29,0,0.0,826,0
CUST07094,39,Female,Spain,West,10,44454.12,1,0,0,22880.84,0,0.0,610,0
CUST04019,20,Female,France,South,5,266.27,1,0,0,42096.19,1,23330.56,818,1
CUST07109,37,Male,France,Central,8,100845.45,1,1,1,37087.37,1,84009.37,538,0
CUST04897,43,Female,France,South,0,0.0,2,0,0,157057.86,1,19920.42,507,1
CUST05982,72,Male,Spain,West,9,0.0,3,1,1,115734.03,0,0.0,362,0
CUST04737,18,Female,France,East,4,10460.99,2,0,1,130983.4,0,0.0,600,0
CUST04447,33,Male,France,East,9,7571.61,2,0,1,127548.86,0,0.0,791,0
CUST06235,37,Male,Germany,North,6,0.0,2,1,1,2007.52,0,0.0,467,0
CUST01749,54,Female,Germany,East,4,68136.34,2,1,1,69945.1,1,10459.26,712,0
CUST08317,46,Male,France,Central,7,0.0,1,1,0,38876.36,1,9776.54,553,0
CUST08742,45,Male,France,Central,8,1659.37,3,1,0,74604.01,0,0.0,373,0
CUST09615,59,Male,France,South,6,52901.91,2,1,1,109365.86,1,45794.84,818,0
CUST02255,27,Male,Spain,South,9,52026.07,1,1,0,16799.31,0,0.0,416,0
CUST00977,69,Female,France,North,3,138100.84,2,1,1,54556.8,0,0.0,709,0
CUST02734,18,Female,Spain,South,8,2613.43,1,1,1,36159.48,0,0.0,537,0
CUST04683,54,Female,France,South,4,91121.55,2,1,1,125769.86,0,0.0,656,0
CUST05385,37,Male,France,Central,0,18464.09,1,1,0,130732.2,1,11359.75,803,0
CUST02589,30,Female,France,Central,8,4948.42,2,1,1,35629.98,1,86512.73,491,0
CUST04184,62,Female,France,Central,10,46131.47,1,1,1,178282.35,0,0.0,614,0
CUST01383,35,Female,Spain,North,3,0.0,2,1,0,154109.16,1,55520.85,348,0
CUST03501,22,Male,France,East,9,0.0,2,1,0,106640.5,0,0.0,821,0
CUST09047,67,Female,Germany,North,2,197610.22,1,1,0,103154.11,1,65852.53,833,0
CUST00021,19,Male,France,East,8,40560.59,1,1,1,50052.38,0,0.0,436,0
CUST08900,59,Female,France,South,2,0.0,1,1,1,22113.04,0,0.0,663,0
CUST02213,70,Female,France,East,6,0.0,1,1,1,186359.48,1,36429.18,771,0
CUST02716,48,Female,France,South,7,42421.95,1,1,1,2437.18,1,93922.1,631,0
CUST03007,51,Male,Germany,West,7,68119.5,1,1,0,105757.48,1,47015.59,620,0
CUST04311,21,Male,Germany,East,0,88271.51,1,1,0,18406.8,1,52297.19,787,0
CUST08136,34,Male,Spain,North,1,0.0,1,1,1,121685.18,0,0.0,647,0
CUST02856,23,Female,France,East,6,27909.01,2,0,1,95608.75,1,55621.45,326,0
CUST08925,59,Female,Germany,South,8,35515.42,2,1,0,29694.76,0,0.0,417,0
CUST09794,32,Female,France,North,2,52293.37,1,1,0,90493.21,0,0.0,489,0
CUST00546,70,Male,Germany,North,5,63042.29,2,1,1,147109.45,0,0.0,803,0
CUST02629,61,Female,France,South,4,42222.31,2,0,0,163803.96,1,34568.38,803,1
CUST08669,70,Female,Spain,East,1,0.0,2,1,0,102475.74,1,47074.23,707,0
CUST05251,51,Female,France,East,4,9180.42,2,0,1,43599.22,0,0.0,604,0
CUST05565,20,Female,France,North,6,163690.46,3,0,0,148898.6,0,0.0,362,0
CUST01159,48,Female,France,Central,7,22796.37,1,0,1,31166.45,0,0.0,615,0
CUST02593,21,Male,Germany,East,4,30317.08,2,1,1,111521.17,1,49702.72,492,0
CUST09711,58,Female,France,West,7,30873.79,1,1,1,34459.55,1,87321.8,335,0
CUST06423,53,Male,France,Central,9,12625.32,2,1,1,125436.19,0,0.0,728,0
CUST09425,63,Female,Spain,North,8,37073.31,1,1,0,68825.32,0,0.0,575,0
CUST03686,50,Male,France,East,4,134196.7,1,1,0,156118.1,1,27041.92,731,0
CUST08817,50,Female,Spain,West,3,97296.04,1,1,0,34265.39,0,0.0,478,0
CUST05509,38,Male,Spain,East,4,250000.0,2,1,0,54162.04,1,61739.91,436,0
CUST09885,44,Male,France,East,5,9312.93,1,1,0,181048.86,1,30289.47,831,0
CUST09240,35,Male,France,West,6,0.0,2,0,1,109717.92,1,17530.07,503,0
CUST02852,71,Male,Spain,East,9,0.0,1,1,0,24019.29,0,0.0,341,0
CUST03973,61,Male,France,South,7,11252.44,1,1,1,53794.08,0,0.0,644,0
CUST08189,34,Male,Spain,Central,10,225798.28,1,1,0,136837.06,1,66672.82,752,1
CUST03710,38,Male,France,Central,8,0.0,3,1,1,16069.0,0,0.0,793,0
CUST04106,29,Female,Germany,Central,3,0.0,1,0,1,129489.22,0,0.0,502,1
CUST00695,29,Male,Germany,East,3,160937.43,3,1,1,163295.2,0,0.0,621,0
CUST08628,24,Male,Spain,East,1,17417.92,1,1,0,26087.58,1,47670.7,643,1
CUST09337,32,Female,France,Central,8,250000.0,3,1,0,177036.85,1,85056.61,771,0
CUST02012,50,Female,Germany,North,3,11315.45,3,1,1,89396.87,0,0.0,396,0
CUST03880,40,Male,France,North,1,0.0,2,1,1,188625.39,0,0.0,353,0
CUST02935,26,Male,Spain,East,4,447.88,1,1,1,24171.02,0,0.0,644,0
CUST09381,38,Female,Germany,Central,7,111577.58,2,1,0,13745.16,1,57239.15,385,0
CUST04083,38,Male,Spain,East,0,0.0,2,1,1,164513.55,1,89631.42,595,0
CUST08949,25,Male,Germany,Central,1,30219.75,2,1,0,105103.65,0,0.0,810,0
CUST05663,22,Male,France,Central,9,79788.66,1,1,1,24763.03,0,0.0,695,0
CUST02271,56,Male,France,Central,8,39261.65,2,1,0,107974.97,0,0.0,746,1
CUST03700,28,Female,France,North,0,0.0,4,1,1,101987.91,1,8993.93,624,0
CUST09827,51,Female,France,West,3,0.0,2,1,1,98309.65,0,0.0,392,0
CUST01777,43,Female,France,Central,1,0.0,2,1,0,37133.56,1,82153.29,742,1
CUST06317,57,Female,France,South,5,3036.47,1,1,0,103906.6,0,0.0,673,0
CUST03883,73,Male,France,Central,3,0.0,1,1,0,64071.52,1,64382.15,319,0
CUST01536,24,Male,France,Central,6,46630.79,1,0,1,37055.47,0,0.0,422,0
CUST00921,34,Male,Spain,Central,3,121347.38,1,1,0,30107.74,0,0.0,355,0
CUST07682,20,Female,Germany,Central,5,24555.33,1,1,1,106576.05,0,0.0,380,0
CUST09952,19,Female,France,East,2,82513.66,2,1,0,192713.13,0,0.0,406,1
CUST04218,40,Female,France,South,0,25073.13,1,1,1,73919.12,1,85692.4,444,0
CUST07152,33,Female,France,East,3,0.0,1,1,1,68226.8,0,0.0,442,1
CUST08980,55,Male,Spain,West,2,5746.03,2,1,1,44786.31,1,13167.72,552,0
CUST02526,69,Female,Spain,North,0,0.0,2,1,1,111782.76,0,0.0,777,0
CUST01462,41,Female,France,North,10,0.0,2,1,1,139388.79,0,0.0,555,0
CUST00240,20,Female,France,South,7,172677.25,2,0,0,128261.34,1,29999.19,392,0
CUST05856,30,Male,Spain,East,7,95728.72,2,1,1,36404.64,1,37494.25,596,0
CUST02294,58,Male,France,East,7,18665.37,2,1,1,82506.54,0,0.0,486,0
CUST00069,31,Male,Germany,East,1,0.0,3,0,1,26534.56,0,0.0,366,0
CUST02174,61,Female,Germany,North,9,39836.39,1,1,1,126513.06,1,45276.73,628,0
CUST00549,56,Male,France,Central,9,250000.0,2,0,1,194970.14,1,13860.9,432,0
CUST09032,46,Male,Spain,Central,5,0.0,2,1,0,141972.59,0,0.0,342,1
CUST01793,32,Male,Spain,South,3,148801.48,1,1,1,32080.97,1,48088.83,487,0
CUST07168,67,Female,Germany,East,10,43849.44,1,1,1,115098.6,0,0.0,393,0
CUST04029,25,Male,France,Central,2,42420.19,1,1,1,134832.53,1,56024.54,771,0
CUST01754,74,Male,France,South,5,7173.17,1,1,0,2440.84,0,0.0,623,1
CUST02266,50,Male,France,South,4,0.0,2,1,1,136795.67,0,0.0,848,1
CUST08912,63,Female,Spain,West,2,26541.91,2,1,0,158902.37,1,51664.15,495,0
CUST01143,62,Male,France,North,5,196748.79,1,1,0,166753.82,0,0.0,416,1
CUST00728,52,Female,France,East,2,25184.87,3,0,0,118777.98,0,0.0,579,0
CUST05454,65,Female,France,North,9,0.0,3,0,1,120842.33,0,0.0,502,0
CUST02329,62,Female,France,South,10,3431.63,1,1,0,77422.41,0,0.0,678,1
CUST03795,64,Female,Spain,West,6,28103.35,1,0,0,181036.75,0,0.0,742,0
CUST01109,56,Male,France,East,1,40178.4,3,0,0,197026.11,1,36504.49,671,1
CUST07053,62,Male,Germany,North,8,44991.36,1,1,1,12435.67,1,73425.77,816,1
CUST05404,43,Male,France,North,1,4983.36,2,1,0,10345.3,0,0.0,508,0
CUST04205,26,Female,Germany,Central,10,27539.94,1,0,1,167966.89,0,0.0,615,0
CUST07764,30,Female,France,South,1,100578.43,3,1,1,186922.84,1,24303.3,768,0
CUST09898,60,Male,Spain,South,1,0.0,3,1,0,175138.03,0,0.0,623,1
CUST07739,45,Male,Germany,Central,10,0.0,2,0,1,181155.42,1,26991.93,340,0
CUST04643,65,Female,France,South,3,0.0,3,1,1,105248.66,0,0.0,614,0
CUST00924,26,Female,France,West,2,2463.73,1,1,1,182394.51,0,0.0,356,0
CUST08172,24,Male,Spain,Central,1,0.0,1,1,1,25503.02,0,0.0,417,0
CUST04371,28,Male,Germany,South,7,0.0,2,1,0,126318.44,0,0.0,632,0
CUST08515,46,Male,Spain,Central,10,48915.76,2,1,1,108467.32,0,0.0,607,0
CUST09551,64,Female,Spain,Central,8,14461.06,2,1,1,,0,0.0,449,0
CUST07563,24,Female,France,North,7,74631.42,3,0,1,115838.93,0,0.0,740,0
CUST08575,40,Female,France,South,10,64818.24,1,0,1,153181.62,0,0.0,828,0
CUST02999,69,Female,Spain,South,0,57177.41,2,1,1,178018.97,0,0.0,399,0
CUST04114,25,Male,France,South,5,38003.78,1,1,0,186446.32,0,0.0,574,0
CUST06953,69,Male,Germany,West,4,46910.03,1,1,1,118893.42,1,13321.51,591,0
CUST09012,29,Male,Germany,East,7,101742.52,2,1,1,173459.55,0,0.0,350,0
CUST04367,36,Female,Spain,East,3,8859.21,1,1,0,199659.27,0,0.0,424,0
CUST01085,31,Female,Spain,North,10,10257.22,1,1,0,106206.18,1,83548.23,710,0
CUST02181,46,Male,Germany,North,8,67577.24,1,1,0,104747.96,1,72897.93,736,0
CUST08438,24,Male,Germany,East,5,43624.43,1,1,0,61144.06,1,48222.98,831,0
CUST02801,42,Female,Germany,East,10,0.0,1,1,1,121502.34,1,94792.73,352,0
CUST06907,37,Male,Germany,North,0,250000.0,2,1,1,167461.01,0,0.0,761,0
CUST07960,44,Male,France,East,10,0.0,2,0,0,26153.6,1,16754.58,,1
CUST04180,52,Male,France,East,0,0.0,2,1,1,109799.0,0,0.0,391,0
CUST02194,41,Female,France,West,5,120264.65,2,0,1,136712.85,0,0.0,320,0
CUST08821,51,Male,Germany,North,2,0.0,1,1,0,178939.87,0,0.0,399,1
CUST03908,68,Male,France,South,3,33956.67,2,1,0,69104.09,0,0.0,843,1
CUST06151,57,Male,France,West,4,22625.63,2,1,0,50816.29,1,50157.58,480,0
CUST05976,70,Male,France,North,6,0.0,2,1,1,37725.2,0,0.0,738,0
CUST03811,73,Male,France,East,2,0.0,1,1,1,55700.51,1,57988.26,647,0
CUST04698,58,Female,France,South,3,0.0,1,0,1,174430.44,1,71814.1,565,1
CUST03232,27,Female,Spain,South,7,25566.85,1,0,0,179052.0,1,23237.36,480,0
CUST08421,60,Male,France,Central,2,52570.27,3,1,1,21594.55,0,0.0,670,0
CUST08401,59,Male,France,East,10,39806.11,1,1,1,167719.0,0,0.0,719,0
CUST01667,44,Male,France,West,5,40177.86,2,1,0,19705.82,1,46130.53,417,0
CUST08770,63,Male,Germany,South,6,0.0,1,0,0,189545.26,0,0.0,380,1
CUST05970,44,Male,France,Central,5,139460.82,2,0,1,124059.55,1,11610.4,403,0
CUST05689,33,Male,France,South,0,72518.83,1,1,1,139123.69,1,93469.17,683,0
CUST09109,19,Female,France,North,7,71488.24,1,1,0,98156.11,0,0.0,354,0
CUST08309,66,Female,France,West,4,0.0,1,1,0,190611.2,0,0.0,717,0
CUST07222,64,Female,France,South,0,54459.8,1,1,1,57214.36,1,18491.02,783,0
CUST07199,44,Female,France,West,2,8584.19,1,0,0,136701.13,0,0.0,547,1
CUST06608,41,Male,Spain,Central,2,250000.0,2,1,0,196678.55,1,66073.59,624,0
CUST04738,53,Female,Spain,South,4,250000.0,1,1,0,113295.95,0,0.0,458,1
CUST00482,51,Female,Germany,Central,8,22762.99,1,1,0,94397.67,0,0.0,311,0
CUST05134,41,Female,France,West,6,78927.48,3,0,0,184398.03,0,0.0,567,0
CUST02399,25,Male,Germany,West,4,179504.12,3,0,0,119360.82,0,0.0,649,0
CUST00639,46,Female,Spain,Central,3,11427.23,1,1,0,80404.25,1,67111.5,573,0
CUST04055,37,Male,Germany,East,1,0.0,1,1,0,82411.15,1,35519.53,567,0
CUST02378,53,Male,France,East,9,0.0,1,1,1,19881.99,0,0.0,797,0
CUST01860,66,Female,Spain,West,10,0.0,1,1,1,167967.93,1,50286.68,391,0
CUST09428,37,Female,Spain,South,8,1814.53,1,1,0,19347.89,0,0.0,740,0
CUST06426,32,Male,France,East,5,73378.35,1,0,0,153795.01,1,15155.77,689,0
CUST09848,59,Male,France,East,6,120240.65,2,1,1,197495.93,1,81842.8,342,0
CUST04314,58,Female,Spain,North,7,38557.03,1,1,1,83343.4,0,0.0,701,0
CUST01691,46,Male,France,Central,3,95599.77,1,1,0,173376.83,0,0.0,687,0
CUST01429,64,Male,Germany,South,9,0.0,2,1,0,142876.44,1,32252.09,535,0
CUST09491,34,Female,France,Central,4,0.0,1,0,0,175803.22,0,0.0,472,0
CUST01740,54,Male,France,North,6,50592.66,3,0,0,90913.57,1,19066.14,510,1
CUST06279,39,Male,France,South,4,0.0,2,0,1,,1,65357.94,475,0
CUST08067,26,Female,Spain,North,4,1612.5,2,0,0,100797.97,1,90587.03,444,1
CUST06682,52,Female,France,East,4,222059.12,1,1,0,46408.93,1,32360.51,490,1
CUST01838,50,Female,France,South,5,0.0,2,1,1,94359.04,0,0.0,605,0
CUST03537,47,Female,Spain,Central,2,0.0,1,1,0,143446.64,1,25567.41,,0
CUST05207,66,Male,Germany,Central,6,9070.6,1,0,0,132226.9,1,66962.24,822,0
CUST05788,70,Female,Germany,South,0,52615.67,1,1,0,115151.66,0,0.0,358,0
CUST05885,51,Female,Germany,South,7,37714.56,3,1,0,76615.83,1,12427.89,589,0
CUST01977,57,Male,Spain,West,1,,1,0,1,53778.66,0,0.0,637,0
CUST03507,27,Female,Germany,Central,8,35455.48,1,1,0,195828.99,1,93066.8,535,0
CUST05933,57,Female,Spain,West,0,56058.81,1,1,0,164203.57,1,9829.63,781,0
CUST01444,55,Male,Germany,West,9,137413.53,3,1,0,110676.42,1,58473.17,849,0
CUST03638,74,Female,France,North,2,0.0,3,1,0,46151.65,0,0.0,453,1
CUST02574,22,Female,Spain,North,0,42536.26,1,1,0,190911.05,1,42954.14,666,0
CUST09336,37,Male,France,North,4,0.0,3,0,1,182755.12,0,0.0,667,1
CUST06268,53,Female,France,West,7,25088.94,1,0,1,7481.39,1,90173.86,824,0
CUST02753,74,Female,Germany,South,4,0.0,2,1,1,82533.08,1,40717.01,807,0
CUST03412,24,Female,France,South,6,142870.28,2,1,0,62687.11,1,95908.04,784,0
CUST07713,56,Male,Spain,West,6,89682.01,2,1,1,41208.04,1,12646.53,840,0
CUST02676,64,Female,France,Central,2,31058.95,4,1,0,64297.12,1,9936.62,496,0
CUST04229,51,Male,France,North,7,61369.05,1,1,0,151807.36,0,0.0,682,0
CUST09427,69,Female,Germany,East,7,0.0,1,1,0,101221.51,1,36599.55,664,0
CUST01727,26,Female,France,West,8,16318.23,3,1,1,93649.62,0,0.0,361,0
CUST00408,45,Female,France,East,8,84369.47,1,0,0,11107.65,1,67169.86,585,0
CUST09273,71,Female,Spain,North,3,1514.72,2,1,0,83391.65,1,19859.46,638,0
CUST06320,59,Female,France,South,0,81725.37,1,0,0,32435.59,0,0.0,403,1
CUST03820,64,Male,Germany,South,8,1994.74,2,1,1,161272.02,0,0.0,581,0
CUST08951,70,Male,France,West,4,52672.28,2,1,0,106394.13,1,25819.89,467,0
CUST04700,35,Female,France,East,0,94649.87,2,1,0,127398.24,1,82006.91,355,0
CUST06061,49,Female,France,West,2,22367.07,3,0,0,180218.34,0,0.0,475,0
CUST01557,52,Female,France,West,10,133759.13,1,1,0,23305.66,1,25422.73,622,0
CUST05016,25,Male,Germany,East,5,17612.16,3,1,0,77232.37,0,0.0,830,0
CUST03222,20,Male,Spain,Central,7,66338.31,1,0,1,89404.34,0,0.0,447,0
CUST07309,38,Female,Germany,South,9,28857.97,3,1,1,10179.52,1,95552.14,750,0
CUST06819,53,Male,France,North,8,103009.2,1,0,0,194913.1,0,0.0,389,1
CUST03711,25,Male,France,North,3,80655.56,2,1,1,169097.1,1,13119.93,785,0
CUST06301,48,Female,Spain,West,0,0.0,1,1,1,44753.11,0,0.0,532,0
CUST03593,20,Male,Spain,West,0,95200.24,2,1,1,128004.82,1,71777.95,500,0
CUST09936,22,Female,France,South,5,0.0,1,1,0,113244.05,0,0.0,509,0
CUST06319,32,Male,Spain,Central,2,19577.0,2,1,0,3094.32,1,23945.23,561,0
CUST03901,55,Male,France,East,7,1984.56,1,0,1,33587.54,0,0.0,731,0
CUST08853,63,Male,Germany,Central,5,0.0,2,1,1,7346.62,0,0.0,750,0
CUST03206,25,Male,France,West,8,117779.61,1,0,0,185522.72,1,94354.11,302,0
CUST01608,61,Male,France,East,7,0.0,1,1,0,30546.53,1,43659.04,818,0
CUST06929,18,Male,France,Central,8,112088.8,2,0,0,142341.5,0,0.0,670,0
CUST00405,66,Male,France,West,3,,1,0,0,172983.38,0,0.0,434,0
CUST04462,58,Female,France,West,10,63798.63,2,1,0,155602.93,1,92232.13,471,0
CUST07182,19,Male,Spain,Central,1,0.0,1,0,1,121033.52,0,0.0,445,0
CUST09544,37,Male,Spain,North,1,41768.51,2,1,0,118511.07,0,0.0,455,0
CUST05879,60,Female,France,South,3,0.0,1,1,1,4884.83,1,86153.31,357,1
CUST08084,46,Female,France,North,2,88856.34,2,0,1,28776.73,0,0.0,796,0
CUST09581,35,Male,France,South,7,32835.96,2,1,1,42558.78,1,9410.71,570,0
CUST09375,22,Male,Spain,South,7,5121.25,2,1,0,164586.66,0,0.0,393,0
CUST01319,56,Male,France,North,2,0.0,2,1,1,76632.19,1,17595.41,447,1
CUST05535,64,Male,France,Central,2,0.0,3,1,1,16496.1,1,5092.51,415,1
CUST08517,54,Male,France,West,2,43921.3,3,1,1,118099.1,0,0.0,488,0
CUST04071,66,Male,Spain,South,2,145137.31,1,1,0,125641.81,1,56691.84,776,0
CUST08235,18,Female,France,West,9,250000.0,1,1,0,150694.46,1,72066.78,791,0
CUST05720,47,Female,France,East,10,98940.37,2,1,0,197496.93,0,0.0,323,0
CUST08203,46,Female,Spain,North,5,30679.02,2,1,0,104417.39,0,0.0,818,0
CUST09199,28,Female,France,South,5,21619.49,1,0,1,169477.67,0,0.0,493,0
CUST00256,36,Male,Spain,South,3,0.0,1,1,1,42826.66,0,0.0,536,0
CUST06866,24,Female,Spain,West,4,72712.74,1,1,1,5829.17,0,0.0,483,0
CUST07609,46,Female,France,West,8,238213.66,3,1,1,4656.31,0,0.0,798,0
CUST06997,66,Male,France,East,0,0.0,2,0,1,50000.07,0,0.0,691,0
CUST03825,65,Male,Spain,East,4,170923.8,3,1,1,4662.16,0,0.0,620,0
CUST04583,32,Male,France,East,10,63018.05,4,1,0,104430.15,0,0.0,663,0
CUST05863,46,Female,France,East,0,136612.73,1,0,1,47489.32,0,0.0,832,0
CUST01104,45,Female,France,South,9,0.0,2,1,1,125146.14,0,0.0,838,0
CUST01779,62,Male,France,East,9,250000.0,1,1,0,11638.69,0,0.0,310,0
CUST06983,38,Female,France,West,7,0.0,2,0,1,169797.61,0,0.0,623,0
CUST03860,52,Male,France,East,8,117034.87,2,1,1,186742.63,1,53491.17,431,0
CUST02542,39,Female,Germany,Central,4,0.0,3,1,0,105966.42,1,57902.92,321,1
CUST06926,23,Female,France,South,2,182722.2,1,1,1,67674.68,0,0.0,453,0
CUST05295,74,Female,Spain,North,9,0.0,1,1,1,1395.58,0,0.0,395,0
CUST06496,32,Female,France,South,3,0.0,1,1,1,91822.96,0,0.0,399,0
CUST01443,28,Male,France,West,0,0.0,2,1,0,53371.56,1,7947.21,450,0
CUST05118,65,Male,France,Central,4,0.0,3,0,1,24593.54,0,0.0,456,0
CUST08639,59,Female,Germany,Central,2,118767.25,1,1,0,14198.38,0,0.0,613,0
CUST01148,70,Female,Spain,South,3,0.0,2,1,1,179133.16,1,87731.96,340,1
CUST04351,35,Male,France,South,9,156358.37,2,1,1,85993.96,1,72782.66,736,0
CUST02187,67,Female,Germany,North,0,250000.0,2,1,1,140563.2,1,79943.33,347,0
CUST08315,31,Male,France,East,2,0.0,1,1,1,56366.87,0,0.0,542,1
CUST03541,52,Male,France,West,0,5516.38,1,1,1,77867.56,0,0.0,780,0
CUST09326,72,Female,Spain,North,10,145481.68,3,1,1,19163.31,1,77947.97,636,0
CUST00226,41,Female,France,Central,2,0.0,1,1,0,66520.5,1,84095.93,516,1
CUST04595,51,Female,Germany,Central,3,0.0,2,0,1,4802.03,0,0.0,407,0
CUST07284,73,Female,Spain,South,6,51516.11,1,1,1,18221.65,1,9256.47,811,0
CUST05226,64,Male,Spain,East,10,21389.21,1,1,1,137707.99,0,0.0,847,1
CUST05087,22,Female,Spain,South,4,6837.94,1,1,1,180096.58,0,0.0,710,1
CUST05612,71,Female,Germany,East,5,18079.66,2,0,1,183971.67,1,92628.25,690,0
CUST05185,40,Male,France,South,9,0.0,1,1,0,137789.31,0,0.0,725,0
CUST05488,36,Female,France,North,9,72517.76,3,1,1,86928.93,1,48226.08,688,0
CUST07146,27,Male,France,South,8,80754.62,2,0,0,73274.03,0,0.0,521,0
CUST06094,38,Male,France,South,7,29804.34,1,1,1,122357.5,0,0.0,417,0
CUST05107,21,Female,Germany,West,7,0.0,1,1,0,146458.79,0,0.0,408,1
CUST05323,39,Male,France,North,2,29379.07,1,0,1,21310.18,0,0.0,460,1
CUST07547,62,Male,France,Central,6,0.0,1,0,1,117113.09,1,51394.59,799,1
CUST01613,41,Male,France,East,2,77650.35,2,1,1,163728.82,0,0.0,600,0
CUST05384,73,Female,France,East,4,0.0,2,1,0,64912.96,0,0.0,715,0
CUST05697,54,Male,France,East,1,129386.06,1,1,0,26907.31,1,96379.43,587,0
CUST01869,74,Male,Spain,East,4,120981.83,2,1,1,103270.17,0,0.0,600,0
CUST09807,35,Male,France,Central,2,0.0,2,1,1,144204.73,0,0.0,345,0
CUST08684,74,Female,Spain,Central,1,0.0,2,0,1,135537.41,0,0.0,454,1
CUST00769,36,Male,France,East,5,0.0,1,1,1,68208.06,0,0.0,439,0
CUST04834,20,Female,Germany,Central,9,147354.78,3,0,0,180411.78,1,23473.06,536,1
CUST08724,60,Female,Germany,West,2,13795.07,2,0,0,132389.91,1,84402.05,448,0
CUST08161,32,Female,Germany,South,5,0.0,1,1,1,10195.82,0,0.0,564,0
CUST09360,24,Female,France,West,3,135190.92,2,1,1,58316.27,0,0.0,325,0
CUST00469,53,Male,Germany,North,1,25435.61,1,1,0,63494.99,1,5414.8,610,0
CUST00023,61,Male,France,West,6,995.52,3,0,0,152331.93,0,0.0,712,0
CUST02633,52,Female,France,North,6,0.0,3,1,0,152013.83,1,61861.8,616,0
CUST04407,32,Male,Germany,South,6,0.0,2,0,0,82281.48,0,0.0,509,0
CUST07273,38,Female,France,West,8,3076.47,1,0,0,176218.6,1,79327.78,724,0
CUST05082,73,Female,Spain,South,1,13900.43,3,1,1,167054.08,0,0.0,545,0
CUST05499,65,Male,France,West,5,29672.32,2,1,1,3821.99,0,0.0,591,0
CUST06495,49,Male,France,East,9,56968.02,1,1,1,148991.75,0,0.0,765,0
CUST09649,20,Male,Spain,East,4,15890.33,4,1,0,71759.5,0,0.0,528,1
CUST01744,47,Female,France,East,7,,1,0,0,146056.25,0,0.0,377,0
CUST08126,68,Male,France,South,4,119710.26,3,1,1,37157.53,0,0.0,565,0
CUST02652,42,Male,France,West,5,0.0,2,1,1,50664.41,0,0.0,477,0
CUST09530,34,Female,France,North,10,0.0,1,1,1,2697.91,1,52095.89,774,0
CUST01544,40,Male,Spain,Central,7,26317.47,2,0,1,127251.93,1,49788.86,818,0
CUST05650,59,Male,Germany,South,7,22274.91,4,0,1,96577.19,0,0.0,661,0
CUST02816,63,Female,Germany,East,2,43437.6,3,0,0,51759.33,0,0.0,573,0
CUST07270,37,Female,France,West,2,12408.78,1,0,1,164425.61,0,0.0,760,1
CUST01270,22,Female,France,North,4,162992.3,1,1,0,91157.3,1,14838.78,422,0
CUST05823,36,Female,France,North,9,18694.19,1,0,0,198073.07,0,0.0,600,1
CUST09590,45,Male,Spain,Central,6,0.0,2,0,0,78377.28,0,0.0,495,1
CUST00635,40,Male,Germany,North,10,250000.0,1,1,1,191334.74,0,0.0,559,0
CUST04632,51,Female,France,West,9,27544.97,1,0,1,39537.59,0,0.0,375,0
CUST05096,36,Female,France,West,8,3214.29,2,1,1,147021.89,0,0.0,617,0
CUST02828,54,Male,Germany,South,7,121953.59,1,0,0,62440.83,0,0.0,399,0
CUST00173,49,Female,Spain,South,9,36742.31,2,1,1,147533.58,0,0.0,453,0
CUST04247,60,Female,France,North,1,114916.81,1,1,1,27798.7,0,0.0,777,0
CUST00574,43,Female,France,Central,9,0.0,2,1,1,75234.57,1,74107.84,594,0
CUST08026,33,Male,Spain,West,3,0.0,3,1,0,138731.6,0,0.0,575,0
CUST05894,65,Male,Spain,North,8,,2,1,0,151262.54,0,0.0,563,0
CUST05798,60,Female,Spain,South,3,29476.94,3,0,1,133212.38,0,0.0,648,0
CUST01540,74,Male,Spain,South,5,33945.89,2,1,1,79589.54,0,0.0,327,0
CUST02547,72,Female,Spain,South,7,0.0,1,1,0,182233.41,0,0.0,455,0
CUST01496,66,Female,France,East,1,0.0,2,1,0,138759.38,0,0.0,463,0
CUST07780,66,Female,Spain,East,5,27114.42,1,1,0,114536.83,0,0.0,771,1
CUST00756,65,Male,France,East,4,0.0,3,0,0,116415.7,0,0.0,354,1
CUST07436,25,Male,Spain,South,4,17776.27,1,1,0,60640.42,0,0.0,420,1
CUST04790,44,Female,Germany,West,2,0.0,1,0,0,107.48,0,0.0,813,1
CUST03127,52,Female,Germany,Central,6,20175.14,1,1,0,129920.58,1,15900.97,713,0
CUST05582,56,Male,Spain,Central,9,0.0,1,0,0,163151.57,0,0.0,369,0
CUST07574,67,Female,France,West,7,14228.12,2,1,0,44129.72,1,92645.72,520,0
CUST01704,64,Female,Spain,East,4,5655.91,2,1,0,55751.84,1,15277.33,822,0
CUST01483,66,Female,Germany,Central,9,0.0,1,0,1,118084.4,1,48239.84,442,0
CUST08307,47,Female,Spain,North,5,18062.4,2,1,1,51981.17,0,0.0,601,0
CUST01089,20,Male,France,West,10,60539.35,3,1,0,42502.34,1,41269.33,584,0
CUST09647,67,Male,France,South,6,95194.34,2,1,0,100721.2,0,0.0,778,0
CUST08649,34,Male,France,West,9,202350.73,1,1,0,150718.57,0,0.0,434,0
CUST00589,69,Female,France,North,4,89162.81,2,1,1,162792.75,0,0.0,486,0
CUST05618,72,Female,Germany,West,2,0.0,2,1,1,52124.28,0,0.0,397,0
CUST08607,46,Male,France,West,5,0.0,2,1,0,85039.18,1,41867.13,757,1
CUST00539,51,Female,Germany,East,1,12792.83,1,0,0,191128.94,0,0.0,453,1
CUST08876,65,Male,Germany,North,0,0.0,2,1,0,166325.7,1,8177.54,639,0
CUST00783,37,Female,Germany,West,8,84325.22,1,0,1,153168.75,1,10854.77,418,0
CUST01441,42,Female,France,North,3,32532.56,2,1,0,87453.21,0,0.0,795,0
CUST00355,35,Female,Germany,Central,0,,1,1,1,,0,0.0,391,0
CUST02711,43,Male,Spain,East,8,40905.98,3,0,1,160514.65,0,0.0,476,1
CUST06265,53,Male,France,East,8,0.0,2,1,1,83252.26,0,0.0,557,0
CUST06284,45,Male,Germany,East,7,0.0,3,1,1,54496.78,0,0.0,825,1
CUST01294,50,Male,France,Central,8,0.0,1,1,1,102615.72,0,0.0,787,0
CUST04112,45,Female,Germany,Central,10,166315.7,3,0,1,143444.04,0,0.0,762,0
CUST01005,60,Female,France,East,2,9792.91,1,1,1,28258.34,1,48666.43,336,0
CUST09886,53,Female,France,South,10,86734.08,1,0,1,29535.18,1,95768.42,704,0
CUST05977,32,Male,France,East,2,41770.63,4,0,0,166331.95,0,0.0,742,0
CUST07994,28,Male,Germany,North,1,142982.85,2,1,1,226.71,1,31125.24,815,0
CUST06852,19,Male,Germany,South,9,16248.04,3,1,0,174191.19,0,0.0,677,1
CUST01072,32,Male,France,North,10,0.0,2,0,1,109307.73,0,0.0,821,0
CUST04920,35,Male,France,West,6,41496.58,1,1,0,114260.72,1,8246.2,398,0
CUST02000,62,Male,France,West,9,0.0,2,1,1,43218.0,1,11864.87,760,0
CUST06785,22,Female,Germany,Central,6,0.0,3,0,0,45273.79,1,50649.29,304,0
CUST02033,60,Male,Spain,South,1,35010.55,1,1,0,82053.99,1,32833.99,714,1
CUST01328,72,Female,Spain,West,6,15303.47,2,1,1,161739.0,0,0.0,827,0
CUST03561,37,Male,France,West,10,0.0,1,0,1,129537.65,0,0.0,502,0
CUST06206,34,Female,Germany,West,1,159136.21,1,1,1,148556.84,0,0.0,718,0
CUST06606,51,Male,France,South,9,139642.46,1,1,1,117532.71,1,42050.13,458,0
CUST01326,54,Female,France,South,5,148728.5,1,1,0,63748.63,1,43279.04,554,0
CUST03431,66,Male,Spain,South,10,23904.82,2,1,1,13241.2,0,0.0,739,0
CUST06199,41,Female,Spain,South,6,115647.35,1,1,1,138440.6,0,0.0,806,0
CUST00327,72,Male,France,West,6,0.0,1,1,0,119133.63,1,68062.97,729,0
CUST08890,23,Male,Spain,Central,6,90715.22,3,1,0,27247.64,1,72141.56,645,1
CUST01571,31,Male,France,North,10,84775.36,1,0,0,129180.76,0,0.0,322,0
CUST02159,36,Female,Spain,South,5,43103.14,2,1,1,111051.85,1,99724.43,474,0
CUST05551,28,Female,Germany,East,3,46074.51,2,1,1,97270.59,0,0.0,813,0
CUST01548,64,Male,France,West,0,86143.8,2,0,0,190402.83,0,0.0,590,0
CUST02268,69,Male,France,North,3,227369.41,1,1,0,71418.2,0,0.0,698,0
CUST03029,60,Male,Spain,South,4,158059.04,1,0,1,171739.86,1,41559.75,343,0
CUST07875,61,Male,France,South,3,144126.36,3,1,0,152977.95,0,0.0,361,0
CUST09951,38,Male,France,East,3,43921.57,1,0,0,116918.88,0,0.0,613,1
CUST05972,24,Female,Spain,North,1,26584.13,4,0,0,141333.48,0,0.0,635,0
CUST03511,43,Female,Spain,Central,4,143.72,1,1,1,59828.87,1,60530.28,559,0
CUST05658,72,Male,France,North,0,0.0,2,1,1,121489.18,1,42204.23,487,0
CUST08466,18,Male,Spain,East,1,0.0,4,0,1,121129.02,1,39469.8,375,1
CUST00487,68,Female,Spain,South,6,69403.33,1,1,1,90963.24,0,0.0,718,0
CUST05709,57,Male,France,West,10,0.0,1,1,1,198738.7,0,0.0,541,1
CUST07719,66,Male,France,Central,8,5009.12,2,0,1,64329.35,1,62818.6,362,0
CUST00606,49,Male,Germany,West,10,83513.09,1,0,1,85632.3,0,0.0,637,0
CUST03573,35,Female,France,West,6,0.0,1,1,0,3399.92,1,91403.77,705,0
CUST02693,70,Male,France,South,0,70076.97,2,0,1,128430.8,1,63351.9,398,0
CUST07169,29,Female,France,North,2,0.0,2,1,1,82265.67,1,78780.71,375,0
CUST06883,56,Male,Spain,South,8,58446.2,1,1,1,28930.98,1,81188.89,635,0
CUST03519,74,Male,Spain,West,10,0.0,1,1,0,102944.27,1,81651.03,619,0
CUST09630,68,Female,Spain,South,10,202373.8,1,1,0,194732.78,0,0.0,330,0
CUST00513,52,Female,France,North,4,149220.64,2,1,0,74276.81,0,0.0,428,0
CUST06856,25,Female,Spain,North,7,36672.45,3,1,1,10489.25,1,11414.17,528,0
CUST06754,62,Male,France,East,10,81698.49,4,0,1,151006.31,0,0.0,704,0
CUST02765,36,Female,France,Central,0,8751.07,1,1,1,161625.56,0,0.0,,0
CUST00565,22,Female,France,North,1,0.0,1,1,0,174076.13,1,99586.32,819,1
CUST08298,20,Male,Spain,South,3,117111.63,1,1,1,56267.31,0,0.0,759,0
CUST03432,63,Female,France,North,5,19321.75,3,0,1,49277.15,1,65675.16,742,0
CUST06162,30,Female,France,West,8,54313.7,1,0,0,105130.52,1,66319.72,599,0
CUST08937,29,Male,Spain,West,6,114599.22,1,0,1,43891.83,0,0.0,770,0
CUST07918,72,Male,France,North,7,0.0,1,1,0,14716.7,1,99786.19,340,1
CUST01121,58,Male,Spain,East,1,101802.42,1,1,0,116683.6,0,0.0,714,0
CUST08646,32,Female,France,Central,8,42891.3,1,1,1,33191.76,0,0.0,393,0
CUST08845,57,Male,Germany,West,3,,1,1,0,,0,0.0,335,0
CUST02300,45,Female,Spain,South,7,,1,0,1,85857.3,1,68505.74,452,0
CUST04727,20,Male,Germany,North,6,111991.94,2,1,0,86910.78,1,30042.24,496,0
CUST03269,63,Female,France,South,9,0.0,1,0,1,93196.01,1,94474.84,681,0
CUST06340,55,Female,France,Central,8,0.0,1,1,0,5374.61,1,64529.3,522,0
CUST02277,67,Female,France,North,3,0.0,2,1,0,71655.26,0,0.0,491,0
CUST06805,30,Male,France,West,10,0.0,2,0,0,116384.35,0,0.0,525,1
CUST05797,70,Female,Germany,East,1,0.0,2,1,0,157685.2,0,0.0,655,0
CUST05221,74,Female,Germany,West,6,1652.2,2,1,0,59874.14,0,0.0,396,0
CUST08967,39,Male,France,West,10,0.0,1,1,1,364.25,1,8556.63,525,0
CUST06959,62,Male,France,Central,8,97223.39,1,1,0,100408.45,1,81852.69,557,1
CUST05252,58,Male,France,Central,1,114756.22,2,1,0,57815.73,1,26608.51,601,1
CUST03209,64,Male,Spain,Central,5,2613.35,1,0,0,45314.0,1,11526.85,602,1
CUST03231,67,Female,France,North,0,0.0,3,0,0,10925.67,1,7025.89,731,1
CUST08694,57,Female,Germany,West,2,114958.79,1,0,1,52849.92,1,91362.84,820,0
CUST07211,42,Female,Spain,West,1,141447.16,1,1,0,112905.67,1,34524.2,366,1
CUST07129,48,Male,Spain,West,6,7252.44,1,1,1,26720.58,0,0.0,529,0
CUST07219,58,Male,Spain,West,8,0.0,1,1,0,88216.72,1,45054.05,516,0
CUST04005,55,Male,Germany,East,9,4085.07,2,1,0,184352.41,0,0.0,618,1
CUST09729,22,Female,Germany,East,10,0.0,1,1,0,744.63,0,0.0,746,1
CUST03281,64,Female,France,Central,2,,1,1,1,8034.99,0,0.0,426,0
CUST00127,22,Male,Germany,West,8,0.0,3,1,0,189803.43,0,0.0,430,0
CUST03347,49,Male,France,South,3,47165.69,2,1,1,106067.02,0,0.0,489,0
CUST02962,47,Male,France,West,9,16728.38,1,0,0,42258.78,0,0.0,712,0
CUST06338,29,Male,Spain,North,4,26329.67,2,1,0,124146.06,0,0.0,332,0
CUST05409,66,Male,Germany,North,4,0.0,1,1,1,80160.33,1,10094.0,685,0
CUST07245,26,Female,France,North,3,41317.71,2,1,0,146719.93,0,0.0,339,0
CUST07715,49,Female,France,North,9,13722.49,1,0,0,45079.71,0,0.0,559,0
CUST01118,21,Male,France,East,1,0.0,1,1,1,185184.16,0,0.0,430,1
CUST02961,52,Male,France,West,10,96388.68,3,0,1,62487.45,0,0.0,,0
CUST00955,65,Female,Spain,East,2,27089.7,2,0,1,17987.3,1,78051.28,447,0
CUST07379,64,Female,France,South,6,179547.68,1,0,1,89926.97,1,76989.93,763,0
CUST03217,42,Male,Germany,West,4,10609.0,1,1,0,149220.99,0,0.0,356,1
CUST04465,73,Male,France,West,1,87581.59,2,1,1,172921.53,1,14463.35,314,0
CUST07990,74,Male,Spain,West,3,153060.68,1,0,0,180750.7,0,0.0,821,0
CUST01173,19,Male,Spain,Central,0,0.0,1,1,1,140141.31,0,0.0,648,0
CUST07239,19,Female,France,Central,9,48125.03,3,1,0,118730.76,0,0.0,617,1
CUST02901,37,Female,France,Central,7,0.0,1,1,0,32940.28,1,63992.37,839,0
CUST06368,56,Male,France,North,6,33989.59,1,0,0,4328.52,0,0.0,539,0
CUST05053,43,Male,Spain,East,3,25386.85,2,1,1,176340.59,0,0.0,548,0
CUST09921,23,Female,Spain,North,6,71188.27,1,1,1,96860.8,0,0.0,619,0
CUST04039,43,Male,France,Central,1,110568.46,3,1,1,170809.95,1,20254.51,548,0
CUST08325,42,Female,Spain,West,4,0.0,2,0,1,29009.09,1,63300.95,485,0
CUST00342,28,Male,Germany,Central,7,12304.13,1,1,0,44787.72,1,38970.8,315,0
CUST01377,63,Male,Spain,North,7,49365.19,1,0,1,70220.42,1,33132.05,739,0
CUST09938,33,Male,Germany,East,9,,1,1,0,20327.43,0,0.0,837,0
CUST01183,73,Female,France,Central,3,0.0,1,1,1,186278.54,1,74732.0,554,0
CUST00416,54,Female,France,West,0,0.0,4,1,1,150349.67,1,93728.43,466,0
CUST03967,38,Male,France,North,5,154665.02,1,1,1,74078.41,0,0.0,661,0
CUST06430,25,Female,France,South,9,0.0,2,0,0,199355.29,1,73748.57,391,0
CUST08355,56,Male,France,North,4,0.0,1,1,0,124508.47,0,0.0,541,0
CUST08038,72,Male,Spain,West,3,85590.14,3,1,0,57127.52,1,34001.67,462,1
CUST03065,54,Female,Germany,Central,8,250000.0,1,1,0,50279.37,0,0.0,475,0
CUST08693,47,Female,Spain,West,0,0.0,3,1,1,17595.28,0,0.0,316,1
CUST09389,47,Male,France,North,8,105396.49,1,1,1,801.54,0,0.0,368,0
CUST02846,38,Male,Germany,Central,1,67361.24,1,0,0,75363.69,0,0.0,810,0
CUST02523,37,Male,Germany,South,6,0.0,1,0,0,53370.93,1,17154.55,535,0
CUST06781,70,Female,France,East,7,0.0,1,1,0,189470.16,1,90759.29,758,1
CUST02895,40,Male,France,East,3,95145.3,1,1,0,83386.55,0,0.0,548,1
CUST04619,23,Female,Germany,Central,0,29240.1,4,1,1,16259.83,1,34997.96,749,0
CUST05041,24,Female,France,East,8,163062.88,3,0,1,113319.59,1,6318.92,388,0
CUST02585,65,Male,France,North,0,174099.14,1,1,0,158969.52,0,0.0,672,1
CUST07492,63,Female,France,East,7,0.0,3,0,1,49091.07,0,0.0,453,0
CUST01981,51,Female,Spain,West,1,18480.69,1,1,1,46470.67,0,0.0,388,0
CUST08576,40,Female,France,South,8,32840.43,2,1,0,182165.66,0,0.0,377,0
CUST01625,31,Male,Spain,East,2,5874.9,2,0,1,177541.95,1,46044.22,574,0
CUST03862,70,Female,Germany,East,2,64120.58,2,1,1,63283.41,0,0.0,839,0
CUST08524,33,Male,France,North,3,0.0,1,1,0,151413.93,1,25286.41,727,1
CUST08232,24,Male,France,North,4,124539.98,1,1,1,116960.68,0,0.0,689,0
CUST01958,26,Female,France,East,9,0.0,2,1,0,120677.29,0,0.0,392,1
CUST02786,34,Male,France,East,8,0.0,2,0,0,55875.72,0,0.0,751,1
CUST05990,45,Male,France,Central,4,0.0,2,1,0,188700.24,1,23950.1,314,0
CUST04620,22,Male,Spain,West,6,0.0,2,1,1,139601.18,1,90853.72,373,0
CUST08400,45,Male,Spain,Central,6,42532.45,2,1,1,161316.76,1,15515.33,584,0
CUST00092,25,Male,France,Central,3,14264.1,1,1,0,490.66,1,63623.24,846,0
CUST03345,57,Male,France,Central,9,159693.49,3,0,0,159704.33,0,0.0,559,1
CUST06555,55,Male,France,East,3,61709.65,1,1,0,117086.18,1,70957.1,774,1
CUST08162,42,Female,Germany,North,1,183539.95,1,1,1,36659.67,0,0.0,320,0
CUST01567,69,Male,Germany,East,9,130129.99,2,0,1,96073.85,0,0.0,579,0
CUST04539,40,Female,France,West,6,239958.3,1,1,1,29773.5,1,65516.56,388,0
CUST01619,40,Female,France,South,3,0.0,3,1,0,171234.72,1,26001.01,389,1
CUST05646,21,Female,Germany,South,0,47672.1,1,1,0,3010.9,0,0.0,573,0
CUST05917,43,Female,Germany,Central,1,0.0,1,1,1,2023.07,0,0.0,613,1
CUST05558,35,Female,France,Central,10,250000.0,1,0,1,143205.98,0,0.0,800,0
CUST01106,56,Female,France,North,4,0.0,3,1,0,72589.05,1,20143.44,726,0
CUST06503,25,Female,Spain,South,8,92718.23,1,0,1,80104.63,0,0.0,759,0
CUST01687,70,Female,Germany,South,2,79800.11,1,1,1,34247.14,1,97736.04,305,0
CUST05742,71,Male,Germany,West,10,0.0,2,1,0,187017.33,0,0.0,674,0
CUST00828,33,Female,Germany,North,8,0.0,2,1,0,185419.68,0,0.0,749,0
CUST04411,68,Female,France,North,1,26583.81,1,1,1,151658.31,1,7884.94,518,0
CUST04416,31,Male,Germany,East,6,42166.16,1,1,1,24163.65,1,26943.13,474,0
CUST00806,33,Male,France,West,5,,1,0,1,173031.09,1,21494.25,331,0
CUST09111,24,Female,France,West,4,97839.73,2,1,0,82124.9,1,20384.2,764,0
CUST06179,46,Male,Spain,North,0,139468.34,1,0,1,96497.57,0,0.0,613,1
CUST05880,19,Female,Germany,Central,0,0.0,3,1,1,148873.29,0,0.0,477,1
CUST03255,26,Female,Spain,East,8,0.0,1,0,0,171002.21,0,0.0,643,0
CUST01982,41,Male,Germany,South,1,250000.0,1,1,1,142769.22,0,0.0,469,0
CUST04533,64,Male,Germany,North,4,0.0,2,0,0,72007.0,1,39517.1,463,1
CUST06105,28,Male,Germany,East,7,53129.3,1,1,0,46762.19,1,42582.09,613,0
CUST09516,31,Female,France,South,8,586.3,2,1,0,105628.99,0,0.0,734,0
CUST07285,23,Female,France,South,4,138890.07,1,1,0,167919.37,1,84495.25,547,0
CUST03320,54,Male,France,West,3,37126.66,3,1,1,157025.8,0,0.0,734,0
CUST09910,51,Female,France,North,3,13875.96,2,1,0,101585.77,0,0.0,637,0
CUST03785,26,Male,France,South,4,70525.54,1,1,0,191753.34,1,73985.07,497,0
CUST02024,62,Female,France,South,9,7827.61,1,1,1,168672.83,0,0.0,732,0
CUST06218,56,Male,France,East,3,15042.25,3,1,1,,1,96452.14,560,0
CUST08561,39,Female,Spain,West,7,32279.16,1,1,1,33882.7,1,53273.14,476,0
CUST06170,43,Female,France,North,6,15552.51,2,1,0,46978.82,1,96505.92,634,0
CUST06166,55,Female,France,South,3,0.0,1,0,1,58285.66,1,55924.66,634,0
CUST08574,50,Male,France,Central,5,25376.35,3,1,0,178212.2,0,0.0,436,1
CUST06733,69,Female,France,North,1,0.0,1,0,1,2143.01,0,0.0,654,0
CUST04890,71,Female,Spain,South,8,0.0,1,1,1,759.48,1,28742.3,789,0
CUST00314,33,Female,France,South,0,47870.27,2,0,0,184212.93,0,0.0,404,0
CUST01956,64,Female,Spain,East,5,79924.76,2,1,0,131386.77,0,0.0,326,0
CUST04486,32,Male,Germany,West,4,3858.3,2,1,1,33805.09,0,0.0,786,0
CUST08322,46,Male,Spain,West,9,115260.59,2,1,0,59326.47,0,0.0,849,1
CUST09382,25,Female,France,Central,1,0.0,2,1,1,186700.31,0,0.0,797,1
CUST05380,40,Female,Germany,East,2,35081.06,1,0,0,173791.47,1,90552.96,507,0
CUST02781,61,Female,France,Central,6,250000.0,1,1,1,94036.83,1,81269.52,586,0
CUST00623,27,Male,Spain,West,6,79127.18,1,0,1,143441.42,1,48554.04,749,0
CUST02454,18,Male,France,North,5,63058.94,1,0,1,,1,9607.05,804,0
CUST02969,33,Male,France,West,3,0.0,3,1,1,38890.82,0,0.0,714,0
CUST03505,66,Male,France,West,7,67703.73,1,1,1,25275.8,0,0.0,657,1
CUST06563,66,Male,Spain,Central,7,108516.27,2,1,1,157974.42,0,0.0,442,0
CUST04027,58,Male,Germany,West,5,140402.47,1,1,0,53898.28,1,74919.67,501,0
CUST05036,68,Male,Spain,Central,0,103674.43,2,1,0,77505.07,1,85862.76,507,0
CUST01292,42,Female,France,South,10,0.0,1,1,1,51038.57,0,0.0,374,0
CUST05948,29,Male,Germany,South,0,3885.82,3,0,0,169313.92,0,0.0,719,1
CUST05315,42,Male,France,Central,7,101423.49,2,1,0,142501.58,0,0.0,482,0
CUST09364,21,Male,Spain,South,2,0.0,2,1,1,49974.88,0,0.0,515,0
CUST01678,43,Female,Spain,South,10,10770.11,2,0,0,175598.02,1,93234.19,662,0
CUST09000,23,Male,France,South,4,243983.75,1,1,0,78566.64,1,23131.27,499,0
CUST05378,40,Female,France,West,4,233490.14,2,0,1,24426.2,0,0.0,538,0
CUST08869,36,Female,Spain,East,7,27099.46,2,0,0,147713.32,1,31203.23,658,0
CUST01060,73,Female,Germany,South,0,0.0,2,0,1,20268.42,0,0.0,841,0
CUST08534,60,Female,Germany,East,5,178916.18,3,1,0,67319.28,1,42173.17,413,0
CUST02433,18,Male,Spain,West,6,100598.16,3,1,1,39310.33,0,0.0,587,1
CUST09863,26,Male,France,South,9,0.0,2,1,0,170550.05,1,94567.18,513,0
CUST00726,48,Female,Spain,South,0,15793.25,2,1,1,176809.57,1,69244.59,518,0
CUST01899,21,Male,Spain,North,4,64164.76,1,1,0,101280.5,0,0.0,591,0
CUST05115,46,Female,Germany,Central,5,0.0,3,1,0,119520.04,0,0.0,550,0
CUST02795,28,Male,Spain,East,8,93446.06,1,1,0,166683.62,1,13538.41,495,0
CUST07264,19,Female,Spain,North,10,52216.45,1,1,0,48393.53,0,0.0,629,0
CUST05356,31,Female,France,South,5,693.83,1,1,1,29676.7,1,25735.16,697,0
CUST00658,53,Male,France,Central,2,119461.48,2,0,1,72591.29,1,55195.82,689,0
CUST00137,50,Female,France,East,4,55873.31,2,1,1,172439.25,1,74613.98,518,0
CUST08526,71,Female,Germany,Central,1,50054.22,1,1,1,31221.23,1,33406.4,533,1
CUST08751,36,Female,France,Central,4,14048.99,2,1,1,113617.82,1,15963.87,382,0
CUST04025,44,Male,Germany,East,2,0.0,2,1,1,75172.63,1,30864.43,552,0
CUST03378,28,Female,France,South,1,205968.92,1,0,0,62454.42,0,0.0,389,0
CUST02821,59,Male,France,West,7,1150.12,2,1,0,50485.13,0,0.0,697,0
CUST05601,45,Female,France,South,0,209002.08,2,1,1,76043.29,1,13370.98,480,0
CUST04778,43,Female,France,Central,5,20841.33,1,1,0,70709.48,1,64189.04,394,0
CUST08630,51,Male,Spain,West,6,39155.23,2,1,1,22558.3,0,0.0,787,0
CUST04040,44,Female,France,Central,2,87849.73,1,1,0,110861.92,1,6820.81,475,0
CUST01732,60,Female,France,South,0,119285.29,2,0,1,167773.17,0,0.0,524,0
CUST06236,67,Male,France,West,6,20368.73,1,1,1,75697.15,0,0.0,593,0
CUST07866,36,Female,Germany,West,3,0.0,1,1,0,89225.73,0,0.0,738,0
CUST04993,34,Female,France,South,9,75340.49,2,1,1,108075.02,0,0.0,668,1
CUST07434,60,Female,France,Central,6,179105.97,3,0,0,30.85,0,0.0,839,0
CUST07018,43,Female,Germany,West,3,53576.92,2,1,0,126527.99,0,0.0,454,0
CUST07499,70,Male,Spain,Central,5,47185.49,3,1,1,192695.87,1,93467.73,746,0
CUST09209,54,Male,France,East,5,0.0,4,1,0,31937.73,1,60798.49,612,0
CUST09768,19,Male,France,Central,7,38337.43,2,0,1,5106.02,1,51761.91,644,0
CUST00477,29,Female,France,West,2,0.0,1,0,0,26665.11,0,0.0,583,1
CUST03306,38,Female,Spain,West,2,69243.96,2,1,0,25496.45,0,0.0,845,0
CUST09587,56,Female,France,South,6,13710.77,2,1,1,117122.03,0,0.0,385,0
CUST09206,73,Male,France,South,4,155898.82,1,1,1,197835.51,0,0.0,369,0
CUST08332,34,Male,Germany,West,0,0.0,1,1,0,95671.56,0,0.0,391,0
CUST06841,21,Male,Spain,West,10,0.0,1,1,1,149612.85,1,34743.9,408,0
CUST08229,65,Male,Spain,Central,2,0.0,1,0,0,83346.12,0,0.0,703,0
CUST09233,29,Female,Germany,North,0,74309.05,2,0,1,136788.07,1,91504.75,585,1
CUST08801,74,Male,Germany,North,3,0.0,1,1,0,98372.79,1,72846.51,518,1
CUST05818,58,Male,France,West,10,0.0,2,0,1,86775.79,1,7455.23,321,0
CUST06373,55,Female,France,North,0,0.0,2,1,0,160793.34,0,0.0,718,0
CUST09815,27,Female,France,East,3,239.39,2,1,0,144502.75,1,33197.65,397,0
CUST07091,71,Male,France,North,4,63432.01,2,1,0,187771.38,1,48248.47,837,0
CUST02298,25,Male,Spain,East,3,45454.28,2,0,1,185721.06,1,95635.63,664,0
CUST03816,69,Male,France,West,0,79759.97,1,0,1,138099.72,1,69396.88,,0
CUST09761,20,Male,Germany,South,0,35262.59,1,1,1,107023.7,0,0.0,628,0
CUST02447,33,Male,France,East,5,39714.19,2,1,0,80589.42,1,36555.25,774,0
CUST00599,33,Male,Spain,East,8,20576.54,1,1,1,159655.12,1,86903.42,831,0
CUST04143,68,Female,France,East,0,138315.05,2,1,1,132258.09,1,58453.08,682,0
CUST08211,68,Female,Spain,Central,4,0.0,2,1,1,192488.43,0,0.0,325,1
CUST06009,73,Female,France,West,6,2490.57,2,0,1,57817.23,1,90026.67,434,0
CUST05920,54,Male,France,Central,7,10732.66,1,0,1,131919.17,0,0.0,673,0
CUST05552,33,Female,Germany,South,10,0.0,1,0,1,164044.94,0,0.0,700,0
CUST00206,56,Female,France,West,8,0.0,1,0,0,1895.14,0,0.0,360,1
CUST02238,28,Male,France,West,8,46343.49,1,1,0,155852.78,1,31996.85,393,1
CUST05944,34,Male,Germany,North,10,16480.08,1,0,1,97877.04,0,0.0,603,0
CUST09388,38,Male,France,South,10,73493.45,1,1,1,144322.12,0,0.0,532,0
CUST04611,39,Female,France,West,5,3058.96,2,0,0,91367.75,0,0.0,542,1
CUST03618,51,Female,Germany,West,9,33901.8,1,1,0,11726.73,1,36301.25,383,0
CUST04653,44,Female,Spain,West,9,0.0,2,0,0,116724.04,0,0.0,550,1
CUST07569,27,Male,Spain,South,7,58365.2,3,0,1,196406.15,1,79567.32,399,0
CUST05105,38,Female,Spain,Central,10,19334.02,2,0,1,3628.03,0,0.0,375,1
CUST00940,43,Male,France,West,5,12795.14,1,1,0,11004.46,0,0.0,,0
CUST04971,46,Male,France,West,10,3286.62,1,1,1,188547.86,1,35078.79,441,1
CUST03315,41,Female,Spain,South,10,3851.12,2,0,0,132867.34,0,0.0,494,0
CUST01794,70,Male,France,South,7,23823.69,1,1,0,82602.71,0,0.0,758,0
CUST08570,36,Male,Spain,Central,0,60853.32,2,1,0,10330.62,0,0.0,663,1
CUST06585,50,Male,France,West,5,152361.18,3,1,1,165138.48,1,7279.46,377,1
CUST05503,67,Male,France,Central,8,127352.8,1,0,0,146028.93,0,0.0,379,1
CUST00861,45,Female,France,South,4,21557.72,1,1,1,166259.48,0,0.0,795,0
CUST09259,22,Male,France,West,5,121222.04,1,1,0,172834.74,0,0.0,512,0
CUST08324,48,Female,Germany,North,9,34242.48,2,1,1,152775.83,1,5834.32,683,0
CUST04769,34,Female,France,South,3,487.44,2,1,1,83862.93,0,0.0,817,0
CUST06648,47,Female,Germany,East,7,50260.32,1,0,0,115041.6,1,56321.39,338,0
CUST02250,71,Female,Germany,South,0,248986.65,1,0,1,54727.18,0,0.0,486,0
CUST02160,74,Female,Germany,West,1,42152.55,1,1,1,74504.43,1,45191.56,337,0
CUST09004,41,Male,France,North,2,185732.0,2,1,0,26250.16,1,29331.1,572,0
CUST05396,34,Male,Germany,North,9,,3,1,1,119426.56,0,0.0,520,1
CUST00854,71,Female,Germany,Central,8,0.0,2,1,0,33158.86,0,0.0,612,1
CUST01815,41,Female,France,East,1,127940.57,3,1,0,116727.37,1,97765.01,676,0
CUST07163,38,Male,Germany,West,9,0.0,2,0,1,,1,82912.73,397,0
CUST06096,67,Female,France,North,8,0.0,1,1,0,,0,0.0,799,1
CUST00375,34,Female,France,West,2,22130.92,1,0,0,199902.48,0,0.0,699,0
CUST04744,66,Female,France,Central,4,13880.3,1,1,1,124259.83,0,0.0,725,0
CUST03392,41,Male,Spain,East,3,40485.7,1,0,0,13768.32,0,0.0,759,0
CUST07989,28,Female,Spain,West,1,74658.84,2,0,1,36932.15,0,0.0,416,0
CUST09592,19,Male,France,South,6,80112.85,1,1,1,122624.98,1,36003.51,435,1
CUST05616,32,Male,Spain,North,2,12394.29,2,1,0,30555.33,1,14034.47,719,0
CUST01535,67,Female,France,South,9,0.0,2,1,0,129928.9,0,0.0,315,1
CUST01811,56,Female,France,West,4,70679.6,2,0,1,158813.59,1,39634.57,760,0
CUST01387,57,Male,France,Central,4,0.0,3,1,0,191102.69,0,0.0,705,1
CUST07756,21,Female,Germany,North,6,60480.06,2,1,1,60628.84,0,0.0,742,0
CUST06233,61,Male,Spain,Central,0,143006.61,1,0,1,37013.38,0,0.0,795,1
CUST02579,67,Female,France,North,2,31231.79,2,0,0,42645.35,1,18824.5,433,1
CUST07565,34,Male,France,East,10,106167.49,1,1,0,115874.74,1,32442.31,807,1
CUST03558,53,Female,France,North,3,209095.45,1,1,0,174224.67,1,57509.48,322,0
CUST01325,50,Female,France,South,3,0.0,1,1,1,99922.45,1,39534.28,761,1
CUST09494,35,Female,Spain,East,7,0.0,1,1,0,104545.17,0,0.0,824,0
CUST06861,26,Male,France,Central,8,,2,1,0,36616.23,1,42653.94,571,0
CUST01179,23,Female,Spain,West,2,12103.19,2,1,0,126694.82,0,0.0,668,1
CUST09281,66,Male,France,South,9,0.0,1,0,0,132883.31,0,0.0,304,1
CUST00794,42,Male,Germany,East,0,79602.22,2,1,1,176583.66,0,0.0,829,0
CUST08192,24,Male,France,South,6,135871.36,2,0,1,196847.28,0,0.0,825,0
CUST07435,36,Female,France,South,5,0.0,1,1,0,167025.82,1,60073.91,715,0
CUST05589,35,Female,France,South,4,0.0,3,1,0,48994.11,0,0.0,364,0
CUST07873,71,Female,Germany,East,3,0.0,1,1,0,72584.96,1,33340.92,830,0
CUST06186,72,Male,France,South,5,0.0,2,0,0,195693.82,1,93433.71,360,0
CUST00654,53,Female,Spain,East,2,0.0,1,1,1,122009.31,0,0.0,392,0
CUST05220,39,Male,France,North,3,30511.89,1,1,1,114244.71,0,0.0,461,0
CUST05328,24,Male,Germany,South,9,30045.32,3,1,0,19584.9,1,77896.43,770,0
CUST05595,57,Female,Germany,East,1,105374.01,1,0,1,163017.35,0,0.0,822,0
CUST08104,53,Female,France,South,2,43918.64,1,1,1,124185.93,0,0.0,625,0
CUST09084,74,Male,Germany,North,1,37028.49,1,1,1,160231.45,0,0.0,629,0
CUST06136,67,Male,Spain,East,3,182436.42,1,0,1,160731.26,1,63889.25,402,1
CUST04093,28,Male,Spain,South,6,44195.96,3,0,1,62828.99,1,61762.16,502,0
CUST07190,57,Female,Spain,South,3,21703.1,1,1,0,88356.05,1,84535.6,846,0
CUST03520,53,Male,France,North,2,59976.82,1,1,1,184886.12,0,0.0,804,0
CUST08170,55,Male,France,North,3,0.0,2,1,0,81198.93,1,23083.39,303,0
CUST06021,71,Female,Germany,Central,10,153711.81,2,0,0,138872.61,0,0.0,468,1
CUST07423,60,Male,France,West,4,0.0,1,1,0,119440.95,1,57767.99,773,0
CUST08624,49,Female,Germany,East,0,51137.93,2,1,1,151973.34,0,0.0,584,0
CUST03471,64,Male,France,North,5,7747.21,3,0,1,21172.57,1,86529.23,379,0
CUST03830,28,Male,France,North,4,134769.03,2,1,1,155088.11,1,35842.68,332,0
CUST05201,73,Female,Spain,North,9,45463.04,1,1,0,55831.47,1,44834.28,397,0
CUST05083,62,Male,Germany,West,1,2484.51,1,1,1,24285.04,0,0.0,658,0
CUST06986,24,Male,Germany,Central,9,32602.19,3,1,1,32408.08,0,0.0,418,0
CUST03682,73,Male,Germany,South,1,5590.89,1,0,1,13002.72,1,31206.07,550,1
CUST07790,66,Male,France,West,5,0.0,2,1,0,,1,81185.54,795,0
CUST05421,55,Male,France,East,6,172750.19,1,0,1,6117.14,0,0.0,,0
CUST01800,67,Male,Spain,East,2,0.0,2,1,0,186639.29,1,96206.91,326,1
CUST07675,19,Male,France,North,2,164015.98,2,0,1,11149.86,0,0.0,586,0
CUST01831,66,Female,Germany,South,2,0.0,1,0,0,148867.13,0,0.0,337,1
CUST03333,54,Female,Germany,North,9,27015.35,3,1,1,158146.69,1,69671.17,793,0
CUST01030,67,Male,Germany,Central,7,45907.89,1,0,1,165152.33,1,97796.07,680,0
CUST08596,40,Male,Germany,East,1,48021.96,2,0,1,199965.06,0,0.0,367,0
CUST04566,49,Male,Spain,East,0,0.0,1,1,0,19402.85,1,33563.96,708,0
CUST01690,43,Male,France,South,2,9736.42,2,1,1,83507.22,0,0.0,581,0
CUST06557,54,Female,France,South,4,6804.76,2,1,0,138395.61,1,39228.43,678,0
CUST06214,70,Female,France,West,0,0.0,1,1,0,106228.5,1,10350.1,596,0
CUST07487,21,Male,France,North,3,250000.0,1,1,0,101130.82,0,0.0,500,0
CUST04677,36,Female,France,West,6,217042.26,1,1,1,,0,0.0,675,0
CUST08336,73,Female,Germany,East,2,21510.7,1,1,0,130616.22,0,0.0,526,0
CUST08997,25,Male,France,West,8,180620.94,1,1,0,80761.68,0,0.0,732,1
CUST00954,34,Female,Germany,South,0,19214.59,2,1,0,42473.88,1,59151.38,326,0
CUST00554,20,Male,France,West,9,133529.69,1,1,0,71449.68,1,23275.43,394,0
CUST04216,32,Female,France,West,5,250000.0,1,1,1,147122.4,0,0.0,458,0
CUST03524,63,Female,Spain,West,6,46307.43,2,1,0,31218.72,0,0.0,336,1
CUST06982,38,Female,Spain,East,8,51076.32,2,1,0,29932.06,1,85694.7,738,0
CUST01409,39,Female,France,East,4,,2,1,0,38132.4,0,0.0,575,0
CUST04006,37,Male,France,Central,5,60686.61,1,1,1,167494.87,1,95661.15,674,0
CUST07661,71,Male,France,East,3,97568.5,1,1,0,143437.65,0,0.0,806,0
CUST07948,61,Male,Spain,East,2,28409.97,1,0,0,34860.04,1,16496.56,744,1
CUST08289,32,Female,Spain,South,7,102989.69,1,0,1,111497.99,0,0.0,750,1
CUST01893,32,Male,Spain,Central,7,100387.85,1,1,0,105862.89,1,63796.64,784,0
CUST01368,28,Male,Spain,East,8,0.0,3,0,0,54179.02,0,0.0,359,0
CUST02055,19,Female,Germany,North,6,102543.34,1,1,1,124774.93,0,0.0,308,0
CUST06957,45,Male,Germany,East,3,166563.81,1,1,1,124595.58,1,15317.03,340,0
CUST07961,23,Male,France,East,2,68093.96,1,1,1,119619.61,0,0.0,399,0
CUST00808,38,Female,France,South,1,15992.13,2,1,0,,1,11487.72,558,1
CUST03648,41,Female,France,South,7,12798.41,1,1,0,182788.76,1,50427.98,665,0
CUST07354,57,Female,France,Central,7,26620.85,2,1,0,11617.26,0,0.0,325,0
CUST07213,27,Female,France,East,1,21421.89,2,1,0,51709.81,0,0.0,840,0
CUST02305,37,Male,France,North,8,128694.51,1,1,1,78043.27,1,66810.17,448,0
CUST05479,45,Male,France,Central,2,193722.02,2,1,1,188061.57,1,90548.46,597,0
CUST04164,20,Female,Spain,Central,10,0.0,2,0,1,133612.6,0,0.0,380,1
CUST02354,32,Female,France,North,5,13686.88,2,0,0,113507.07,0,0.0,411,1
CUST00860,30,Male,France,North,5,0.0,1,1,1,115652.81,1,59275.28,393,0
CUST00044,74,Male,Spain,South,4,87326.44,1,0,0,123920.67,1,76939.99,303,0
CUST07249,51,Male,France,West,9,42680.36,1,0,1,173760.02,0,0.0,402,0
CUST09818,65,Male,France,South,3,16122.06,2,0,1,28081.6,0,0.0,468,1
CUST03529,41,Female,Germany,West,7,48520.56,3,1,1,82877.29,1,60724.93,654,0
CUST04209,61,Male,France,South,5,0.0,1,0,0,75264.47,0,0.0,736,1
CUST08395,35,Male,Spain,North,4,123519.79,1,1,0,33575.44,1,48736.35,763,0
CUST08070,34,Female,France,West,10,25032.06,2,1,1,133053.37,1,93752.22,353,0
CUST06250,57,Male,France,North,7,0.0,1,1,0,167784.56,0,0.0,646,0
CUST02326,72,Female,France,West,9,0.0,1,1,1,44965.1,1,23703.8,813,0
CUST04286,23,Female,Germany,South,5,0.0,2,0,0,173961.54,0,0.0,728,1
CUST09078,33,Male,Germany,North,6,40443.54,1,1,0,128653.18,1,63323.67,792,0
CUST05599,54,Male,Spain,West,7,31912.49,1,0,0,48890.38,0,0.0,608,0
CUST00791,45,Male,Germany,East,8,0.0,2,0,0,114935.58,1,72344.53,589,0
CUST09369,27,Male,France,North,1,156769.56,1,0,1,106033.82,1,31653.28,796,1
CUST09473,26,Male,Spain,Central,10,82903.82,1,0,1,159085.12,1,50675.94,590,0
CUST01144,23,Female,Spain,South,0,134160.96,1,1,0,166813.54,0,0.0,418,0
CUST07194,62,Male,France,West,6,30405.16,2,0,1,108646.53,0,0.0,479,1
CUST02684,21,Male,France,Central,7,0.0,2,1,0,19570.38,0,0.0,513,0
CUST05102,43,Male,France,South,2,158147.43,1,0,1,105065.86,0,0.0,807,0
CUST03314,40,Male,France,West,5,74702.56,1,1,0,63425.03,0,0.0,601,0
CUST04236,73,Male,France,East,5,101286.73,2,1,1,113412.17,0,0.0,323,0
CUST08112,69,Male,Germany,East,2,206039.49,2,1,1,70003.68,1,85047.25,833,0
CUST00090,65,Female,Spain,East,6,0.0,1,1,1,78550.25,0,0.0,531,0
CUST02408,19,Female,France,North,3,38060.71,2,1,0,151754.01,0,0.0,433,0
CUST00328,26,Female,Germany,South,2,58942.95,2,1,0,,0,0.0,342,0
CUST08226,25,Male,Spain,Central,8,60266.08,1,1,0,86515.42,0,0.0,475,0
CUST02052,46,Female,France,North,2,0.0,1,1,0,138128.59,0,0.0,595,1
CUST02648,45,Male,France,West,4,89070.54,1,1,0,75891.88,0,0.0,826,0
CUST08253,61,Male,Spain,Central,0,78799.71,2,0,1,156017.78,1,97631.41,582,0
CUST09142,65,Female,Germany,East,4,0.0,3,1,0,155847.28,0,0.0,555,0
CUST02092,29,Female,France,Central,8,0.0,2,1,1,145801.58,1,92587.67,510,1
CUST02994,18,Female,France,Central,4,26713.47,2,1,0,156502.22,0,0.0,673,0
CUST02582,50,Female,France,North,6,67828.48,1,0,1,4983.63,1,90896.71,605,0
CUST00278,65,Male,France,North,2,45911.93,3,1,1,41120.08,1,83026.69,512,0
CUST05652,42,Male,France,West,4,52296.81,1,1,1,107291.52,1,98216.96,571,0
CUST04576,31,Female,France,East,8,0.0,2,0,1,72518.98,0,0.0,562,0
CUST06840,64,Male,Germany,Central,7,4934.5,3,1,0,169868.83,0,0.0,758,0
CUST00520,59,Female,France,West,9,65042.68,2,1,0,167305.42,0,0.0,630,0
CUST07403,68,Female,France,Central,1,0.0,2,1,0,131840.4,0,0.0,680,1
CUST03216,57,Female,Spain,Central,0,105650.26,2,1,0,84212.09,1,53753.5,374,0
CUST03782,52,Male,France,South,2,305.11,1,1,0,99857.44,1,29766.31,544,0
CUST08541,24,Male,France,West,4,250000.0,2,1,1,73808.99,1,66088.77,316,0
CUST07315,31,Male,France,East,9,1296.97,1,0,1,13784.32,1,38339.51,520,0
CUST09680,41,Male,Germany,South,3,0.0,2,0,1,138278.64,0,0.0,569,0
CUST03356,44,Female,Germany,Central,2,182278.67,1,1,1,32205.36,1,9086.91,447,0
CUST01514,47,Male,France,South,9,15348.25,1,1,1,116217.32,0,0.0,724,0
CUST09266,34,Female,France,Central,9,60850.15,1,0,0,40855.42,1,45105.68,700,1
CUST06510,59,Female,Spain,Central,3,44902.67,3,1,0,188066.47,1,65178.74,488,1
CUST07278,35,Female,France,Central,0,31107.25,1,1,0,76914.21,0,0.0,775,0
CUST00782,45,Male,Spain,South,10,0.0,1,1,1,24612.89,0,0.0,513,0
CUST09370,49,Female,Spain,Central,3,21829.39,2,1,0,87967.15,1,30350.32,391,0
CUST01123,35,Female,Spain,South,3,109719.1,2,1,1,178121.79,1,16327.42,394,0
CUST04299,35,Female,Spain,West,2,44540.63,4,0,1,11267.73,0,0.0,771,0
CUST05898,69,Male,France,West,3,0.0,1,1,0,16068.97,0,0.0,337,1
CUST01597,40,Male,France,Central,10,12785.01,1,1,1,194190.75,1,82409.2,548,0
CUST04171,55,Male,France,North,10,43071.92,2,1,1,32411.94,0,0.0,322,0
CUST06209,72,Male,France,East,9,121120.78,1,1,1,18674.13,1,17176.81,624,0
CUST04137,45,Female,Germany,North,10,247170.23,4,0,0,190729.12,0,0.0,551,1
CUST04827,42,Female,Spain,East,4,30993.92,1,1,0,144350.88,1,38417.14,357,0
CUST06743,18,Female,Germany,South,8,15537.47,2,1,1,174648.77,0,0.0,663,0
CUST04206,70,Female,France,North,4,0.0,1,1,1,148257.15,1,70048.34,698,0
CUST02375,53,Male,Spain,Central,5,0.0,3,1,1,195665.84,1,23027.59,831,1
CUST06307,73,Male,France,West,1,87352.75,1,0,1,22402.05,1,50728.99,306,0
CUST04289,47,Female,Germany,East,9,44689.78,2,1,1,80082.81,1,57480.79,762,1
CUST01116,37,Male,France,East,9,0.0,3,1,0,123752.66,0,0.0,518,0
CUST07102,36,Male,Germany,North,1,63144.54,2,1,1,61822.71,0,0.0,717,0
CUST06930,37,Female,Spain,Central,10,0.0,2,0,1,56696.33,0,0.0,777,1
CUST02731,71,Male,France,Central,10,23566.77,3,0,1,162927.64,1,28067.41,630,0
CUST09128,30,Male,Germany,Central,8,32614.66,1,1,0,63863.55,0,0.0,717,0
CUST08531,18,Male,France,Central,10,176143.02,2,1,1,82828.33,1,55385.27,503,0
CUST05465,27,Male,France,East,1,10936.34,1,1,0,128130.7,1,43626.41,557,0
CUST05739,64,Female,Spain,West,9,0.0,2,1,1,113737.93,1,16709.13,409,0
CUST05806,73,Female,Germany,West,10,0.0,2,1,0,98026.94,1,73306.85,767,1
CUST06402,46,Male,France,Central,2,24109.64,1,1,1,97238.47,1,79978.94,762,1
CUST04139,37,Male,Spain,Central,9,0.0,1,1,1,155058.09,0,0.0,378,0
CUST02729,37,Female,Germany,Central,6,0.0,1,1,1,631.09,0,0.0,394,0
CUST00410,46,Male,France,West,3,9787.12,1,1,1,166253.13,0,0.0,345,0
CUST08256,28,Female,Germany,East,4,60017.85,2,1,1,183810.24,0,0.0,765,0
CUST01674,24,Female,Germany,West,4,0.0,1,1,0,76495.5,0,0.0,509,0
CUST01015,28,Male,Spain,East,3,118317.09,2,1,0,164826.64,0,0.0,537,0
CUST06914,60,Female,France,South,4,,1,1,1,44943.1,0,0.0,567,0
CUST00917,54,Male,Spain,Central,7,43751.53,4,0,1,87936.45,0,0.0,788,0
CUST04701,54,Male,Spain,Central,10,42476.66,3,0,1,107522.41,0,0.0,427,0
CUST09283,21,Female,France,West,6,0.0,1,1,0,194289.27,1,94584.19,498,0
CUST05989,50,Male,Spain,West,3,7197.9,1,1,1,25582.28,0,0.0,748,0
CUST06078,27,Female,Germany,West,0,5800.6,1,1,0,107731.66,1,96076.45,684,0
CUST06311,30,Male,Germany,East,0,39754.5,2,1,0,136572.66,0,0.0,498,1
CUST08077,72,Male,Germany,South,2,0.0,2,0,0,104897.67,1,68194.41,547,0
CUST01323,55,Male,Spain,North,2,117305.71,1,1,0,98261.11,0,0.0,811,0
CUST09584,45,Male,Spain,East,7,250000.0,1,1,1,72681.95,0,0.0,690,0
CUST03484,30,Male,Germany,Central,3,59403.19,1,1,0,107777.95,0,0.0,736,0
CUST03328,47,Female,France,South,10,8273.9,4,0,0,108296.1,0,0.0,703,1
CUST09726,52,Female,France,South,2,0.0,1,1,1,122217.71,1,11513.38,461,0
CUST08184,45,Female,France,Central,4,203.43,1,1,1,43476.72,1,56352.72,429,0
CUST06824,57,Female,France,West,9,0.0,2,0,0,129000.51,1,48524.67,309,0
CUST05166,24,Female,Germany,South,1,0.0,2,1,1,20007.55,1,37289.75,446,0
CUST04966,43,Male,Spain,Central,10,78452.22,1,0,1,17153.38,0,0.0,398,0
CUST05703,64,Female,Germany,East,4,35130.83,1,0,0,99000.36,1,12596.82,455,0
CUST06399,29,Female,France,Central,1,150807.56,2,1,0,91781.23,1,67347.29,755,0
CUST07602,60,Female,France,West,6,0.0,1,1,1,187751.21,0,0.0,533,0
CUST05813,58,Male,Spain,Central,4,0.0,1,1,0,28942.35,1,57392.36,424,1
CUST09511,46,Male,France,West,5,143886.83,2,1,1,45804.06,0,0.0,652,0
CUST00178,56,Female,Spain,North,8,0.0,2,1,1,103844.66,1,52114.73,584,0
CUST02784,72,Female,Spain,North,2,131151.94,1,0,1,194433.66,1,38667.3,341,0
CUST04142,29,Male,Spain,West,4,106033.12,1,1,1,52950.35,0,0.0,302,0
CUST06020,50,Male,France,North,8,84334.18,1,0,0,98566.72,0,0.0,485,1
CUST00334,20,Female,France,West,2,95277.32,1,1,0,76780.68,0,0.0,326,1
CUST03040,19,Male,France,West,0,29662.24,2,0,1,86060.19,1,78619.78,802,0
CUST09141,32,Female,France,East,2,250000.0,2,1,1,158457.41,1,5142.48,672,0
CUST05850,69,Female,Spain,Central,10,39595.71,1,1,0,87929.9,0,0.0,390,0
CUST03796,61,Female,France,West,7,250000.0,2,1,1,16397.74,1,85917.34,449,0
CUST05321,19,Female,France,North,6,4257.74,3,0,0,160005.43,0,0.0,405,0
CUST04824,25,Male,France,West,9,1180.55,1,0,1,144355.43,0,0.0,551,0
CUST09391,66,Male,Germany,South,9,41047.85,1,1,0,8416.16,0,0.0,379,1
CUST03374,51,Male,Spain,West,9,55027.94,2,1,0,37916.89,0,0.0,455,0
CUST02608,28,Male,Spain,South,9,31426.91,4,0,1,177846.29,1,20027.79,732,0
CUST06287,22,Female,Germany,East,2,114417.98,2,1,0,81350.11,0,0.0,809,0
CUST06168,53,Female,Germany,West,8,0.0,2,1,0,42267.83,0,0.0,373,1
CUST04879,64,Female,France,South,10,0.0,1,0,0,183522.99,0,0.0,357,1
CUST01551,68,Male,France,Central,2,48559.21,4,0,1,19331.33,0,0.0,738,1
CUST08284,67,Male,France,West,5,72539.34,1,0,1,118048.46,1,23353.46,771,0
CUST03370,34,Male,France,South,10,6585.38,2,0,1,106562.84,0,0.0,478,0
CUST00964,68,Female,France,West,0,0.0,1,1,0,53873.58,1,23929.07,647,0
CUST07671,50,Male,Spain,West,1,73809.49,1,0,1,59836.93,0,0.0,643,0
CUST09996,40,Male,Germany,Central,3,0.0,1,0,1,72577.66,0,0.0,353,0
CUST02389,29,Male,Germany,Central,8,0.0,1,0,0,108708.79,1,88098.71,527,1
CUST03372,31,Female,Germany,East,4,41234.32,2,0,0,142110.71,1,72210.98,758,0
CUST00233,69,Male,Germany,East,5,0.0,1,1,0,142643.15,0,0.0,572,0
CUST06107,28,Male,France,South,10,61064.18,3,0,0,16752.65,1,63580.36,639,0
CUST01302,68,Male,France,North,6,24698.08,2,0,0,195505.48,0,0.0,823,1
CUST05186,67,Female,Germany,West,3,62031.81,1,1,0,157054.94,0,0.0,384,0
CUST08204,42,Female,Germany,Central,3,25438.28,2,1,0,105105.73,1,59025.63,562,1
CUST07060,64,Male,France,West,1,21045.22,2,1,1,29788.97,1,25975.44,566,0
CUST05647,29,Male,Germany,North,7,149187.75,1,0,0,171153.92,0,0.0,653,0
CUST00077,71,Female,Spain,East,4,173580.23,2,1,1,112582.52,0,0.0,436,1
CUST09568,71,Female,France,West,6,86763.02,1,1,0,132218.63,1,22239.04,361,0
CUST00234,66,Male,France,West,2,26734.75,2,1,0,33888.27,0,0.0,721,0
CUST05525,58,Male,France,East,0,221950.82,1,1,0,68290.8,1,11069.04,748,0
CUST06651,42,Male,Germany,East,8,0.0,3,1,1,50550.92,0,0.0,452,1
CUST00257,19,Male,Spain,South,1,0.0,3,1,0,156503.18,0,0.0,759,1
CUST08293,67,Female,France,Central,9,2615.53,2,0,0,155280.64,1,19993.96,439,0
CUST06323,72,Male,Spain,East,4,126930.72,2,1,0,171421.95,0,0.0,484,0
CUST02882,74,Male,Spain,North,7,0.0,2,1,0,130409.12,0,0.0,726,0
CUST08460,23,Female,Spain,North,8,36469.9,2,0,0,24325.59,0,0.0,654,0
CUST03587,31,Male,France,East,10,0.0,2,0,1,111285.59,0,0.0,516,0
CUST05353,22,Male,Spain,West,0,28607.67,2,1,1,51480.9,0,0.0,397,0
CUST07223,54,Female,France,East,1,0.0,2,1,1,97976.8,1,27747.03,708,0
CUST00155,18,Male,Germany,South,0,18839.45,1,1,1,102425.33,1,35476.32,332,0
CUST08605,20,Female,France,East,5,0.0,3,1,0,165851.29,0,0.0,635,0
CUST09176,54,Female,Germany,West,7,,2,1,0,135293.97,0,0.0,674,0
CUST06597,33,Male,France,South,4,5196.81,3,1,1,14891.01,1,61816.22,602,0
CUST06709,18,Male,Germany,Central,0,158269.67,1,1,1,48548.1,0,0.0,471,0
CUST00855,34,Male,France,South,7,1873.97,2,0,1,131633.81,1,9515.96,701,0
CUST07878,18,Male,France,North,3,0.0,3,0,0,90069.31,0,0.0,619,0
CUST09256,33,Female,Germany,South,1,0.0,1,1,0,7790.21,0,0.0,715,1
CUST06298,18,Female,France,North,7,1477.25,2,0,0,175149.8,1,10315.51,335,0
CUST07571,74,Female,France,West,5,3.75,2,1,0,77391.45,0,0.0,808,0
CUST06732,48,Female,Germany,East,8,0.0,1,1,1,31737.89,0,0.0,412,0
CUST07753,72,Male,Germany,West,6,4299.36,2,1,1,174278.21,0,0.0,685,0
CUST03481,27,Female,France,South,6,0.0,2,0,1,61536.8,0,0.0,710,1
CUST01395,73,Female,Germany,West,1,74714.94,2,1,0,36241.86,0,0.0,323,0
CUST05464,42,Male,Germany,West,7,0.0,2,1,1,80610.34,0,0.0,725,1
CUST07537,52,Male,Germany,Central,9,14671.8,3,0,1,114967.45,1,91459.41,584,0
CUST07623,58,Male,France,West,8,24281.23,2,1,0,157689.82,0,0.0,541,0
CUST06091,22,Male,France,East,10,6553.05,1,1,0,190693.48,1,33375.75,729,0
CUST02562,25,Female,France,Central,7,71312.38,2,0,0,97778.2,1,63622.36,369,0
CUST03588,74,Male,France,South,5,228874.34,2,1,0,46772.8,0,0.0,759,0
CUST04905,73,Male,France,Central,4,18115.63,1,1,1,186855.15,1,95184.4,738,0
CUST01773,35,Male,Spain,West,6,43856.76,3,1,0,144423.86,0,0.0,573,1
CUST00387,62,Female,Spain,East,6,8873.06,2,1,0,88988.12,1,38453.75,394,0
CUST05008,59,Female,France,East,8,3415.12,2,1,1,50497.8,0,0.0,556,0
CUST02718,27,Male,Spain,Central,1,0.0,2,0,0,66353.16,1,18208.28,490,0
CUST01012,72,Male,Germany,West,0,11894.94,1,1,1,29546.01,1,80420.21,688,0
CUST05471,38,Female,France,North,2,52161.63,1,0,0,171284.64,1,37287.12,599,1
CUST04009,68,Female,France,Central,3,4670.22,3,0,0,66734.77,0,0.0,766,0
CUST01406,31,Female,France,Central,9,0.0,3,1,1,123622.8,0,0.0,801,0
CUST08718,21,Male,Spain,Central,5,250000.0,3,1,0,90059.84,1,69498.84,482,0
CUST01469,45,Female,France,East,7,90388.14,3,1,1,124213.94,0,0.0,844,0
CUST00780,30,Female,Germany,South,4,5914.29,1,0,0,6028.71,1,70690.11,781,0
CUST01489,40,Male,France,Central,7,117779.39,3,1,0,56128.7,0,0.0,428,0
CUST07893,36,Male,Germany,South,5,0.0,2,1,1,116074.0,1,58226.81,811,0
CUST08567,64,Male,Germany,South,9,107992.97,1,0,0,182952.33,0,0.0,812,0
CUST01154,65,Male,France,West,1,0.0,1,1,1,136396.87,0,0.0,391,1
CUST05073,27,Male,Spain,South,1,0.0,1,0,0,20833.15,0,0.0,754,0
CUST02483,67,Female,Spain,North,3,187426.05,1,1,1,26786.37,0,0.0,375,0
CUST08007,69,Male,France,East,10,0.0,1,0,0,47368.39,0,0.0,614,1
CUST08556,67,Female,Germany,North,0,0.0,3,0,0,38645.87,0,0.0,580,0
CUST02223,35,Male,Spain,East,8,0.0,1,1,0,59256.5,0,0.0,778,0
CUST04098,57,Female,France,South,5,41666.38,2,0,0,109910.26,1,92773.57,668,1
CUST05662,49,Male,France,Central,0,26896.03,2,1,1,195456.43,1,54894.2,382,0
CUST01480,39,Male,France,North,6,18028.81,3,1,0,103396.4,1,86450.05,609,0
CUST02011,62,Female,France,Central,8,34735.87,1,0,1,30314.12,1,17109.14,720,0
CUST08761,72,Male,Germany,South,8,2835.75,2,1,1,130789.51,0,0.0,723,0
CUST01639,46,Male,France,North,7,12541.63,3,1,1,41822.54,1,90284.66,692,1
CUST06793,22,Male,France,North,5,0.0,2,1,1,171408.32,0,0.0,442,0
CUST01856,56,Male,France,Central,5,160613.35,2,0,0,128346.17,1,73991.61,834,0
CUST01709,73,Female,France,South,4,0.0,2,0,0,98517.28,0,0.0,681,0
CUST07324,63,Male,France,North,3,0.0,3,1,1,181619.26,0,0.0,749,1
CUST07808,60,Female,Germany,East,8,226199.62,3,0,0,145474.84,0,0.0,440,0
CUST07228,74,Male,Germany,Central,3,0.0,2,1,0,55322.44,0,0.0,570,0
CUST02188,69,Female,France,East,6,0.0,1,1,1,23064.75,0,0.0,695,0
CUST05092,52,Female,Germany,West,6,0.0,1,0,1,15366.49,1,81506.09,821,0
CUST09925,27,Male,Germany,West,8,0.0,1,1,0,53546.07,1,92468.4,572,0
CUST03170,40,Female,France,West,0,13316.09,1,0,1,11594.74,0,0.0,751,0
CUST01782,49,Female,Spain,North,0,159360.91,3,1,1,193502.59,0,0.0,489,0
CUST06455,49,Male,Germany,West,0,12506.32,2,1,1,27879.05,1,27896.91,495,0
CUST04506,55,Male,Germany,North,10,20316.5,3,1,0,136987.47,0,0.0,753,1
CUST04900,22,Female,Spain,Central,3,0.0,1,1,1,74811.81,0,0.0,543,0
CUST08686,26,Female,France,East,6,0.0,1,1,0,199071.72,0,0.0,705,1
CUST04256,25,Female,Germany,West,6,26751.38,2,1,0,64620.19,1,71581.67,474,0
CUST02746,45,Female,Spain,West,4,108346.56,2,1,1,123053.21,1,90736.15,541,0
CUST00856,26,Male,Spain,Central,7,139123.9,1,0,0,85061.94,1,85561.6,624,0
CUST03987,40,Female,Spain,Central,4,47141.69,2,1,1,62598.17,1,69157.54,635,0
CUST04368,44,Male,Germany,North,10,22261.36,2,1,1,35488.74,1,50553.73,374,0
CUST00282,23,Female,Spain,North,7,141396.73,2,1,0,129233.85,1,75873.63,525,0
CUST08040,51,Male,France,West,1,0.0,2,0,1,73316.17,0,0.0,332,0
CUST04061,63,Male,France,East,5,0.0,3,1,0,111000.48,0,0.0,713,0
CUST06560,21,Male,France,West,6,39803.9,3,1,0,16283.37,1,90554.09,356,0
CUST01276,62,Female,Spain,West,1,0.0,3,1,0,,0,0.0,647,0
CUST04308,49,Male,France,North,1,0.0,1,1,0,57586.23,1,49738.79,555,0
CUST09682,21,Male,Germany,Central,8,0.0,1,0,1,21705.16,0,0.0,780,0
CUST00584,27,Male,Spain,South,9,0.0,2,1,0,76994.6,0,0.0,526,0
CUST06137,64,Female,France,East,4,78299.89,1,0,0,186899.29,0,0.0,457,0
CUST01970,20,Female,Germany,Central,4,0.0,1,1,1,64896.81,1,77574.98,822,0
CUST04629,36,Female,France,South,8,79746.9,1,1,0,7241.12,0,0.0,453,0
CUST03526,74,Male,France,West,4,105324.15,2,1,1,123470.61,0,0.0,536,0
CUST03890,52,Male,Germany,Central,7,85891.94,1,0,0,157359.09,0,0.0,330,0
CUST04352,57,Male,Spain,Central,6,25891.08,2,1,0,44031.19,0,0.0,555,1
CUST02261,50,Male,Germany,North,6,0.0,2,1,0,40010.43,1,73288.26,797,1
CUST00516,69,Male,Spain,South,9,8725.8,1,0,0,9410.92,1,57990.84,812,1
CUST07134,47,Female,France,East,3,0.0,1,1,1,102058.54,0,0.0,767,0
CUST02752,41,Female,France,North,3,88879.06,2,0,1,196283.46,1,87661.93,401,0
CUST08334,31,Male,Spain,South,2,0.0,1,1,0,110672.55,0,0.0,693,0
CUST05527,67,Male,France,West,3,0.0,1,1,1,106338.67,0,0.0,601,0
CUST02580,23,Female,France,North,6,96480.52,1,1,0,125941.39,0,0.0,537,0
CUST03843,45,Female,Spain,Central,0,10804.59,2,1,1,67169.34,0,0.0,703,0
CUST03208,55,Male,Germany,North,5,64922.12,1,1,1,31453.61,0,0.0,376,0
CUST04628,60,Female,Spain,Central,9,0.0,3,1,1,17605.61,0,0.0,606,1
CUST01461,70,Male,Spain,Central,2,149584.28,1,1,1,20397.99,0,0.0,570,0
CUST04423,21,Female,Spain,Central,10,0.0,2,1,1,101101.33,0,0.0,465,1
CUST09830,47,Female,Spain,South,6,84063.95,2,1,1,160579.89,1,55641.32,827,0
CUST00830,74,Male,Spain,East,9,0.0,1,1,0,18373.04,0,0.0,564,0
CUST01623,68,Male,Germany,Central,10,0.0,1,1,1,166407.99,0,0.0,542,1
CUST00931,18,Male,France,East,10,0.0,1,1,1,92485.16,0,0.0,831,0
CUST03110,49,Male,Spain,South,2,20463.85,2,0,0,72773.24,0,0.0,526,0
CUST09554,39,Female,France,South,4,0.0,2,1,1,189682.9,0,0.0,518,0
CUST05810,74,Female,Spain,North,4,70017.63,2,1,1,84117.64,0,0.0,537,1
CUST00070,34,Female,France,North,3,158306.4,1,1,0,105211.18,0,0.0,321,0
CUST00389,71,Male,Spain,West,5,33099.95,2,1,1,141413.25,0,0.0,783,0
CUST03487,47,Female,Spain,South,1,0.0,1,1,0,2006.41,1,59822.64,833,0
CUST05440,64,Female,Germany,Central,4,86412.06,2,1,1,130818.1,0,0.0,320,0
CUST01972,51,Female,Spain,Central,8,192344.46,1,1,0,110621.45,1,25233.99,785,0
CUST08182,25,Female,Germany,Central,5,0.0,2,1,0,189425.42,0,0.0,314,0
CUST00699,26,Male,Germany,Central,8,48868.91,1,1,0,109281.13,1,69538.18,655,1
CUST03038,27,Male,France,West,8,0.0,2,1,1,193410.45,1,42744.11,822,0
CUST00748,44,Male,Spain,South,1,0.0,1,1,1,165730.5,0,0.0,425,0
CUST06176,39,Female,Spain,South,5,0.0,2,0,1,162753.87,1,11213.94,498,1
CUST03640,27,Male,France,South,7,0.0,1,1,0,,1,35683.8,404,1
CUST03965,67,Male,Spain,Central,6,0.0,1,0,0,39833.24,0,0.0,461,1
CUST01990,23,Male,Spain,South,7,39141.59,1,1,0,155629.26,0,0.0,767,0
CUST04810,29,Female,Germany,West,2,0.0,1,1,0,86839.93,1,43662.93,689,1
CUST07946,44,Female,France,East,6,0.0,1,1,1,133236.66,1,81875.22,430,0
CUST02237,25,Female,France,Central,5,15205.75,1,1,0,125741.67,1,37395.21,489,0
CUST07830,63,Male,France,Central,4,30740.43,2,1,0,164289.8,0,0.0,727,0
CUST08252,24,Male,France,East,5,0.0,3,1,1,75815.17,0,0.0,382,0
CUST08212,51,Female,France,Central,1,6609.44,1,1,1,158395.78,1,15831.46,436,0
CUST08942,25,Male,Germany,North,0,31388.22,2,1,1,121608.98,1,15997.07,580,0
CUST04324,59,Female,France,North,6,9249.66,2,1,1,29510.42,0,0.0,678,0
CUST01036,45,Female,Spain,North,2,0.0,1,1,1,96270.56,1,93846.12,466,0
CUST03550,48,Male,Spain,West,0,157801.71,1,0,0,142351.72,0,0.0,782,0
CUST05956,74,Female,Spain,North,2,24335.76,2,1,1,185179.43,0,0.0,588,0
CUST03242,49,Female,France,South,4,0.0,1,1,0,4365.72,1,39328.28,560,0
CUST01095,62,Male,France,South,9,75331.09,1,0,0,117979.6,0,0.0,400,0
CUST01096,35,Male,France,West,3,39019.79,1,1,0,121362.84,0,0.0,430,0
CUST08093,20,Female,Germany,West,5,16202.97,1,1,0,159678.56,1,68851.75,406,0
CUST07509,71,Male,France,East,6,0.0,1,1,1,59249.17,0,0.0,550,0
CUST00703,48,Male,France,East,3,77645.49,1,1,0,186532.31,0,0.0,385,0
CUST04014,45,Female,France,Central,5,26160.04,1,0,0,80350.35,0,0.0,394,0
CUST07610,33,Male,Germany,Central,3,0.0,1,0,1,100053.59,1,64053.55,641,0
CUST07006,61,Male,Spain,Central,8,1779.64,3,1,0,119219.92,0,0.0,526,1
CUST06095,29,Female,Spain,South,4,0.0,1,1,0,112988.14,1,80624.87,367,0
CUST06870,56,Male,Germany,West,9,0.0,1,1,0,148448.11,1,83355.63,554,0
CUST04936,50,Male,Spain,East,10,0.0,2,1,1,61958.88,0,0.0,379,0
CUST05059,46,Male,Spain,North,4,0.0,2,1,0,37599.64,1,58475.67,572,0
CUST04988,64,Male,France,Central,1,109332.26,2,1,0,154323.16,0,0.0,368,1
CUST00190,19,Male,Germany,North,0,3034.61,2,0,1,74613.58,0,0.0,546,0
CUST00947,18,Male,France,Central,9,10965.43,4,1,0,103646.27,1,20927.84,686,0
CUST01055,74,Male,France,North,3,0.0,1,1,1,86817.03,1,35556.52,459,0
CUST03294,28,Female,Spain,North,10,14776.37,2,1,0,77434.2,0,0.0,445,0
CUST08018,42,Female,France,Central,1,0.0,1,1,1,108147.2,0,0.0,324,0
CUST04269,22,Female,France,Central,6,14605.91,2,1,1,118635.92,1,84271.89,469,0
CUST06984,39,Female,France,South,0,0.0,1,1,1,33357.91,0,0.0,717,0
CUST05685,40,Female,Spain,West,5,22360.4,2,0,1,175310.67,0,0.0,353,0
CUST07815,35,Male,France,North,4,207766.93,1,0,1,31911.2,0,0.0,792,0
CUST05242,49,Male,France,West,8,36447.73,2,1,0,129179.97,1,29626.05,605,0
CUST02834,50,Male,Spain,Central,4,0.0,2,0,0,156630.12,0,0.0,450,1
CUST02256,57,Female,Germany,North,7,25883.21,1,0,0,34947.68,0,0.0,614,0
CUST00272,22,Male,Germany,Central,1,0.0,2,1,1,154064.2,0,0.0,846,1
CUST03658,38,Female,France,Central,8,0.0,2,0,0,123024.16,0,0.0,423,1
CUST05971,53,Male,France,West,5,138698.86,2,0,1,25031.87,0,0.0,531,0
CUST08488,18,Male,France,North,9,38305.83,3,0,0,163466.98,0,0.0,766,1
CUST09596,48,Female,Germany,North,1,51526.66,1,1,1,142284.07,0,0.0,571,0
CUST06890,23,Male,France,West,4,8418.83,2,1,0,117728.36,1,42974.33,644,0
CUST04300,26,Male,France,Central,3,51222.27,1,1,0,198161.06,0,0.0,467,0
CUST07758,38,Female,France,East,10,49547.26,4,0,0,141767.22,0,0.0,575,0
CUST00715,53,Male,Germany,North,8,130666.97,2,1,1,140761.33,0,0.0,471,0
CUST02409,72,Male,France,South,3,0.0,2,1,0,93985.89,0,0.0,423,0
CUST05794,20,Female,Germany,North,5,48246.28,3,0,1,190274.49,1,26287.81,406,0
CUST04274,28,Male,France,Central,1,2572.74,1,1,0,7989.97,1,58847.16,412,0
CUST05796,46,Female,Spain,South,7,0.0,1,1,0,168563.11,0,0.0,650,0
CUST01361,53,Female,France,North,2,0.0,1,1,1,185880.47,0,0.0,309,0
CUST02128,34,Female,France,West,0,0.0,3,1,0,133315.19,0,0.0,400,1
CUST00873,19,Male,Spain,North,10,0.0,2,1,1,198053.92,0,0.0,752,1
CUST06114,40,Male,Spain,South,9,124919.6,1,1,1,113313.39,0,0.0,407,0
CUST07070,69,Male,France,West,7,0.0,2,1,1,44536.08,0,0.0,839,0
CUST03747,23,Male,France,West,4,66380.81,2,0,1,148373.04,1,58410.58,476,0
CUST00929,30,Male,Germany,West,1,0.0,2,1,1,79462.41,1,9861.47,703,0
CUST06354,30,Female,Germany,Central,8,44664.54,1,1,1,52486.46,0,0.0,613,0
CUST06694,72,Male,France,Central,0,0.0,1,1,0,125678.12,1,89076.79,432,1
CUST09639,68,Male,France,Central,7,49523.08,1,0,0,67002.24,0,0.0,625,0
CUST06946,26,Female,France,Central,7,20590.44,3,0,0,74057.91,1,64815.74,552,0
CUST07943,74,Female,Germany,West,3,130495.4,1,0,1,72243.88,0,0.0,797,0
CUST04874,30,Male,France,West,10,0.0,2,1,1,197700.13,0,0.0,740,1
CUST06149,32,Female,Spain,North,2,0.0,1,1,0,116666.63,0,0.0,600,0
CUST07007,60,Male,France,South,6,0.0,2,1,0,74339.51,1,81405.71,403,1
CUST00981,41,Male,Spain,Central,4,219066.39,1,1,0,109181.12,0,0.0,702,0
CUST08583,43,Male,France,Central,9,100737.65,2,0,0,126184.02,1,81189.31,495,0
CUST02643,43,Male,France,West,3,50564.46,2,1,1,121304.8,1,89595.86,385,0
CUST04573,37,Female,France,West,10,0.0,1,1,1,4039.38,1,6898.02,750,0
CUST01070,52,Male,Spain,Central,6,0.0,3,0,1,164226.76,1,30089.98,571,0
CUST07293,73,Female,Spain,South,4,38281.83,2,1,1,124835.38,0,0.0,601,0
CUST09624,61,Female,France,North,9,0.0,1,1,1,98350.63,1,39366.26,455,0
CUST04883,60,Female,France,West,10,19083.8,2,1,1,25166.92,1,58780.81,754,0
CUST07635,43,Male,France,Central,0,0.0,1,1,0,36006.29,0,0.0,729,0
CUST05587,54,Male,Spain,West,9,12503.58,3,1,0,18392.98,0,0.0,,0
CUST05424,60,Male,Germany,Central,2,6545.04,2,0,1,12236.89,0,0.0,502,0
CUST00431,35,Female,Spain,Central,8,118267.79,2,1,1,132203.69,1,16965.61,383,0
CUST03364,53,Male,Germany,West,2,,2,1,1,148286.48,0,0.0,760,0
CUST01327,44,Male,France,West,9,15820.1,2,1,0,112892.89,1,48337.43,510,0
CUST04661,38,Male,France,Central,0,1032.91,1,1,0,191889.11,1,87528.72,415,0
CUST03282,35,Male,France,West,7,0.0,2,1,0,94109.36,1,26662.23,575,0
CUST02270,39,Female,Germany,Central,8,27100.92,1,1,0,55183.89,1,82595.57,840,0
CUST03402,38,Female,Germany,West,10,84631.78,1,0,1,163370.75,1,81600.18,349,0
CUST04652,50,Male,Germany,North,4,5228.67,2,1,1,191092.1,0,0.0,378,0
CUST00825,71,Female,France,Central,0,4118.61,3,1,1,145440.64,0,0.0,421,0
CUST09611,59,Male,France,Central,6,91504.06,2,0,1,12348.91,0,0.0,472,0
CUST09307,30,Female,Germany,Central,3,0.0,1,1,0,115128.35,0,0.0,409,0
CUST08025,42,Male,Germany,North,2,2694.8,1,1,0,174419.02,1,31932.43,419,0
CUST06047,28,Female,Spain,South,4,37206.44,2,1,0,137098.75,0,0.0,528,0
CUST06240,49,Male,France,West,6,0.0,1,1,1,163575.11,0,0.0,747,0
CUST03533,47,Male,Germany,Central,4,33929.07,1,1,0,94890.34,0,0.0,482,0
CUST04766,20,Female,Germany,South,7,0.0,2,0,1,138678.12,0,0.0,527,0
CUST02559,66,Female,France,Central,9,,1,0,0,113628.21,1,78794.61,601,1
CUST07308,21,Female,France,East,10,0.0,2,1,1,20944.88,0,0.0,605,0
CUST05931,57,Female,France,East,9,29894.65,1,1,1,169766.24,0,0.0,,0
CUST00805,38,Female,Germany,South,3,51132.18,1,1,0,71024.06,1,98894.06,411,0
CUST02886,34,Male,Germany,South,7,196223.08,1,1,0,130206.35,0,0.0,547,0
CUST02481,61,Female,Germany,East,7,11427.09,1,1,1,94884.34,0,0.0,454,0
CUST09405,30,Male,France,South,10,0.0,1,0,1,178088.28,0,0.0,743,0
CUST05028,27,Female,Germany,East,6,23172.18,1,0,0,136089.2,1,60276.98,578,0
CUST01267,52,Female,France,Central,6,75416.78,2,1,0,79152.54,1,38713.52,469,1
CUST08950,28,Female,Germany,South,0,11062.15,4,1,0,56290.71,0,0.0,460,0
CUST00074,21,Female,France,East,6,159352.28,3,1,1,143589.2,1,31621.3,631,0
CUST03805,45,Male,Spain,South,3,98676.79,2,1,1,8647.77,0,0.0,335,0
CUST08402,58,Male,France,West,6,144993.8,2,1,1,1707.33,1,93189.14,836,0
CUST02671,38,Female,Spain,North,9,30576.18,1,1,0,38783.78,1,62606.6,762,0
CUST03969,65,Male,Germany,Central,5,42799.2,1,1,1,171415.45,1,59691.17,671,0
CUST00417,41,Female,Spain,South,10,144632.1,1,1,1,102126.0,1,14733.22,594,0
CUST09313,61,Male,Germany,South,8,812.16,1,1,1,9999.83,1,28473.68,601,0
CUST07895,69,Female,Germany,West,10,24304.75,2,0,1,132161.99,1,89954.4,436,1
CUST06269,54,Female,France,West,9,16773.05,1,1,0,121198.02,0,0.0,700,0
CUST02625,66,Female,France,South,4,0.0,2,0,1,196241.51,0,0.0,308,0
CUST02019,50,Male,France,North,2,22516.19,2,1,1,70097.93,1,19913.7,625,0
CUST08247,44,Female,France,East,6,109705.4,2,1,1,37333.82,1,99425.38,790,0
CUST09969,68,Male,France,Central,2,250000.0,1,1,0,114658.43,1,49019.89,610,1
CUST08674,57,Female,Spain,West,1,26807.39,3,1,1,11762.5,0,0.0,,0
CUST01967,45,Female,France,West,4,118675.35,3,1,1,31460.58,0,0.0,693,0
CUST02544,51,Male,France,North,4,67829.78,2,0,0,81271.65,1,29749.83,607,0
CUST06998,68,Male,Germany,South,8,0.0,2,1,1,167199.06,0,0.0,562,0
CUST09589,42,Female,France,Central,2,2940.25,1,0,0,132326.79,1,85721.63,450,0
CUST04711,71,Male,France,West,7,0.0,2,0,0,3623.8,0,0.0,535,0
CUST04222,49,Male,France,South,10,36991.31,1,1,1,139951.66,0,0.0,624,0
CUST00956,64,Male,Spain,West,2,123378.85,3,1,1,105446.11,0,0.0,443,1
CUST00084,61,Male,France,Central,6,44089.36,1,0,1,161211.12,1,22681.64,568,0
CUST09675,26,Female,France,Central,10,118500.89,1,0,0,121180.23,0,0.0,496,0
CUST07788,25,Female,Germany,Central,4,59117.19,2,1,0,12126.1,0,0.0,555,0
CUST08772,53,Male,Germany,Central,7,25819.23,1,0,0,162210.83,0,0.0,629,0
CUST00958,32,Female,France,North,2,18757.12,2,1,0,160761.09,0,0.0,750,0
CUST06632,51,Female,France,South,5,63374.69,1,1,0,198489.88,0,0.0,725,0
CUST06825,41,Female,Spain,South,6,38144.42,2,1,1,2935.58,1,66698.71,549,1
CUST08818,30,Male,Germany,North,0,23347.41,2,1,1,41312.12,0,0.0,405,0
CUST01826,40,Female,France,East,8,0.0,1,1,1,17984.17,0,0.0,557,1
CUST09719,60,Male,Spain,East,6,158260.56,2,1,0,46472.25,1,57301.29,735,1
CUST09124,22,Male,Spain,South,1,250000.0,1,1,1,65775.73,1,61414.5,476,0
CUST08345,33,Female,France,North,4,10363.75,2,1,0,105664.92,0,0.0,402,0
CUST01268,38,Male,France,West,2,0.0,3,1,1,,0,0.0,337,0
CUST05754,27,Male,France,North,8,3431.88,3,1,1,130003.51,1,78224.09,726,0
CUST06731,72,Female,France,North,6,0.0,2,1,0,15362.67,0,0.0,828,0
CUST03708,53,Female,France,South,1,49708.8,3,0,1,153976.33,0,0.0,738,0
CUST03633,38,Female,Germany,South,0,167922.24,1,1,0,136932.0,0,0.0,371,0
CUST07084,47,Male,Germany,West,0,40595.33,1,1,0,124200.28,1,24210.31,719,0
CUST08497,40,Male,France,East,1,84194.87,1,1,0,191472.92,0,0.0,368,0
CUST05986,54,Female,France,East,2,212528.47,1,1,1,197465.18,1,25711.12,315,0
CUST07322,31,Male,Germany,West,8,83092.67,1,0,0,149892.75,1,81551.97,519,0
CUST04702,30,Male,France,West,2,77051.57,2,1,0,35127.58,0,0.0,388,1
CUST05768,65,Female,Spain,North,0,23966.33,2,1,1,54072.61,0,0.0,751,0
CUST01360,68,Female,France,Central,7,14858.28,1,1,0,54333.85,1,77343.46,555,0
CUST05438,37,Male,Spain,East,10,110422.13,1,1,0,187095.03,0,0.0,497,0
CUST03956,33,Female,Spain,South,7,89919.67,1,0,1,55447.12,0,0.0,738,1
CUST08650,63,Female,Germany,Central,2,11779.71,1,1,1,62307.33,0,0.0,354,0
CUST04932,61,Male,Spain,South,1,0.0,2,0,1,144467.77,0,0.0,706,0
CUST09151,54,Female,France,South,4,95508.14,2,0,1,131585.28,1,20426.47,327,0
CUST00045,20,Male,France,East,5,167012.52,1,1,1,35614.19,1,55255.33,686,0
CUST05607,30,Male,Germany,East,1,187694.06,1,1,1,31603.05,0,0.0,441,0
CUST00504,22,Female,France,North,4,0.0,2,1,1,185046.08,0,0.0,657,0
CUST09228,33,Female,France,West,5,98815.52,2,1,0,107811.09,1,14074.71,471,0
CUST09068,42,Male,Spain,East,9,0.0,1,1,0,174012.69,1,52159.91,615,1
CUST02013,23,Male,France,South,9,0.0,3,0,1,177373.45,1,28747.21,688,1
CUST06174,57,Female,France,South,2,87479.66,3,0,0,125792.9,1,51341.69,778,0
CUST05866,20,Female,France,South,5,,1,1,0,107294.06,1,94446.64,704,0
CUST01301,57,Female,Spain,East,4,51115.63,1,0,0,13200.04,1,6693.06,346,0
CUST04086,72,Male,Germany,North,6,155466.31,1,1,0,37502.65,1,34029.01,758,0
CUST09789,55,Male,Spain,West,1,81220.78,3,1,1,66734.18,1,70236.7,729,0
CUST04538,25,Female,Spain,Central,3,20177.05,1,1,0,81340.32,1,75180.85,778,0
CUST01655,42,Male,France,Central,1,0.0,1,1,0,143924.25,0,0.0,681,1
CUST05696,64,Male,Germany,East,2,250000.0,2,1,0,109186.31,1,46366.85,571,0
CUST03051,38,Female,Spain,East,1,197057.73,3,1,0,163596.11,0,0.0,713,0
CUST00840,45,Female,Germany,South,10,158075.82,2,1,1,168428.23,0,0.0,778,0
CUST09335,70,Female,Spain,North,6,0.0,1,1,0,176213.55,0,0.0,348,0
CUST09133,32,Female,France,South,8,250000.0,1,0,1,101856.42,1,64986.96,818,0
CUST04826,40,Female,Germany,East,4,150295.38,1,0,0,53623.45,0,0.0,325,0
CUST08198,23,Male,France,North,0,0.0,2,0,1,98096.03,1,88902.17,308,1
CUST01818,62,Male,Germany,Central,1,0.0,2,1,1,126187.66,1,10076.43,799,0
CUST00916,70,Male,Germany,East,10,100822.85,3,1,0,30236.85,0,0.0,527,0
CUST00736,26,Female,France,South,3,0.0,1,1,1,,1,26514.67,418,1
CUST04204,72,Male,France,East,1,0.0,2,1,0,142052.57,0,0.0,626,1
CUST03274,49,Male,France,West,10,16254.73,1,0,1,42651.22,1,5913.94,649,0
CUST06977,51,Female,France,West,7,34950.66,1,1,1,25195.75,0,0.0,382,0
CUST04785,64,Female,France,East,6,87907.25,2,1,1,120362.07,1,86482.61,314,0
CUST04003,38,Male,France,West,4,23444.59,2,1,1,35701.5,1,68958.56,780,0
CUST03081,31,Female,France,North,3,6991.68,2,1,0,144498.59,1,99245.32,,0
CUST05774,46,Male,Spain,North,8,54045.69,2,1,0,191002.24,0,0.0,592,0
CUST09905,61,Male,France,Central,8,22554.6,2,1,1,78950.24,1,95784.96,341,0
CUST05259,69,Male,Spain,West,4,10891.45,1,1,0,105211.91,1,52932.4,568,0
CUST01902,54,Male,France,North,6,28817.2,2,0,1,150311.69,1,58690.96,794,0
CUST00065,61,Female,Germany,South,7,35697.98,1,1,0,50937.58,1,54793.37,741,0
CUST09450,57,Male,France,West,4,0.0,2,0,0,128013.63,1,29102.49,729,0
CUST06770,52,Female,Spain,South,6,0.0,1,1,1,197510.36,1,40512.34,348,0
CUST06700,54,Female,Spain,Central,4,0.0,1,1,1,119376.5,0,0.0,703,1
CUST00762,24,Male,France,North,6,5590.81,2,1,0,32443.07,0,0.0,529,0
CUST08171,53,Female,France,Central,6,0.0,1,0,1,120112.7,1,51663.38,476,1
CUST00910,22,Male,Spain,North,1,117546.28,2,1,1,168604.19,0,0.0,753,0
CUST06966,59,Male,France,West,0,28586.54,1,1,1,138473.76,0,0.0,623,0
CUST05204,71,Female,Germany,West,4,58508.23,1,0,0,173387.75,0,0.0,811,0
CUST08920,68,Male,Germany,North,9,45789.17,2,1,1,46666.61,1,63239.04,640,0
CUST05811,39,Male,France,Central,0,0.0,2,1,0,33664.54,0,0.0,378,0
CUST06670,23,Male,France,Central,0,519.74,3,1,1,116850.98,0,0.0,620,0
CUST06867,73,Female,France,East,4,170816.64,2,0,1,18880.28,1,24827.83,532,0
CUST03164,62,Male,France,South,9,191240.82,2,0,0,101142.36,0,0.0,772,0
CUST08861,71,Female,France,South,8,31893.05,2,1,1,123269.49,1,81066.89,809,0
CUST04968,21,Male,France,Central,2,0.0,2,1,1,90253.9,1,89751.58,554,0
CUST07216,50,Male,Germany,East,0,134316.62,2,1,1,18708.39,1,44874.25,416,0
CUST02167,52,Male,Spain,East,0,0.0,1,1,1,77171.8,1,43284.33,510,0
CUST09051,41,Female,Spain,Central,5,250000.0,1,1,0,127038.98,0,0.0,431,0
CUST09363,70,Female,France,West,10,,1,1,0,134783.51,0,0.0,468,0
CUST05195,65,Female,France,West,1,28536.81,3,1,0,19317.66,1,20097.76,388,1
CUST00296,58,Male,France,East,3,66238.91,1,1,1,174172.56,1,89620.19,737,0
CUST04651,46,Female,Germany,North,7,0.0,2,0,0,87662.35,0,0.0,347,0
CUST06190,24,Male,France,West,5,7510.41,2,0,0,34335.37,0,0.0,359,1
CUST01581,38,Male,France,North,8,32975.32,1,1,1,86641.55,1,27015.82,302,1
CUST02087,53,Female,France,East,7,11690.85,2,1,1,131263.53,1,74594.92,751,0
CUST05712,54,Female,Germany,South,7,166694.38,1,0,1,117700.21,0,0.0,425,0
CUST00165,43,Female,France,Central,9,0.0,1,1,0,177995.79,0,0.0,618,0
CUST00398,64,Male,Germany,West,2,46965.82,1,0,1,97223.97,1,17378.66,710,0
CUST04951,65,Female,France,West,8,66975.46,1,1,0,127795.42,0,0.0,681,0
CUST07275,63,Male,Spain,North,4,0.0,1,1,1,41498.02,0,0.0,614,1
CUST05669,56,Female,Germany,South,9,109621.01,2,0,0,30534.62,0,0.0,759,0
CUST06177,37,Female,France,South,10,0.0,1,1,0,196288.34,1,66071.61,799,0
CUST04115,42,Female,France,North,7,93145.29,1,0,0,11180.07,0,0.0,462,0
CUST09892,52,Female,France,South,8,250000.0,2,0,1,41011.85,0,0.0,415,0
CUST06392,74,Male,Germany,Central,4,3772.96,1,0,0,112474.3,0,0.0,832,0
CUST00716,70,Female,France,South,8,48327.39,2,1,1,169119.03,0,0.0,342,0
CUST01253,51,Male,Germany,Central,1,92685.62,3,0,0,116149.09,1,59326.09,363,0
CUST04292,54,Male,Germany,West,4,250000.0,3,1,0,27976.99,1,13101.32,411,1
CUST08373,74,Female,Spain,North,0,250000.0,1,1,0,69262.92,1,65051.42,456,1
CUST00204,45,Female,France,Central,8,250000.0,1,1,0,143929.43,1,5247.5,837,0
CUST04389,23,Male,France,East,0,14841.21,2,1,1,93489.4,1,52762.32,354,0
CUST05442,47,Male,Spain,West,2,22636.96,3,1,0,94999.81,0,0.0,512,0
CUST07057,20,Male,France,East,3,89143.49,1,1,0,167957.79,1,10618.7,471,0
CUST02162,20,Male,Spain,West,3,7705.72,2,1,1,133895.36,1,42307.22,381,0
CUST04290,59,Female,France,South,5,0.0,2,1,1,91824.51,0,0.0,801,0
CUST00194,70,Female,France,South,0,118930.14,1,1,1,147040.14,0,0.0,805,0
CUST09824,71,Male,France,North,4,87751.02,2,0,1,168241.63,1,30815.35,355,0
CUST07212,49,Male,France,South,2,4812.78,1,1,1,158818.69,0,0.0,511,0
CUST09384,45,Male,France,West,2,12306.36,1,0,0,165468.24,1,58813.51,825,0
CUST01351,46,Male,Spain,North,6,0.0,1,1,1,140493.14,1,93449.16,688,1
CUST05726,31,Female,France,East,9,36468.16,3,1,0,133029.04,1,24540.22,716,0
CUST08837,65,Female,France,South,7,0.0,2,1,0,164148.54,1,94614.15,335,1
CUST05367,19,Female,France,East,1,7108.79,2,0,1,171301.48,0,0.0,428,0
CUST00005,60,Female,France,Central,5,9913.81,2,0,1,25628.48,0,0.0,830,0
CUST00176,54,Male,Germany,East,10,36034.61,2,0,1,65988.86,0,0.0,770,0
CUST00413,23,Male,Germany,Central,3,14386.09,1,1,0,102369.83,0,0.0,701,0
CUST02350,68,Male,France,South,5,0.0,2,1,0,183730.77,0,0.0,716,1
CUST01991,54,Male,France,West,10,20314.22,1,1,0,156696.09,0,0.0,412,0
CUST01431,70,Female,France,West,3,11942.79,1,1,0,19834.98,0,0.0,347,0
CUST01941,52,Female,Germany,East,10,126999.17,1,1,0,172596.15,1,71797.84,359,0
CUST06681,45,Female,France,South,1,26759.53,2,1,1,82708.53,0,0.0,677,0
CUST04120,62,Male,France,West,1,0.0,1,0,1,29454.92,1,23489.81,485,0
CUST05993,54,Male,Spain,Central,10,43975.18,2,1,0,102519.19,1,85169.02,798,0
CUST02293,49,Female,Germany,Central,5,109468.4,1,1,0,89830.35,0,0.0,695,0
CUST08081,35,Female,France,Central,9,23654.59,2,1,1,62761.42,0,0.0,761,1
CUST07478,57,Female,France,West,9,0.0,1,1,0,31599.99,0,0.0,641,0
CUST05063,35,Male,France,Central,2,117440.87,2,1,1,41537.74,1,53083.35,435,0
CUST09839,62,Male,France,Central,3,45679.67,2,0,0,82785.73,1,75717.48,702,0
CUST09129,58,Female,France,East,9,18198.91,3,1,1,71011.43,1,62415.17,552,0
CUST08335,42,Female,Germany,North,4,0.0,1,1,0,150336.74,1,52200.77,769,0
CUST06171,28,Female,Germany,Central,1,50844.76,1,0,0,2808.28,1,50689.62,488,0
CUST00421,70,Male,France,West,3,210277.42,1,0,0,144867.42,1,55064.77,453,1
CUST05056,35,Female,Spain,Central,9,226074.81,1,0,1,10473.68,1,93244.33,487,0
CUST03857,55,Female,France,South,8,0.0,2,1,1,180346.76,1,87212.46,431,0
CUST00603,19,Male,Germany,East,8,250000.0,1,1,1,60734.62,1,37664.55,736,0
CUST09522,29,Female,Spain,West,6,0.0,2,1,1,173487.29,1,24606.13,822,0
CUST09876,28,Male,France,North,0,0.0,1,1,0,135294.01,0,0.0,696,0
CUST04926,47,Female,France,East,3,0.0,2,1,1,159480.49,1,79612.37,790,0
CUST02564,63,Female,France,North,8,1572.63,1,1,1,194998.24,0,0.0,631,0
CUST03327,46,Female,France,Central,1,0.0,1,0,0,168910.15,1,12161.41,597,0
CUST03415,31,Female,Spain,West,2,86788.17,1,1,0,169330.95,1,75878.15,420,1
CUST00476,31,Male,France,North,8,20957.66,2,1,1,78127.81,0,0.0,510,0
CUST04603,32,Male,France,South,3,185170.8,2,1,1,35834.79,0,0.0,554,0
CUST02503,59,Male,France,West,2,0.0,1,0,0,81667.2,1,90622.74,313,0
CUST07272,41,Male,Germany,East,3,0.0,1,1,1,85362.47,0,0.0,454,0
CUST08319,35,Female,Spain,Central,9,84770.67,1,1,1,17871.37,0,0.0,603,0
CUST07597,41,Male,Germany,East,3,33762.59,1,1,1,141433.43,1,11945.52,828,0
CUST06625,52,Male,France,West,1,0.0,1,1,1,121568.67,1,41264.88,533,0
CUST03442,53,Female,Spain,South,1,143155.56,1,0,1,36671.32,1,77443.53,486,0
CUST01577,27,Female,France,South,7,0.0,1,1,0,3087.26,0,0.0,347,0
CUST00583,40,Male,Spain,East,9,2410.01,2,1,1,56914.69,1,47680.65,532,1
CUST06956,42,Female,France,South,3,250000.0,1,0,1,94740.86,0,0.0,420,0
CUST04761,53,Female,Germany,East,6,83221.53,1,1,0,104907.77,0,0.0,359,0
CUST08261,53,Male,Germany,West,1,92068.53,1,1,0,118262.15,0,0.0,844,0
CUST03138,58,Male,Germany,West,3,4692.87,2,1,0,124802.65,1,71839.16,575,0
CUST01216,20,Female,Germany,South,5,0.0,1,1,1,125869.49,0,0.0,709,0
CUST02875,48,Female,France,South,2,90617.67,2,1,1,16714.19,0,0.0,316,0
CUST01227,30,Male,Germany,North,3,0.0,2,1,1,48943.84,1,12009.6,307,0
CUST04794,64,Female,Spain,North,0,79654.77,2,0,0,15796.12,1,84205.39,846,1
CUST05373,30,Male,France,Central,7,52506.27,3,1,0,135371.37,1,6618.76,586,0
CUST01364,60,Male,Spain,South,0,171453.23,2,1,1,123296.28,1,40766.2,751,0
CUST01486,49,Female,France,East,4,180359.44,2,0,0,97185.75,1,23795.66,359,0
CUST04551,58,Male,Germany,North,2,50286.87,1,1,0,99577.66,0,0.0,525,1
CUST07658,27,Female,Spain,North,0,21210.57,2,0,1,148276.92,1,74748.95,427,0
CUST06420,30,Male,Spain,West,10,93446.99,2,1,0,11341.76,1,62315.83,471,1
CUST05312,33,Male,Germany,Central,1,0.0,2,1,1,151068.03,1,97270.42,772,0
CUST06226,46,Female,France,West,7,35999.06,3,1,1,187386.8,0,0.0,519,0
CUST01677,34,Female,Spain,West,1,74107.85,1,1,1,148446.87,0,0.0,449,0
CUST03152,45,Male,France,North,10,31865.5,2,1,0,106896.46,0,0.0,577,0
CUST04043,59,Female,France,West,1,24398.37,3,1,1,44478.91,0,0.0,483,0
CUST04958,42,Male,Spain,North,7,782.14,2,1,0,72753.29,0,0.0,697,1
CUST04598,51,Male,Germany,South,9,0.0,2,0,0,168883.02,0,0.0,734,0
CUST03332,42,Female,Germany,Central,1,17007.87,1,1,1,118846.56,0,0.0,796,0
CUST03615,50,Female,France,West,2,115556.41,2,1,1,133521.15,0,0.0,580,0
CUST05163,74,Male,France,North,5,55875.02,2,1,1,133901.64,0,0.0,633,0
CUST02100,73,Female,Spain,East,2,1625.86,1,1,0,176791.18,0,0.0,451,1
CUST05946,19,Female,Germany,East,2,114737.97,1,0,1,134813.11,0,0.0,408,0
CUST03268,68,Female,Germany,North,4,24809.99,1,1,1,132731.3,1,68029.5,661,0
CUST05784,20,Male,France,North,8,57063.48,2,0,1,88427.11,0,0.0,458,1
CUST02008,57,Female,France,East,3,90292.03,1,1,0,63623.56,0,0.0,426,1
CUST08873,70,Female,Germany,Central,10,656.2,1,1,1,192221.92,0,0.0,689,0
CUST01801,40,Male,Germany,Central,1,151603.04,1,1,1,63430.21,0,0.0,566,0
CUST01191,43,Female,France,West,8,91408.21,3,1,0,155119.02,0,0.0,463,1
CUST05463,43,Male,Spain,West,0,0.0,2,1,0,67230.62,1,33059.92,364,1
CUST06465,38,Male,France,Central,2,24040.69,2,1,1,166226.96,1,12238.51,586,0
CUST00753,55,Female,France,South,4,9210.58,2,1,0,108128.38,1,34694.48,664,0
CUST02307,21,Female,Germany,West,6,104863.29,1,0,1,199669.51,1,34545.55,613,0
CUST05391,74,Female,France,West,2,54086.95,1,1,0,147121.67,1,43784.65,838,0
CUST07227,39,Female,Spain,East,10,250000.0,1,0,1,82626.14,1,19858.12,692,1
CUST06026,29,Male,France,West,7,11277.77,1,1,0,99541.69,1,36787.79,364,0
CUST09823,33,Female,Germany,North,5,0.0,1,1,1,150059.96,1,60858.5,739,1
CUST03210,49,Female,Germany,Central,5,29323.23,2,1,1,193555.37,1,64702.92,735,0
CUST08452,31,Male,France,West,9,7020.92,1,0,1,168193.38,0,0.0,476,1
CUST04327,62,Male,Germany,West,8,9772.07,1,1,1,74297.77,0,0.0,614,0
CUST02981,35,Female,Spain,South,6,46036.76,1,0,1,55214.89,1,20418.78,401,0
CUST03691,56,Female,France,Central,2,90849.55,2,1,1,168003.77,1,24268.95,437,0
CUST09164,33,Female,Spain,Central,9,51003.43,2,1,0,107040.09,1,86036.93,487,0
CUST04313,54,Female,France,North,1,244373.08,1,1,1,107901.09,1,72554.33,834,0
CUST03970,37,Male,France,South,3,0.0,2,1,1,97247.84,0,0.0,579,0
CUST07934,49,Female,France,North,6,0.0,2,1,1,12727.98,0,0.0,676,0
CUST08797,31,Male,Germany,West,7,0.0,1,1,1,97154.65,0,0.0,329,0
CUST00739,34,Female,Germany,North,2,17614.83,3,1,0,95802.14,1,98360.57,703,1
CUST04609,35,Female,Spain,Central,3,0.0,1,0,0,92084.21,0,0.0,505,0
CUST08672,62,Female,France,South,1,,2,1,1,120708.24,0,0.0,518,0
CUST04590,35,Female,Germany,South,4,77309.53,3,1,1,88801.97,0,0.0,339,0
CUST08823,43,Male,Germany,North,8,14327.84,2,1,1,36497.44,1,37018.65,579,0
CUST00473,25,Female,Spain,South,4,0.0,1,1,0,146051.36,0,0.0,704,0
CUST01652,51,Male,France,South,1,3691.1,2,1,1,178235.51,0,0.0,584,0
CUST02358,66,Female,Germany,North,8,0.0,1,1,0,90873.71,0,0.0,636,0
CUST06991,74,Male,France,East,4,250000.0,1,0,0,178575.69,1,14893.7,701,0
CUST05851,74,Female,Germany,North,5,65611.94,2,0,1,161437.93,0,0.0,684,0
CUST09793,42,Male,Spain,Central,0,32817.64,1,1,0,133144.19,0,0.0,596,0
CUST05093,29,Male,Spain,East,8,0.0,2,0,1,155625.94,1,35367.7,535,1
CUST09246,58,Female,France,Central,0,176858.17,1,0,1,183944.46,1,35420.56,480,0
CUST04223,74,Male,Spain,South,7,0.0,2,1,1,110013.65,0,0.0,699,0
CUST04580,69,Male,Spain,West,1,45543.57,2,1,0,5973.14,1,36348.06,836,0
CUST05957,64,Female,Spain,South,0,0.0,1,1,0,144623.15,1,56938.82,817,1
CUST02322,42,Female,France,Central,1,56124.94,1,1,1,38106.53,1,50863.64,756,0
CUST09634,51,Female,France,South,5,0.0,2,0,0,197864.55,0,0.0,443,0
CUST06452,47,Female,Germany,East,8,95753.36,1,1,0,191296.94,0,0.0,567,0
CUST04983,59,Male,France,South,10,48175.55,2,0,1,136586.64,1,36437.15,754,0
CUST04493,18,Male,Germany,West,4,102120.79,1,0,0,130438.53,1,44187.21,694,0
CUST07099,26,Female,Spain,North,0,58997.66,1,1,1,49844.21,0,0.0,610,0
CUST07019,44,Female,France,East,1,0.0,1,1,0,97546.51,0,0.0,598,1
CUST06898,49,Male,Spain,North,9,38425.9,2,1,1,60843.07,1,31836.4,575,0
CUST06313,65,Female,France,East,4,172503.74,2,1,0,28597.01,1,55110.97,725,1
CUST00626,46,Male,Spain,North,1,0.0,1,1,0,72783.99,1,67429.48,373,0
CUST07286,53,Male,France,West,9,56980.02,2,1,1,54893.71,1,86930.85,543,0
CUST01854,49,Female,France,West,9,0.0,2,1,1,129902.09,1,45769.74,483,0
CUST06477,48,Male,Germany,South,9,129587.12,1,1,1,11103.36,1,27026.7,612,0
CUST01229,19,Male,Spain,East,6,66573.38,1,1,0,120340.89,0,0.0,588,0
CUST00380,39,Female,Spain,Central,7,14420.27,1,1,1,61346.38,1,91458.22,599,0
CUST02860,19,Male,Spain,South,3,156599.0,2,1,1,92434.34,0,0.0,468,0
CUST05857,62,Male,France,West,1,184461.24,2,1,1,128284.85,1,77441.2,361,0
CUST06238,41,Male,Spain,East,7,34111.18,1,1,0,87481.69,1,45498.01,394,1
CUST08931,74,Male,Germany,Central,10,44919.9,1,1,0,73066.33,1,9253.54,544,0
CUST07389,63,Male,Germany,North,7,78844.12,1,1,0,290.56,0,0.0,503,0
CUST04034,42,Female,Spain,South,9,91967.47,2,1,0,14598.41,0,0.0,344,1
CUST03530,42,Male,Spain,North,3,130964.64,2,1,1,70038.32,0,0.0,378,0
CUST07276,31,Female,Germany,Central,6,0.0,1,1,1,192118.2,1,81163.9,710,0
CUST09001,38,Male,Spain,East,9,5344.62,2,1,1,107808.19,0,0.0,340,0
CUST08473,36,Male,Germany,Central,9,35558.71,2,0,1,37266.85,0,0.0,591,1
CUST02195,20,Male,France,Central,3,51067.41,1,1,1,55217.33,0,0.0,467,0
CUST00150,52,Male,France,West,3,61724.07,1,1,1,132668.92,0,0.0,578,0
CUST05706,62,Female,France,Central,8,16100.81,2,1,1,169082.35,1,92033.65,460,0
CUST02241,41,Male,France,East,6,0.0,1,1,1,184507.02,1,81607.12,831,0
CUST04818,53,Male,Germany,Central,8,250000.0,1,1,1,140368.0,0,0.0,644,1
CUST07840,65,Female,Spain,West,8,27982.28,1,1,1,156520.88,1,15768.55,847,0
CUST02411,22,Female,Germany,East,4,51460.77,2,1,1,114330.76,0,0.0,354,0
CUST07330,71,Female,Germany,East,7,0.0,2,1,0,117635.57,0,0.0,555,1
CUST04527,55,Male,Spain,North,1,90766.84,2,0,0,48746.24,1,40195.08,344,0
CUST07578,50,Male,France,North,8,162121.07,1,1,0,41666.51,0,0.0,725,0
CUST02490,46,Female,Spain,North,5,0.0,3,1,1,81053.31,1,71195.85,678,0
CUST04938,65,Male,France,South,6,19222.91,2,1,0,150650.21,0,0.0,603,0
CUST08190,62,Male,France,West,0,7994.2,1,1,0,109118.54,1,94281.66,600,0
CUST05202,39,Male,Spain,West,0,53713.25,1,0,1,98102.54,0,0.0,318,0
CUST05458,19,Female,Germany,South,8,0.0,2,1,1,116997.7,1,31587.21,642,0
CUST05677,62,Female,Spain,West,1,0.0,1,1,0,21943.0,0,0.0,756,0
CUST06296,40,Male,France,West,0,58180.8,3,1,1,41054.26,1,88744.22,601,1
CUST09262,18,Male,Spain,North,0,2447.68,1,0,0,16752.85,1,56904.14,641,0
CUST07853,27,Male,France,North,1,74581.38,2,1,1,179580.83,1,21527.72,840,0
CUST08055,74,Female,Spain,North,6,4114.64,1,0,0,14688.87,0,0.0,509,0
CUST01451,34,Male,Germany,Central,2,59546.4,2,0,1,3396.0,1,74181.23,323,0
CUST07908,39,Female,France,East,7,172226.64,1,1,1,70307.57,1,42326.79,813,1
CUST02355,50,Female,Spain,South,1,99994.78,1,1,1,6700.35,0,0.0,764,0
CUST01556,51,Female,France,West,7,72092.57,1,0,0,171516.24,0,0.0,427,1
CUST05108,40,Male,Spain,East,7,206219.43,1,0,1,92793.44,1,21949.06,711,1
CUST08323,72,Male,France,East,0,0.0,2,0,0,136558.82,0,0.0,504,1
CUST03765,51,Male,France,South,8,80654.29,3,1,1,,1,62023.11,693,0
CUST09192,51,Female,France,West,7,0.0,1,1,0,42494.86,0,0.0,813,0
CUST00878,62,Female,France,Central,1,0.0,1,1,1,190915.45,1,86474.22,607,0
CUST01411,40,Male,France,East,4,0.0,2,1,1,10006.61,0,0.0,475,0
CUST09700,63,Male,France,West,2,0.0,1,1,1,120008.87,0,0.0,652,0
CUST07004,23,Male,France,South,7,0.0,2,0,0,12589.47,1,21878.19,643,1
CUST09102,61,Male,Spain,Central,10,0.0,3,0,0,72255.4,0,0.0,354,0
CUST06045,68,Female,France,West,10,0.0,1,1,1,131461.29,0,0.0,648,0
CUST09962,25,Male,France,West,10,31413.52,4,0,1,122688.24,0,0.0,676,0
CUST08881,20,Female,France,East,0,0.0,3,0,1,81707.01,0,0.0,413,0
CUST02601,51,Male,France,East,10,49915.93,1,1,1,3588.66,1,32416.19,560,0
CUST08996,73,Male,France,East,6,41538.06,2,1,1,101283.69,0,0.0,797,0
CUST06989,19,Male,France,East,10,35522.35,2,1,1,111481.43,1,18592.88,743,1
CUST09642,32,Male,France,North,8,0.0,2,1,0,177033.78,1,96152.48,831,0
CUST07171,34,Male,France,Central,10,6365.15,2,1,1,139282.25,1,47176.56,716,0
CUST03491,34,Female,France,Central,10,67759.37,2,1,0,108865.3,0,0.0,481,0
CUST01202,50,Female,Spain,East,3,107025.06,1,1,0,49877.47,0,0.0,,0
CUST05512,64,Female,France,South,1,26424.25,2,0,0,154155.47,1,79552.6,589,0
CUST08613,24,Female,France,West,9,70401.29,1,1,0,179676.12,0,0.0,391,0
CUST02525,62,Female,France,North,9,0.0,2,1,0,79145.02,1,40801.31,772,1
CUST05566,27,Female,France,West,4,0.0,1,1,0,194583.62,0,0.0,780,0
CUST00156,22,Male,Spain,South,4,207028.98,1,1,0,43208.69,1,27895.7,467,0
CUST05721,34,Male,France,South,9,56012.93,4,1,1,125512.52,0,0.0,829,0
CUST05924,29,Male,Germany,North,4,107464.77,3,1,1,110628.41,1,26710.34,328,1
CUST06479,40,Female,France,South,4,51094.25,2,0,1,103700.11,1,20958.01,345,0
CUST09547,66,Male,Germany,Central,6,37066.83,2,1,1,121260.06,1,73127.34,447,0
CUST07587,71,Male,Spain,South,8,111813.2,1,0,0,42204.44,0,0.0,608,0
CUST03979,52,Male,Germany,East,5,23671.18,2,0,0,5152.64,1,67153.72,415,0
CUST03275,47,Female,Spain,Central,1,0.0,2,1,1,146917.71,0,0.0,567,1
CUST01681,63,Male,Spain,Central,9,50679.24,1,0,0,157379.99,1,26151.76,516,0
CUST04374,64,Female,France,West,3,26025.7,3,1,0,20498.44,0,0.0,391,1
CUST05681,58,Female,France,West,0,250000.0,1,1,1,30142.46,0,0.0,683,0
CUST09025,28,Male,France,Central,5,0.0,2,0,0,93230.01,1,13077.66,507,0
CUST03091,55,Female,France,West,1,7536.46,3,0,0,130582.71,0,0.0,499,0
CUST09438,23,Male,France,East,6,38161.96,1,1,1,63644.74,0,0.0,558,0
CUST02361,48,Female,Spain,West,9,23812.89,1,0,1,106067.6,0,0.0,824,0
CUST06356,34,Male,France,West,0,103361.27,1,0,0,83525.12,0,0.0,517,0
CUST04759,39,Male,France,East,7,14324.71,2,1,0,87915.3,1,67345.99,845,0
CUST04044,18,Male,Germany,West,6,21153.49,1,1,0,52076.29,1,20462.74,354,0
CUST06355,62,Female,France,South,2,58799.9,1,1,1,157624.65,0,0.0,417,1
CUST01846,59,Female,France,South,2,202390.64,2,1,1,378.82,0,0.0,561,0
CUST07969,43,Female,Spain,West,10,0.0,1,0,0,3893.35,1,12657.62,845,1
CUST08427,40,Female,France,East,7,0.0,2,1,0,18276.82,1,56472.44,718,0
CUST01817,61,Male,Spain,Central,10,0.0,3,0,1,44247.54,1,80060.91,763,0
CUST07003,33,Female,Spain,East,7,35757.46,3,1,0,159068.73,1,93340.71,708,1
CUST07622,56,Male,France,Central,5,69266.47,2,1,1,31573.43,0,0.0,834,0
CUST07640,40,Male,France,South,7,4202.72,2,1,1,111306.31,1,8153.74,511,0
CUST04068,56,Female,France,West,2,0.0,2,0,0,3273.82,0,0.0,473,0
CUST05114,62,Male,Spain,Central,1,46249.03,1,1,1,98123.58,1,99694.56,782,0
CUST06552,55,Female,France,South,9,74574.49,2,1,1,91203.12,1,13423.77,832,0
CUST04437,25,Male,Spain,West,10,250000.0,2,1,1,158781.67,0,0.0,371,0
CUST08877,24,Female,Germany,South,6,232650.32,2,1,0,158355.57,0,0.0,827,1
CUST06361,30,Male,France,North,9,10934.35,2,1,0,130980.56,0,0.0,351,0
CUST00297,50,Female,France,South,7,96329.66,3,1,1,140576.95,0,0.0,809,0
CUST05310,36,Female,Germany,Central,6,33488.58,2,0,1,194069.21,1,82817.54,832,0
CUST02624,50,Male,France,North,2,65396.04,1,1,1,125903.68,0,0.0,545,0
CUST01410,28,Female,France,North,3,40533.59,1,1,1,173221.46,0,0.0,429,0
CUST04927,20,Female,Germany,West,8,19509.68,1,1,1,137360.42,1,85829.99,355,0
CUST03245,49,Female,France,West,4,132144.49,1,0,0,52453.77,1,54424.63,,1
CUST09294,64,Female,Spain,South,0,78222.01,1,1,0,17261.0,0,0.0,527,0
CUST07445,60,Female,France,Central,2,250000.0,3,1,0,67468.87,1,58875.43,681,1
CUST02615,32,Male,Germany,East,8,0.0,1,1,1,186869.67,0,0.0,349,0
CUST05686,34,Male,France,North,7,0.0,2,1,1,106825.75,1,58691.61,342,0
CUST00536,18,Male,Germany,South,9,0.0,1,1,0,74738.72,1,39133.2,382,0
CUST04489,57,Female,Spain,Central,9,73506.49,2,1,1,,1,62653.83,457,0
CUST00333,33,Male,Spain,West,9,67322.7,2,0,1,102781.87,0,0.0,470,0
CUST09042,54,Male,Spain,South,5,0.0,2,1,1,129436.31,1,65243.41,499,0
CUST01264,54,Female,Spain,South,9,22532.44,1,0,1,99119.95,1,96143.41,794,0
CUST02986,42,Female,France,North,0,13845.19,1,0,1,193637.58,0,0.0,548,0
CUST06224,59,Female,Spain,South,6,34103.07,1,1,0,193995.48,0,0.0,714,0
CUST02569,48,Female,France,North,10,59352.31,2,0,0,129289.45,1,20994.49,431,0
CUST03824,40,Male,Spain,West,3,79209.26,2,1,0,103452.98,0,0.0,802,1
CUST09835,72,Female,France,North,0,112712.17,2,1,1,26580.45,0,0.0,460,0
CUST01442,43,Male,France,West,5,12484.12,1,1,0,65658.23,1,66745.96,671,0
CUST08675,63,Female,Germany,East,2,1412.22,3,1,1,163096.07,0,0.0,612,0
CUST01332,19,Male,Germany,South,2,0.0,1,1,1,71603.19,0,0.0,321,0
CUST04113,22,Female,France,South,3,250000.0,1,1,1,78454.92,1,27498.48,389,0
CUST06055,31,Female,France,West,5,0.0,1,1,0,18098.04,0,0.0,540,1
CUST03676,57,Female,Germany,West,10,35148.63,2,0,0,45890.66,1,61490.02,555,0
CUST07261,48,Male,Spain,East,8,21334.25,2,1,1,25827.05,0,0.0,486,0
CUST04754,30,Female,France,West,7,0.0,2,1,1,48533.79,0,0.0,368,0
CUST06996,33,Male,Germany,West,7,1211.7,3,1,0,110155.9,0,0.0,658,0
CUST09208,25,Female,France,Central,2,36498.46,2,1,0,10264.6,1,49862.2,320,0
CUST05392,25,Male,France,West,3,28560.44,1,1,1,168788.97,0,0.0,455,0
CUST01881,31,Female,France,North,3,33902.14,1,0,0,156068.51,0,0.0,353,1
CUST07229,37,Female,Spain,South,6,19400.32,2,0,0,51459.84,1,71000.2,420,1
CUST05524,74,Female,France,South,9,16030.62,1,0,1,172834.76,0,0.0,494,1
CUST09861,48,Male,France,East,8,193851.56,3,1,0,158288.77,0,0.0,481,0
CUST09838,56,Female,Germany,South,1,121813.66,2,1,1,67557.04,1,74686.52,395,0
CUST04277,43,Male,France,West,10,27637.15,2,1,0,,1,89501.05,558,1
CUST06365,48,Female,Germany,Central,2,5836.34,2,0,1,52249.88,0,0.0,311,0
CUST01632,26,Female,France,North,1,49759.82,1,1,1,106027.31,0,0.0,329,0
CUST09034,24,Male,France,South,8,0.0,1,1,1,50816.66,0,0.0,517,0
CUST05389,27,Male,France,Central,8,99806.79,2,1,1,115325.96,0,0.0,551,0
CUST01559,41,Male,France,West,5,96657.64,3,1,1,147889.38,0,0.0,391,1
CUST01340,48,Male,France,West,0,114028.33,2,1,0,13461.7,1,80614.5,746,0
CUST04332,61,Male,France,East,8,0.0,2,1,1,49016.57,0,0.0,771,0
CUST07132,36,Female,Germany,South,5,0.0,1,1,0,109011.07,0,0.0,475,0
CUST00555,29,Female,Germany,East,9,48978.01,1,1,0,74086.79,0,0.0,640,0
CUST06886,62,Male,France,Central,4,10086.98,1,1,0,135887.59,1,48705.17,599,1
CUST05950,43,Female,Germany,Central,6,77632.13,1,0,1,51830.83,1,45345.69,480,0
CUST09849,64,Male,Spain,Central,5,250000.0,2,1,1,156065.45,0,0.0,552,0
CUST08941,23,Male,France,South,2,139061.61,3,0,1,20138.99,0,0.0,569,0
CUST05089,73,Female,Spain,South,5,0.0,1,0,0,1696.72,0,0.0,331,0
CUST07136,52,Male,France,Central,2,23162.15,2,1,0,171403.37,0,0.0,618,0
CUST06714,45,Male,France,North,1,25428.63,2,0,0,45916.66,1,32570.45,580,0
CUST07668,29,Female,Germany,Central,0,64924.86,2,1,0,110513.31,1,92248.21,764,1
CUST05197,71,Female,Spain,South,7,141926.97,1,1,1,184998.0,0,0.0,548,0
CUST00171,66,Male,France,North,0,34938.36,2,0,1,13988.12,1,49551.42,430,0
CUST00687,37,Male,France,West,2,31364.65,2,0,1,82437.19,1,90351.51,654,0
CUST05724,59,Male,Spain,South,1,0.0,1,1,0,64853.81,0,0.0,827,1
CUST00061,37,Male,France,West,6,250000.0,1,1,0,11234.58,0,0.0,748,0
CUST07355,30,Male,Germany,South,7,185962.27,1,1,0,159444.09,1,62447.9,800,0
CUST04607,46,Male,France,South,1,0.0,1,1,0,91714.63,0,0.0,324,1
CUST02832,26,Male,Germany,West,9,47795.84,1,1,1,162503.92,0,0.0,788,0
CUST03426,47,Female,France,East,2,1943.95,1,1,1,51033.42,1,8390.35,768,0
CUST07218,73,Female,France,West,0,68278.8,1,0,0,182573.13,1,60651.96,435,0
CUST04816,30,Male,Germany,North,7,183732.74,1,1,0,43240.21,0,0.0,420,0
CUST03570,24,Female,France,Central,3,0.0,3,0,0,93839.23,1,60750.08,332,0
CUST06803,31,Male,Spain,North,10,0.0,1,1,1,105626.11,1,19952.45,349,0
CUST04076,26,Male,Germany,Central,1,39734.62,2,1,0,17643.93,0,0.0,827,0
CUST07607,35,Male,Germany,Central,7,0.0,1,1,0,48910.68,1,82658.99,614,1
CUST08800,43,Male,France,East,1,23536.72,2,1,0,36396.99,0,0.0,698,0
CUST05095,68,Male,Germany,North,5,68583.69,3,0,1,61387.7,1,53379.0,472,0
CUST09322,67,Male,France,South,9,46949.46,1,0,1,72052.95,1,16444.83,502,0
CUST08655,24,Male,Germany,Central,5,24840.34,2,1,1,129941.55,0,0.0,593,0
CUST08618,60,Male,Spain,Central,0,203361.07,1,1,0,17159.48,0,0.0,702,0
CUST00054,42,Female,France,North,3,69962.97,1,1,1,41270.28,1,56925.92,811,0
CUST03228,58,Female,Spain,East,6,104515.95,2,0,1,136281.97,0,0.0,736,0
CUST06339,61,Male,France,East,4,13790.09,2,0,1,123066.45,1,49629.66,645,0
CUST01825,72,Male,France,West,1,198254.53,1,1,0,152604.27,0,0.0,498,1
CUST07627,39,Male,Germany,North,7,134551.9,1,0,1,185780.84,1,77419.44,574,0
CUST01971,42,Female,Spain,East,5,0.0,2,0,1,47005.77,1,98701.08,462,0
CUST07044,64,Male,France,West,0,17619.48,2,0,0,175716.64,0,0.0,813,1
CUST08545,63,Male,Germany,South,8,48016.5,3,1,1,141927.07,0,0.0,613,1
CUST00298,57,Female,Germany,East,2,81473.05,4,1,1,2541.18,0,0.0,727,0
CUST00284,46,Male,France,South,5,61222.76,3,0,0,52549.36,1,41380.04,302,0
CUST02199,42,Female,Spain,Central,8,0.0,1,1,1,89399.96,0,0.0,475,1
CUST06976,65,Female,Spain,South,0,162181.56,1,1,0,139753.08,0,0.0,704,0
CUST09691,71,Male,France,South,1,35243.66,1,1,0,147489.49,0,0.0,831,0
CUST07254,18,Male,France,West,9,0.0,1,1,1,30139.68,1,19542.15,528,0
CUST01889,65,Male,Spain,East,5,90052.06,2,1,0,167382.76,1,54992.66,469,0
CUST02265,47,Female,Germany,South,10,20148.76,2,1,0,184222.98,1,97686.65,734,0
CUST05432,44,Female,Spain,South,8,146040.56,3,1,1,149520.53,0,0.0,321,1
CUST09667,41,Male,France,North,10,166610.1,1,1,1,182922.27,0,0.0,579,0
CUST05876,49,Male,France,South,3,48462.22,2,0,0,140922.36,1,20601.4,301,1
CUST05372,50,Male,Germany,Central,0,16876.66,1,1,0,146578.24,1,75804.87,366,1
CUST06970,72,Female,France,West,3,193295.0,2,1,0,61566.07,1,73045.09,817,1
CUST07965,62,Female,France,North,3,0.0,2,1,1,107058.43,1,25492.69,793,0
CUST02051,30,Female,France,West,4,0.0,2,0,0,18364.7,1,70812.48,556,1
CUST08424,34,Female,Spain,East,5,96809.36,1,1,1,75485.44,0,0.0,502,1
CUST05273,32,Male,France,Central,10,92213.98,1,1,1,78107.48,1,49846.16,528,0
CUST03822,28,Male,Spain,Central,7,0.0,2,1,1,93600.1,0,0.0,645,0
CUST04144,32,Male,Spain,North,0,0.0,2,1,0,26132.51,0,0.0,485,1
CUST00839,41,Female,Spain,South,8,46266.77,2,1,1,99257.94,1,87755.19,593,0
CUST03183,41,Female,Germany,East,3,94425.6,1,1,1,6922.29,0,0.0,373,0
CUST04390,34,Female,France,West,8,57891.12,2,1,0,198635.61,1,22204.18,405,0
CUST00673,40,Female,Germany,West,4,0.0,1,1,1,139395.46,1,19518.89,300,0
CUST06974,52,Male,Germany,Central,2,16648.5,3,0,1,40510.82,0,0.0,786,0
CUST06965,31,Male,Germany,West,6,48052.13,1,1,0,84912.38,1,83312.74,603,0
CUST04396,61,Female,France,South,4,48468.25,2,0,0,182970.66,0,0.0,822,0
CUST04046,46,Male,France,Central,10,0.0,1,1,0,46915.96,1,35644.32,525,0
CUST08963,65,Male,France,North,8,17101.6,2,1,0,28049.33,0,0.0,702,0
CUST02988,42,Female,Germany,Central,8,23893.01,1,0,1,19380.8,0,0.0,414,0
CUST08737,43,Male,France,South,2,0.0,1,0,1,108894.09,0,0.0,642,0
CUST09944,64,Male,France,West,3,0.0,2,1,1,8976.53,0,0.0,583,0
CUST03054,63,Female,France,South,6,22614.21,2,0,0,180252.54,1,55046.8,572,0
CUST01930,66,Male,Germany,Central,7,33189.84,3,1,0,89601.17,1,95987.02,690,0
CUST07665,26,Female,Spain,North,7,105512.65,2,1,0,127367.75,1,84419.61,432,0
CUST05744,45,Male,Germany,West,9,6991.11,1,1,0,124891.1,1,46266.41,795,0
CUST08712,34,Female,Germany,West,7,9423.6,2,1,1,134133.61,0,0.0,701,1
CUST09731,56,Female,France,North,5,76173.8,1,1,1,138129.18,1,30392.88,,0
CUST08826,65,Female,France,North,6,0.0,1,1,1,120022.33,0,0.0,806,0
CUST04175,57,Male,France,South,2,68927.64,2,1,1,136267.46,1,58285.85,802,0
CUST04128,19,Female,France,East,4,0.0,1,1,0,73265.6,0,0.0,841,0
CUST06294,61,Female,France,South,3,250000.0,1,0,1,105317.12,0,0.0,743,0
CUST01467,39,Male,Spain,West,8,27339.92,1,1,1,62674.89,0,0.0,373,0
CUST00128,59,Female,France,East,3,39005.82,1,0,1,61100.08,0,0.0,789,0
CUST01735,42,Male,France,North,2,59521.75,1,1,1,61193.48,0,0.0,547,0
CUST00390,25,Male,France,East,5,117374.99,2,1,1,7322.92,0,0.0,314,0
CUST02771,36,Male,France,East,1,39059.35,1,1,1,158574.49,0,0.0,473,0
CUST06084,40,Female,France,North,5,0.0,1,1,1,183090.48,1,45392.92,695,0
CUST03190,63,Female,France,East,6,0.0,1,0,1,135004.17,1,23197.06,791,0
CUST01960,31,Male,Germany,West,0,183243.92,2,0,0,34740.14,0,0.0,348,0
CUST01056,64,Male,France,West,1,123997.39,1,1,0,37659.05,1,56090.38,729,0
CUST00819,66,Female,Spain,Central,6,140465.47,3,0,0,159532.26,1,31241.73,522,1
CUST00811,53,Male,France,East,5,166051.25,3,1,1,143672.27,0,0.0,761,0
CUST02197,63,Female,France,Central,3,35422.62,2,1,0,58515.42,0,0.0,548,0
CUST04686,56,Female,France,South,9,41654.96,1,1,1,66123.66,1,81462.59,522,1
CUST06291,63,Female,Germany,Central,9,30277.32,1,1,0,159746.07,0,0.0,503,0
CUST05984,41,Male,Germany,South,5,29311.14,2,1,1,95578.14,1,71587.91,666,0
CUST01650,58,Female,France,South,5,0.0,2,1,0,180646.1,0,0.0,538,0
CUST04468,47,Male,Germany,West,9,0.0,4,0,0,90686.52,1,28541.09,568,1
CUST07944,56,Male,Germany,East,3,1742.75,1,1,0,168778.44,1,93006.9,341,1
CUST05285,31,Male,Spain,East,0,22552.13,1,0,1,82110.79,0,0.0,594,0
CUST02488,37,Male,Spain,West,2,10908.71,2,0,0,118663.56,1,29816.58,636,0
CUST01297,19,Male,France,North,1,0.0,2,0,1,174887.26,0,0.0,662,0
CUST09312,47,Male,France,West,6,38245.9,1,1,0,77396.7,0,0.0,566,0
CUST06598,73,Female,France,North,2,102157.74,1,1,0,59515.0,1,27718.14,636,0
CUST07180,59,Male,France,East,0,250000.0,1,1,0,161281.98,0,0.0,503,0
CUST09010,69,Female,France,West,3,4202.57,1,1,1,145070.93,1,83477.15,561,0
CUST02514,56,Male,Germany,West,5,25356.5,2,0,1,108096.37,0,0.0,376,0
CUST04338,68,Male,Germany,West,0,0.0,3,1,0,26416.72,0,0.0,395,0
CUST09155,65,Male,France,West,9,,2,1,1,101885.75,0,0.0,411,0
CUST08943,68,Male,France,East,7,145599.83,1,1,1,102170.51,0,0.0,426,0
CUST02287,23,Male,France,Central,7,0.0,1,1,1,110854.12,1,36969.28,431,0
CUST05802,42,Male,Germany,West,7,187224.05,1,1,0,6542.13,0,0.0,549,0
CUST08976,24,Male,France,Central,5,61045.13,2,0,0,35641.86,1,64903.55,595,1
CUST07564,39,Male,France,East,1,0.0,1,1,1,157259.06,1,10614.19,669,0
CUST01646,35,Female,France,East,1,0.0,2,1,0,153941.83,1,18243.82,639,1
CUST02366,45,Male,Germany,North,10,6589.56,4,1,0,124384.29,1,60950.7,791,0
CUST02646,19,Female,France,East,2,10706.71,2,1,1,60108.74,1,29638.7,605,0
CUST00719,74,Female,France,Central,4,97547.73,1,0,0,83536.82,0,0.0,348,1
CUST07408,44,Male,Germany,West,0,192945.57,2,1,1,84774.09,0,0.0,547,0
CUST00721,62,Male,France,South,3,3254.26,2,1,1,137272.07,1,92306.02,309,0
CUST05580,60,Male,Germany,North,1,165501.67,1,0,1,76371.83,1,84674.4,548,0
CUST06568,49,Female,France,East,6,40655.86,1,1,0,170319.8,1,87611.06,568,1
CUST09939,18,Male,Germany,Central,0,0.0,1,0,1,193362.6,0,0.0,578,1
CUST05117,58,Female,France,Central,3,113787.89,1,1,1,12052.32,0,0.0,641,0
CUST04762,31,Male,France,South,9,0.0,2,0,1,165965.91,1,88380.6,806,0
CUST05611,60,Male,France,Central,2,133340.13,1,1,0,41374.52,0,0.0,766,0
CUST08397,60,Male,France,East,1,43161.04,1,1,0,58525.52,0,0.0,499,1
CUST02415,71,Female,France,Central,8,3523.08,2,1,0,10517.97,0,0.0,422,0
CUST09528,52,Female,Germany,South,2,0.0,3,0,1,2117.59,0,0.0,405,0
CUST06285,63,Male,France,East,7,151805.05,1,0,0,147649.94,0,0.0,796,0
CUST09244,72,Male,France,South,3,0.0,1,0,0,63932.56,0,0.0,516,1
CUST06400,66,Female,Germany,West,8,226891.21,3,1,0,147024.44,1,16491.5,474,0
CUST00231,41,Male,France,West,10,131203.69,1,1,1,148550.57,0,0.0,515,0
CUST09781,34,Male,Germany,South,1,62112.58,4,1,0,81776.63,1,23575.96,320,0
CUST00227,32,Male,France,Central,4,0.0,1,0,1,54496.68,0,0.0,450,0
CUST02635,63,Male,Germany,East,6,199256.66,1,0,0,114193.95,1,50920.44,693,0
CUST07935,47,Male,France,North,4,134385.69,1,1,1,42721.2,1,61235.49,582,0
CUST07342,60,Female,Spain,East,9,83129.17,3,0,1,6946.74,0,0.0,309,0
CUST07411,37,Female,Germany,West,8,88914.25,2,0,0,166703.97,0,0.0,385,0
CUST02143,37,Female,Spain,North,9,70455.7,2,0,0,193470.11,0,0.0,761,0
CUST07993,62,Female,Spain,North,2,181015.79,1,1,1,155190.74,0,0.0,837,0
CUST06742,18,Male,France,West,5,41418.94,1,0,1,94829.27,1,97757.45,,0
CUST07698,46,Female,France,West,6,0.0,1,0,0,55315.07,1,89590.48,608,1
CUST07991,55,Female,France,Central,1,0.0,2,1,1,110289.26,0,0.0,578,0
CUST02887,33,Male,Germany,West,6,,1,0,1,14799.33,0,0.0,410,0
CUST01186,74,Female,Germany,South,3,58360.75,1,1,1,189934.63,0,0.0,309,0
CUST09565,35,Male,France,North,9,0.0,1,1,0,,0,0.0,793,1
CUST07224,71,Female,France,Central,5,174948.26,1,1,1,32890.05,0,0.0,754,0
CUST04917,23,Male,France,Central,4,9564.92,1,1,0,40683.18,0,0.0,638,0
CUST04378,71,Male,Germany,West,3,189774.59,1,0,0,147192.33,0,0.0,613,1
CUST02679,42,Male,Spain,North,4,0.0,2,1,1,151551.57,1,67889.23,699,0
CUST09062,43,Male,Germany,Central,2,24982.73,3,1,0,35582.32,0,0.0,576,1
CUST09987,71,Male,France,West,1,104317.92,2,1,1,152692.46,1,34959.44,451,0
CUST03736,45,Female,France,North,6,0.0,1,1,1,,0,0.0,593,1
CUST04320,70,Female,Germany,East,2,63923.64,1,1,1,67554.38,1,90101.31,511,0
CUST05306,57,Female,Spain,South,2,5922.0,1,1,0,194329.8,1,23153.51,703,1
CUST09609,48,Female,France,East,4,30571.24,1,0,0,162363.62,0,0.0,341,0
CUST01100,32,Female,France,South,9,2561.92,1,1,0,34830.01,1,91409.56,805,0
CUST01136,58,Female,Germany,South,1,0.0,2,1,0,94501.04,0,0.0,431,1
CUST03779,51,Female,Germany,South,2,86570.25,1,0,1,8165.47,1,94791.45,830,0
CUST04398,49,Male,Spain,South,4,250000.0,2,1,1,169379.32,1,84185.48,331,0
CUST09230,53,Male,France,South,5,4970.84,2,1,1,64444.35,1,20452.69,739,0
CUST03790,36,Female,France,West,2,0.0,1,1,0,193867.71,1,44007.71,318,0
CUST08523,70,Female,Germany,North,2,38604.02,1,0,1,13316.19,1,48214.39,781,0
CUST07785,60,Male,France,North,5,55030.74,1,1,1,127715.01,0,0.0,572,0
CUST06070,27,Male,France,East,2,19777.08,2,1,1,32332.53,1,53180.36,794,0
CUST08273,52,Female,Spain,South,9,21698.58,1,1,1,178855.89,1,8200.64,826,0
CUST03839,19,Male,Spain,South,0,149864.98,1,1,0,121776.14,0,0.0,530,0
CUST00884,18,Male,France,South,3,0.0,2,1,1,97279.13,0,0.0,755,0
CUST09298,60,Female,Germany,West,5,36661.22,3,1,1,20218.76,1,95949.74,797,0
CUST09454,55,Male,France,Central,5,23036.82,4,1,0,124285.05,0,0.0,570,0
CUST00306,42,Male,France,West,10,90906.63,2,1,1,39591.53,0,0.0,402,0
CUST05974,27,Female,France,North,9,0.0,4,0,0,199659.58,1,58768.78,470,1
CUST06763,34,Female,France,East,0,27627.76,2,0,0,120551.09,0,0.0,397,1
CUST09712,19,Male,Spain,East,3,60731.53,1,0,0,153445.43,1,60517.5,647,1
CUST08408,40,Female,Spain,West,7,0.0,1,1,1,115344.36,0,0.0,375,0
CUST07527,74,Female,France,East,1,122060.83,3,1,0,169483.03,0,0.0,484,0
CUST09362,61,Male,France,South,5,0.0,1,1,1,136157.28,0,0.0,638,0
CUST01333,27,Male,France,Central,4,0.0,2,1,1,139098.94,0,0.0,839,0
CUST09736,70,Female,Germany,Central,1,0.0,1,1,0,117657.65,1,78476.93,813,0
CUST07350,63,Male,Spain,West,5,48249.64,1,0,1,70785.31,1,54706.89,550,1
CUST05783,66,Female,France,South,6,6412.72,1,1,1,110904.48,0,0.0,381,0
CUST09790,19,Female,France,East,3,31081.7,3,1,1,107781.07,1,7800.09,847,0
CUST01539,18,Female,Spain,North,3,35286.34,1,1,0,174628.46,1,78879.84,589,1
CUST02359,47,Male,France,Central,7,8617.86,1,1,1,131899.13,1,15963.74,306,0
CUST07869,70,Female,France,South,6,28814.08,2,1,0,24298.89,0,0.0,839,1
CUST03975,70,Male,Germany,Central,7,0.0,2,0,0,9446.59,0,0.0,769,1
CUST04522,34,Male,Germany,North,4,250000.0,1,0,0,44655.43,0,0.0,380,0
CUST06028,48,Male,Germany,Central,7,68481.76,1,1,0,55795.96,0,0.0,319,0
CUST02039,59,Female,Germany,Central,5,250000.0,1,1,0,188785.57,1,25190.08,457,0
CUST03349,51,Female,France,Central,8,52055.44,2,0,0,23982.74,1,25271.08,468,0
CUST08422,56,Female,Germany,North,3,0.0,1,1,0,175537.02,0,0.0,480,0
CUST06659,55,Male,Spain,West,5,65334.04,3,1,1,139547.63,0,0.0,400,1
CUST03457,28,Male,France,North,5,10636.5,1,1,0,60632.38,0,0.0,647,1
CUST06248,57,Female,France,North,4,0.0,2,1,0,16679.64,0,0.0,383,1
CUST05423,43,Male,France,West,3,33417.39,2,1,1,99270.35,0,0.0,641,0
CUST04074,71,Female,France,North,9,73760.39,1,1,1,91189.3,0,0.0,331,0
CUST01206,64,Male,France,West,1,118464.87,2,0,0,133745.57,0,0.0,322,0
CUST03109,62,Female,France,North,7,64426.61,1,1,1,186686.91,1,81657.76,640,0
CUST00692,36,Male,France,North,4,122368.53,1,1,1,142847.61,0,0.0,382,0
CUST08512,18,Female,Spain,South,0,42808.65,2,1,1,128378.85,1,38595.99,578,0
CUST06386,39,Male,Spain,West,7,0.0,3,0,0,9561.62,1,60873.0,677,0
CUST00475,33,Male,Spain,South,1,29735.82,1,0,1,197323.22,1,72012.43,723,0
CUST05576,59,Female,Germany,North,9,0.0,1,0,0,139956.07,1,92442.98,711,0
CUST01053,26,Female,Spain,North,3,162127.47,1,1,0,9670.73,1,78655.65,784,0
CUST04666,41,Male,Germany,Central,0,119807.04,4,0,1,191380.42,1,5875.73,720,0
CUST04202,52,Female,Germany,South,0,0.0,1,0,1,132881.54,0,0.0,777,0
CUST07782,61,Male,France,West,10,61100.59,1,1,0,73258.84,1,63139.1,665,1
CUST08598,72,Female,France,West,4,15731.45,1,0,0,197030.13,0,0.0,302,0
CUST08446,69,Female,Spain,Central,4,69074.35,3,1,1,153528.83,0,0.0,639,0
CUST01423,71,Male,Spain,Central,0,250000.0,1,1,0,112122.59,0,0.0,809,1
CUST02502,29,Female,France,South,1,0.0,3,1,0,187933.51,0,0.0,331,0
CUST03552,42,Female,Spain,Central,5,68104.48,1,1,1,114849.49,0,0.0,488,0
CUST02306,33,Male,Germany,Central,8,76927.6,1,0,1,132451.69,1,92564.81,606,0
CUST05000,61,Female,Spain,South,4,13903.95,4,1,1,75839.0,0,0.0,579,0
CUST01313,32,Male,Germany,North,1,69139.88,4,1,0,40181.47,1,89023.12,659,1
CUST00965,56,Male,France,East,10,40877.75,2,1,1,149575.49,1,30918.6,346,1
CUST00018,20,Male,France,South,1,1948.74,1,1,0,17505.28,0,0.0,671,0
CUST07802,74,Male,France,Central,6,2037.05,2,0,1,124427.79,1,11205.75,725,1
CUST02441,48,Female,France,North,3,36825.95,2,1,0,173147.14,1,75066.66,775,0
CUST08073,52,Male,Spain,East,2,0.0,3,1,0,120501.54,1,89028.42,473,1
CUST00463,67,Female,Spain,East,9,48573.53,1,1,0,45404.21,0,0.0,805,0
CUST03438,47,Female,France,East,6,136266.52,1,0,1,35326.98,1,74471.64,749,0
CUST04273,20,Male,Germany,North,8,0.0,2,1,0,50735.86,0,0.0,,0
CUST04377,38,Female,Germany,South,4,67096.88,1,1,1,100301.76,0,0.0,553,1
CUST07701,19,Male,France,Central,0,0.0,1,1,1,100755.79,0,0.0,750,0
CUST09349,47,Male,France,South,10,0.0,4,1,1,170326.8,0,0.0,519,0
CUST04281,60,Female,France,Central,2,0.0,1,1,1,12264.44,0,0.0,310,1
CUST05541,63,Male,Germany,North,9,250000.0,2,1,1,120347.82,0,0.0,677,0
CUST09345,67,Male,France,East,6,0.0,1,1,1,169931.03,1,96819.85,701,0
CUST00274,51,Female,France,North,8,0.0,1,1,1,29549.69,1,21064.12,543,0
CUST06527,67,Female,France,East,10,125805.64,3,1,0,182534.11,1,32709.59,317,1
CUST01921,68,Female,Spain,West,2,2781.7,2,1,1,121071.3,0,0.0,697,0
CUST06405,42,Female,Germany,East,0,44434.21,1,1,1,187474.34,1,77003.96,315,0
CUST05152,40,Male,Germany,East,5,105386.57,1,0,0,91646.46,1,94533.41,674,0
CUST02724,66,Male,France,Central,5,0.0,1,1,0,26569.03,1,10024.63,536,1
CUST07440,43,Female,Germany,South,9,0.0,1,1,1,13588.8,1,23297.05,482,0
CUST05077,22,Male,France,South,7,75429.01,2,1,1,,0,0.0,605,0
CUST00241,66,Male,Spain,South,1,49438.89,2,1,1,143597.49,1,17456.3,367,1
CUST07528,43,Female,Spain,North,9,0.0,2,1,0,72372.06,0,0.0,718,0
CUST06369,25,Female,Spain,Central,1,81822.42,1,0,1,176505.71,1,69966.7,619,0
CUST03679,66,Female,Germany,Central,0,91948.63,2,1,1,175604.68,1,33626.01,663,0
CUST05955,55,Male,Germany,East,2,0.0,2,0,1,197100.51,1,75218.71,454,0
CUST06189,60,Male,Germany,North,6,250000.0,1,1,0,61464.92,1,57128.33,735,0
CUST01778,58,Female,France,Central,8,145034.05,3,1,1,149221.85,1,18918.49,742,0
CUST09118,57,Male,France,North,3,2562.97,1,1,0,153800.98,1,79045.01,743,1
CUST04842,32,Female,France,North,3,29091.41,2,1,0,96982.25,1,11032.74,724,0
CUST04021,61,Female,France,West,10,66565.98,1,1,0,143344.13,0,0.0,352,0
CUST07521,62,Female,France,North,3,26898.77,1,0,1,185825.54,1,40243.83,489,0
CUST04331,63,Male,Germany,East,9,0.0,3,1,0,136911.38,1,61577.84,321,0
CUST01405,46,Male,Germany,South,6,87354.09,2,1,1,25526.84,0,0.0,316,0
CUST04385,37,Female,Germany,North,4,49197.34,1,1,1,74339.82,0,0.0,688,0
CUST06605,42,Female,Spain,South,10,78922.34,1,1,0,190136.32,1,59375.0,588,1
CUST04549,18,Male,Spain,South,6,0.0,1,1,1,178215.54,0,0.0,417,0
CUST08391,18,Female,France,North,3,250000.0,1,1,1,167036.04,0,0.0,461,0
CUST07337,69,Female,France,West,0,250000.0,2,1,1,49484.22,1,6493.74,443,0
CUST01813,31,Female,France,South,10,136492.2,3,0,0,167657.04,0,0.0,462,0
CUST06859,60,Female,Spain,Central,6,0.0,1,1,1,123246.63,1,22597.17,686,0
CUST01445,19,Male,Spain,North,0,1537.6,2,0,0,33762.21,0,0.0,693,0
CUST00775,43,Male,Spain,South,3,33943.09,1,1,1,34687.33,0,0.0,739,0
CUST01098,52,Female,France,Central,7,0.0,4,1,1,90856.29,1,35219.25,756,0
CUST02129,52,Female,Germany,Central,7,0.0,3,0,1,134877.33,0,0.0,763,0
CUST08508,61,Female,Germany,East,8,29592.9,4,1,0,25875.07,0,0.0,399,0
CUST06499,62,Male,France,East,4,0.0,2,1,0,193371.08,1,39410.87,720,0
CUST01628,19,Male,Spain,North,6,7498.45,2,1,1,26277.78,1,30259.57,301,0
CUST06904,26,Female,Spain,North,2,0.0,1,1,0,3137.22,0,0.0,678,0
CUST07544,47,Female,Spain,Central,7,63475.68,1,0,0,29523.25,0,0.0,326,0
CUST08697,38,Female,Germany,Central,8,0.0,3,0,0,182060.22,0,0.0,339,0
CUST08441,39,Female,Spain,West,7,67269.09,1,1,1,80629.64,0,0.0,607,0
CUST03180,68,Male,France,Central,8,0.0,1,1,1,36073.87,1,20052.77,492,0
CUST06564,60,Male,France,Central,0,97641.43,1,0,1,188179.35,1,96853.25,733,0
CUST09387,31,Female,Spain,North,0,60480.0,2,1,0,112517.26,0,0.0,433,1
CUST06223,34,Female,France,Central,3,231412.79,1,1,0,44029.78,1,41921.68,620,0
CUST07103,55,Male,Germany,East,2,28385.46,1,1,0,86814.54,1,76654.98,456,0
CUST05546,57,Male,France,Central,1,73248.82,1,1,1,144260.64,1,36576.15,542,0
CUST01944,59,Female,Germany,South,1,88325.8,1,1,1,101312.71,1,33129.4,409,0
CUST01434,69,Male,France,North,0,10651.25,4,0,1,155980.77,0,0.0,787,0
CUST00224,59,Male,France,South,4,0.0,3,1,0,85477.3,1,9118.94,732,1
CUST09219,36,Male,France,North,7,0.0,3,0,0,24752.61,1,25237.13,305,0
CUST00665,52,Female,France,East,5,151765.26,1,0,0,140137.09,0,0.0,634,0
CUST05222,34,Male,France,West,9,17726.21,2,0,0,41428.42,0,0.0,845,0
CUST09720,43,Female,Germany,Central,10,124321.38,1,1,1,132087.36,0,0.0,681,0
CUST05973,39,Female,Germany,South,9,128323.31,1,0,1,195080.12,1,78294.31,464,0
CUST03284,30,Female,Spain,South,8,28357.53,3,1,1,56976.01,1,66097.09,539,0
CUST09915,29,Female,France,East,2,48873.45,2,0,1,28947.44,0,0.0,478,0
CUST09400,60,Male,Germany,North,10,19511.94,1,1,1,131854.1,1,62922.25,400,0
CUST05836,68,Female,France,South,2,0.0,1,0,1,164208.47,0,0.0,622,0
CUST01531,40,Male,Germany,South,0,170630.54,2,1,0,10439.37,0,0.0,737,0
CUST07155,56,Female,Germany,Central,0,0.0,1,1,0,46915.36,0,0.0,582,0
CUST01989,35,Male,Germany,East,9,7634.08,3,1,0,44122.24,0,0.0,660,0
CUST08019,33,Female,Germany,South,9,0.0,2,1,1,99781.46,0,0.0,758,1
CUST04525,59,Male,Spain,North,1,27157.39,2,0,0,43396.91,1,79255.08,838,0
CUST06741,64,Female,France,South,10,89679.64,2,1,1,112298.38,1,74386.52,579,0
CUST09558,49,Female,Germany,East,0,20861.36,2,0,1,173281.88,0,0.0,307,0
CUST09646,54,Female,France,Central,6,16603.37,3,0,1,191294.15,1,80596.03,583,0
CUST03423,73,Female,France,Central,3,48376.24,1,1,1,162214.43,1,30485.2,676,0
CUST08792,58,Male,France,West,3,27803.89,1,1,1,188365.1,0,0.0,360,0
CUST07234,33,Female,Spain,West,9,165193.32,1,1,0,177880.83,1,45381.91,465,0
CUST01963,28,Male,France,Central,6,13140.1,2,1,1,199869.9,1,78797.7,595,0
CUST02140,19,Female,Spain,West,4,27405.3,2,1,0,183120.33,1,80577.81,833,1
CUST05113,69,Female,France,West,6,0.0,1,0,0,39216.39,1,73421.16,665,0
CUST03391,27,Male,France,East,5,0.0,2,1,1,39275.18,1,20931.92,574,0
CUST00182,46,Male,France,Central,4,0.0,1,0,0,28357.58,0,0.0,766,0
CUST08835,40,Female,France,South,7,80143.77,2,1,0,22476.55,0,0.0,586,1
CUST01124,64,Female,Spain,South,10,25524.2,1,1,1,3315.15,0,0.0,343,0
CUST06935,30,Male,France,Central,0,0.0,1,1,0,15572.12,0,0.0,581,0
CUST03504,37,Female,Spain,East,5,144963.3,1,1,0,184789.79,0,0.0,401,0
CUST03715,32,Female,France,West,3,4071.24,1,1,1,166530.95,0,0.0,434,0
CUST03247,51,Male,Germany,West,2,184996.05,1,1,1,58666.81,0,0.0,848,0
CUST09451,20,Female,Spain,Central,5,20089.9,2,1,1,168048.85,1,92237.92,307,0
CUST03788,67,Female,Germany,Central,2,100511.68,2,1,1,91068.38,1,90274.2,367,0
CUST06595,26,Male,Spain,East,1,28120.53,1,1,1,183616.41,0,0.0,765,0
CUST06800,21,Female,Germany,East,0,0.0,1,1,0,24438.11,0,0.0,397,1
CUST04763,27,Female,Germany,North,9,23762.6,2,0,0,49543.03,0,0.0,573,1
CUST08210,43,Male,Spain,North,10,72343.03,2,0,1,147268.19,0,0.0,726,0
CUST07382,28,Female,France,Central,2,13842.3,1,1,1,123724.88,1,11171.77,362,0
CUST07244,43,Female,France,Central,5,3302.08,3,1,1,94676.86,1,91684.93,429,0
CUST07734,46,Female,France,South,10,169533.72,1,1,1,68030.84,1,57824.49,346,0
CUST02113,28,Male,Germany,Central,0,0.0,2,1,1,117221.71,1,92579.19,745,0
CUST09954,44,Male,Spain,East,2,0.0,1,0,0,4234.79,1,89444.98,708,0
CUST02205,37,Male,Germany,West,2,0.0,2,0,1,109876.26,0,0.0,477,0
CUST01498,46,Female,Spain,East,7,0.0,1,1,0,82251.79,0,0.0,369,0
CUST06987,72,Male,France,East,1,123772.26,1,1,0,9151.18,0,0.0,799,1
CUST01770,23,Male,Germany,East,2,109426.22,3,0,0,112324.93,1,51133.58,604,0
CUST06626,29,Female,Spain,Central,3,0.0,1,0,0,88042.93,1,47451.89,468,0
CUST04742,30,Male,France,South,5,10072.7,1,1,0,93733.13,0,0.0,339,0
CUST04553,70,Male,Spain,West,3,0.0,2,1,1,9541.98,0,0.0,563,0
CUST02034,62,Male,Germany,North,9,0.0,1,1,0,132035.02,1,30301.29,420,0
CUST05415,42,Female,Spain,East,9,70082.77,1,1,0,171165.49,1,65893.14,842,0
CUST01334,22,Female,France,South,9,15565.34,1,0,1,77622.5,1,19181.99,516,0
CUST08102,59,Female,Spain,West,10,0.0,2,1,1,181635.85,0,0.0,565,0
CUST04909,55,Female,France,East,10,0.0,2,1,1,126701.77,0,0.0,349,0
CUST04405,41,Male,France,Central,7,0.0,2,0,1,150562.7,1,21324.81,374,0
CUST05103,57,Female,Spain,West,6,35035.06,1,0,1,88467.89,1,43265.68,445,1
CUST08453,26,Female,Germany,West,4,2333.88,1,1,0,192611.94,1,32202.3,707,0
CUST01218,23,Male,Germany,West,2,107189.51,3,0,1,111720.2,0,0.0,623,0
CUST02492,72,Female,Spain,West,10,121278.07,1,1,1,19423.69,0,0.0,769,0
CUST00817,64,Female,France,North,5,7600.28,3,1,1,12906.56,0,0.0,560,1
CUST05674,26,Male,Germany,South,7,56059.08,2,1,0,148068.97,0,0.0,523,0
CUST03792,74,Male,France,Central,9,82982.46,2,1,0,19216.09,1,81980.24,364,0
CUST03977,26,Female,France,West,3,0.0,2,1,0,132302.2,0,0.0,669,1
CUST02491,18,Male,Germany,North,1,63779.63,2,0,1,73569.57,0,0.0,578,0
CUST01886,35,Female,Spain,Central,0,59842.35,2,1,0,104430.8,0,0.0,492,1
CUST09105,30,Female,Germany,South,10,6792.13,2,0,0,33673.39,0,0.0,719,0
CUST08765,69,Female,France,South,3,0.0,1,1,0,55056.69,1,40848.53,715,0
CUST01226,19,Male,France,East,8,0.0,2,1,1,86617.28,1,55769.84,452,0
CUST07703,23,Male,France,West,9,111233.81,1,1,0,126344.95,0,0.0,830,0
CUST00920,36,Male,France,Central,2,5613.11,1,1,1,192786.17,1,25256.11,793,0
CUST06025,37,Female,Spain,West,6,250000.0,1,1,1,68765.07,0,0.0,778,0
CUST05715,35,Male,Spain,South,1,0.0,2,1,0,113858.76,0,0.0,781,0
CUST04181,60,Male,France,West,4,144187.91,1,1,1,53379.2,0,0.0,435,0
CUST07131,21,Male,Spain,West,2,7944.36,2,0,1,47803.7,0,0.0,421,0
CUST01703,72,Male,Spain,Central,9,97875.75,2,1,0,140158.7,0,0.0,432,0
CUST03035,22,Female,Spain,East,3,44412.78,1,1,1,106563.06,1,22942.1,384,0
CUST08379,39,Female,Germany,South,3,75710.92,2,1,1,170152.82,1,8969.35,617,0
CUST07903,33,Male,Germany,Central,3,4057.19,1,0,1,83596.31,1,42025.24,422,0
CUST07347,34,Male,Germany,East,2,0.0,1,0,1,59037.97,1,99603.37,643,0
CUST08888,20,Male,France,South,0,0.0,1,0,0,120890.37,1,14523.32,558,0
CUST05998,52,Female,Germany,Central,2,80509.07,1,1,0,11419.8,0,0.0,516,0
CUST03148,27,Male,Germany,North,1,195771.91,1,1,0,1171.59,0,0.0,726,1
CUST09179,45,Male,France,South,10,58995.37,1,0,0,150610.83,1,92493.4,527,0
CUST05799,49,Male,Spain,East,0,250000.0,1,1,1,141247.4,1,99913.98,478,0
CUST07361,23,Male,France,North,9,0.0,3,1,0,56957.55,1,43741.95,697,0
CUST05208,33,Male,Germany,North,10,0.0,1,0,1,130228.51,0,0.0,639,0
CUST03849,18,Male,Spain,Central,3,238864.8,4,1,0,16255.04,0,0.0,813,1
CUST05676,68,Male,Germany,Central,6,0.0,1,1,1,105429.56,0,0.0,663,1
CUST09527,28,Male,Germany,Central,4,80552.58,2,1,0,,1,41490.1,404,0
CUST09891,52,Female,France,South,2,149816.73,2,1,1,42492.89,0,0.0,412,0
CUST04908,67,Female,Germany,East,5,69118.79,1,1,0,57271.22,1,16493.3,593,0
CUST08709,54,Female,Spain,West,10,29617.47,2,0,0,59404.83,0,0.0,554,0
CUST07500,41,Female,Spain,South,1,181280.65,1,1,1,135458.54,1,68176.25,640,0
CUST05255,30,Female,France,North,3,0.0,2,1,0,111156.44,0,0.0,412,0
CUST03270,66,Male,Germany,Central,4,77454.19,1,1,1,64872.65,0,0.0,534,0
CUST04721,26,Male,France,Central,7,66723.47,1,1,1,71362.69,1,61683.65,622,0
CUST01366,22,Female,France,Central,9,0.0,1,1,0,63354.36,0,0.0,560,0
CUST07456,32,Female,France,West,0,41197.04,1,1,0,199085.32,0,0.0,528,0
CUST02221,25,Female,France,South,8,42819.83,2,1,1,149560.02,1,10179.93,516,0
CUST02063,57,Male,Spain,West,6,0.0,2,0,0,46921.82,0,0.0,307,0
CUST05097,62,Female,Spain,East,3,0.0,2,1,1,164056.75,0,0.0,821,1
CUST04011,72,Male,France,West,4,158183.75,1,1,1,163945.11,1,19446.62,691,0
CUST08157,33,Female,France,West,2,12096.48,1,0,0,69375.87,0,0.0,477,0
CUST04451,46,Male,France,South,10,34181.78,1,0,0,41203.89,1,88450.54,564,0
CUST08063,21,Male,Germany,West,2,59482.74,2,1,1,77027.43,0,0.0,759,1
CUST02757,33,Male,France,West,9,0.0,1,1,0,163315.28,0,0.0,519,0
CUST05364,36,Female,Germany,East,9,10014.3,3,1,1,48752.59,1,83012.68,805,0
CUST01122,62,Male,France,South,9,0.0,1,1,0,195663.49,0,0.0,703,0
CUST08651,67,Female,France,Central,2,19199.39,4,0,0,197955.31,1,47432.17,682,1
CUST07312,31,Female,France,Central,7,0.0,1,0,0,2441.79,1,96525.77,407,0
CUST00009,36,Male,Spain,East,4,0.0,1,1,1,46642.78,0,0.0,847,0
CUST07378,56,Female,Germany,East,5,0.0,1,0,1,132978.77,1,94434.7,580,0
CUST08891,34,Female,France,South,2,0.0,1,1,0,48875.3,1,82746.61,452,1
CUST01542,20,Male,France,North,3,0.0,1,0,0,182824.5,1,21115.3,772,0
CUST02431,54,Male,Germany,West,6,16230.98,2,0,0,7699.42,0,0.0,497,0
CUST09385,66,Female,Spain,South,6,0.0,1,1,0,190422.55,0,0.0,509,0
CUST00444,40,Male,France,West,8,0.0,1,1,0,122494.25,1,38624.42,809,1
CUST02939,69,Male,Spain,South,1,34153.45,1,1,1,106321.3,1,78161.98,418,0
CUST05158,74,Female,France,East,4,0.0,1,1,0,53108.55,0,0.0,572,0
CUST04288,70,Female,Spain,North,7,20027.15,1,0,0,139174.86,0,0.0,672,0
CUST01073,64,Male,Spain,West,9,177600.56,2,1,1,167288.18,0,0.0,497,0
CUST01644,28,Male,France,North,2,45829.32,3,1,0,83316.3,1,24734.13,387,1
CUST09380,68,Female,France,North,7,133954.46,1,1,0,161775.73,0,0.0,353,1
CUST08374,19,Female,Germany,East,0,250000.0,3,1,1,179921.15,0,0.0,486,0
CUST05915,20,Male,Germany,East,10,250000.0,1,0,0,117085.44,0,0.0,654,0
CUST06524,73,Female,France,Central,2,0.0,1,1,0,67521.68,1,79912.52,611,1
CUST09523,35,Male,France,West,2,68733.79,3,1,1,46484.68,0,0.0,556,0
CUST03554,23,Female,Spain,Central,1,0.0,1,0,1,49360.32,0,0.0,350,0
CUST02144,39,Male,France,North,0,9269.66,3,0,0,27353.71,1,66381.3,742,1
CUST08559,29,Female,Spain,South,0,14955.17,1,0,0,162223.49,0,0.0,415,0
CUST07677,56,Male,Spain,Central,8,78380.58,1,1,0,64918.9,1,27558.83,407,0
CUST09087,74,Male,France,West,5,52914.63,1,1,0,4598.38,1,43306.15,583,1
CUST06528,55,Male,France,North,3,0.0,2,1,0,114973.22,1,40780.4,390,1
CUST04155,27,Male,Spain,East,5,,2,1,1,190747.55,1,86771.36,744,0
CUST07082,71,Female,France,South,3,0.0,2,1,1,146285.7,0,0.0,615,0
CUST02275,43,Male,France,North,0,26513.35,2,1,1,85213.82,0,0.0,348,0
CUST01374,40,Male,France,South,6,82284.8,4,1,1,168479.53,0,0.0,387,1
CUST05013,57,Male,France,East,1,0.0,2,1,1,4438.58,0,0.0,477,0
CUST04623,46,Male,Spain,Central,7,250000.0,1,1,0,144940.51,1,57642.17,786,1
CUST06519,46,Male,France,South,2,0.0,2,1,0,164294.29,1,37863.88,459,1
CUST02002,46,Female,France,Central,8,4801.33,1,1,0,29613.62,0,0.0,727,0
CUST01547,74,Male,Germany,Central,1,133016.48,1,0,0,57431.66,0,0.0,372,1
CUST03565,38,Female,Germany,West,5,250000.0,2,1,1,181809.08,0,0.0,632,0
CUST03920,74,Male,Germany,East,8,60441.76,2,0,1,179618.35,0,0.0,524,0
CUST00124,52,Male,Germany,East,10,0.0,1,0,1,82082.86,1,32504.93,586,0
CUST07922,57,Male,France,West,7,230832.39,1,1,1,55530.58,0,0.0,701,0
CUST08471,64,Male,France,North,5,45156.08,2,1,1,71568.61,0,0.0,528,0
CUST00738,61,Female,France,East,4,63010.31,1,1,0,114726.74,1,36070.7,657,0
CUST00367,31,Male,France,South,3,0.0,1,1,0,145269.68,1,69169.2,768,0
CUST08487,51,Female,France,West,2,0.0,2,1,1,43389.19,1,88619.27,758,0
CUST01660,59,Male,Germany,West,4,69232.12,3,1,1,183395.85,1,78954.13,678,0
CUST06216,63,Female,Germany,South,2,0.0,2,1,0,126923.13,0,0.0,716,1
CUST08413,66,Male,Spain,Central,9,50661.23,1,0,0,113125.88,0,0.0,486,0
CUST04644,73,Male,France,Central,4,5264.73,1,1,1,192709.93,1,22143.76,620,0
CUST04100,36,Female,Spain,West,10,180247.03,1,1,1,66663.66,0,0.0,613,0
CUST00979,55,Female,Spain,North,7,10089.21,2,0,0,180210.93,0,0.0,694,0
CUST09822,50,Female,Germany,West,2,17998.4,2,1,0,99203.56,0,0.0,776,0
CUST01878,66,Male,France,North,6,0.0,1,1,1,139046.24,0,0.0,814,0
CUST05670,33,Female,France,East,6,194850.32,1,1,0,54455.66,0,0.0,369,0
CUST09683,41,Female,France,West,9,250000.0,3,0,1,834.11,0,0.0,408,0
CUST07749,36,Female,Germany,South,6,0.0,1,0,0,19817.36,1,21537.97,763,0
CUST03019,45,Female,France,East,6,62753.27,2,1,1,191726.63,0,0.0,453,0
CUST08390,50,Male,Spain,Central,7,116457.98,2,1,0,1924.66,1,19053.18,775,0
CUST04708,26,Female,Spain,East,10,58091.89,2,0,1,25248.23,0,0.0,355,0
CUST07316,23,Male,Germany,Central,1,79083.82,4,1,1,186407.46,0,0.0,810,1
CUST09019,69,Male,France,Central,9,125205.06,2,1,0,32978.4,0,0.0,448,1
CUST05899,34,Female,Spain,West,10,5453.18,2,1,1,142316.88,1,38616.5,829,0
CUST01141,51,Female,Germany,Central,6,224738.39,1,1,1,134285.43,1,63862.01,385,0
CUST01022,73,Female,France,Central,1,0.0,1,0,0,103665.48,0,0.0,554,1
CUST02476,73,Male,Germany,South,1,68245.78,2,1,1,102168.54,1,87326.89,465,0
CUST08058,41,Male,Germany,West,0,250000.0,2,1,1,54286.3,1,20829.42,678,0
CUST00470,62,Male,Germany,South,4,91881.42,1,1,1,156280.68,1,54730.91,524,0
CUST06536,52,Female,France,South,7,59263.62,1,0,0,65060.62,0,0.0,844,1
CUST09617,29,Female,France,East,8,149452.66,1,1,0,129691.22,0,0.0,826,1
CUST02944,72,Male,France,Central,7,134898.8,1,1,1,189800.61,1,99423.88,308,0
CUST06924,39,Male,Spain,South,0,176639.04,2,0,1,4500.96,0,0.0,723,0
CUST06374,55,Female,France,East,9,199084.5,1,1,1,106295.91,0,0.0,352,0
CUST04452,39,Female,Spain,Central,8,4143.63,4,1,1,182482.35,0,0.0,619,0
CUST04159,71,Female,France,West,5,0.0,1,0,1,150580.76,1,32407.06,638,0
CUST08123,46,Female,Germany,East,7,774.01,1,1,1,122827.4,0,0.0,373,0
CUST01698,56,Female,Spain,Central,9,90993.48,3,1,0,60266.41,0,0.0,687,0
CUST00714,38,Male,Spain,South,8,85467.17,1,1,1,6965.73,1,24763.71,545,0
CUST04849,26,Female,France,North,0,0.0,3,1,1,62049.99,0,0.0,447,0
CUST05319,61,Male,France,North,0,7810.27,1,1,1,114226.34,1,13311.56,471,0
CUST00971,35,Female,France,North,9,25084.08,2,1,0,4153.67,0,0.0,,0
CUST02106,29,Female,France,West,8,90399.23,2,1,1,147086.51,1,99455.92,725,0
CUST03751,49,Male,France,West,1,201745.63,2,1,0,134675.38,0,0.0,564,1
CUST07552,68,Male,France,Central,8,68296.63,1,1,0,128463.49,1,43093.42,682,0
CUST03933,50,Female,France,North,5,11420.03,3,0,1,129916.82,0,0.0,400,0
CUST06067,33,Male,Germany,South,2,226842.14,2,1,0,38209.38,0,0.0,707,1
CUST09553,56,Male,France,South,10,164005.23,1,1,0,137560.13,1,27065.55,840,1
CUST01447,35,Male,Spain,Central,4,20841.65,1,1,1,112264.47,1,91490.22,317,0
CUST09728,41,Male,Germany,Central,1,0.0,2,1,1,38671.2,1,73592.9,533,0
CUST00717,40,Male,France,East,1,166278.94,1,1,1,117666.17,1,74479.22,374,0
CUST05979,21,Male,Germany,West,3,3409.26,1,1,1,90428.71,1,93214.48,504,0
CUST00987,34,Female,Spain,South,6,98721.75,2,1,1,182842.01,0,0.0,839,1
CUST06773,64,Female,Germany,West,7,0.0,1,0,0,119894.56,0,0.0,421,0
CUST03353,38,Female,France,South,8,0.0,2,1,0,171000.65,0,0.0,586,0
CUST01924,27,Female,Germany,North,10,106507.49,2,1,0,111318.9,0,0.0,309,0
CUST07956,24,Male,France,East,2,57591.69,3,0,1,29014.88,1,74673.18,764,0
CUST08141,56,Male,France,Central,8,146897.37,1,0,1,160290.13,1,95127.96,581,0
CUST01112,61,Female,Germany,West,2,38725.13,1,1,0,100177.27,0,0.0,542,1
CUST00378,29,Female,France,Central,5,0.0,3,0,0,29193.31,1,97421.12,427,1
CUST05733,59,Female,France,Central,4,250000.0,1,1,1,2669.43,1,11048.8,793,0
CUST03789,23,Female,Germany,West,6,76193.43,1,0,1,130737.48,0,0.0,703,0
CUST07391,18,Male,Spain,South,2,5659.59,3,1,0,62000.69,0,0.0,451,0
CUST08692,65,Female,France,Central,10,0.0,1,0,0,79130.88,0,0.0,456,0
CUST06163,19,Male,France,Central,0,146873.2,1,1,0,188976.91,0,0.0,332,0
CUST03815,52,Male,France,East,9,57988.48,4,0,1,49418.06,1,88518.27,577,0
CUST09410,60,Female,France,West,8,53778.14,1,1,1,38046.99,1,91454.12,601,0
CUST08337,47,Female,Germany,East,3,9390.96,1,0,0,139432.18,0,0.0,617,0
CUST03083,54,Female,France,South,7,0.0,1,0,1,100585.42,1,81305.3,624,1
CUST04463,41,Female,Germany,Central,10,44325.39,1,0,0,103717.53,0,0.0,779,0
CUST01554,64,Female,France,South,3,0.0,1,1,1,55178.95,1,99250.44,601,0
CUST05771,65,Female,France,South,1,0.0,2,1,0,112468.3,1,83858.5,836,0
CUST08430,47,Male,Spain,Central,7,100675.93,1,1,0,109637.73,0,0.0,479,0
CUST06322,32,Male,Spain,Central,8,38436.46,1,1,0,2206.01,1,7592.83,343,0
CUST03272,38,Male,France,West,9,83208.28,1,1,1,166404.04,0,0.0,520,0
CUST02599,36,Female,France,West,9,,2,1,1,175257.17,1,31710.47,799,1
CUST08685,41,Male,Spain,South,4,247433.68,2,1,1,112136.23,1,45125.25,342,0
CUST04334,61,Female,Germany,East,7,0.0,2,0,1,90418.63,1,98214.77,309,0
CUST06830,18,Male,France,Central,10,0.0,1,0,0,58776.39,0,0.0,677,0
CUST08883,40,Female,France,East,1,21434.51,1,0,1,149286.54,0,0.0,635,1
CUST06442,54,Male,Germany,North,0,114528.78,2,1,0,77371.4,1,82932.65,477,0
CUST04637,32,Male,France,West,10,0.0,1,1,1,156659.6,0,0.0,779,1
CUST00307,67,Female,France,West,2,0.0,2,1,0,109822.86,0,0.0,665,1
CUST00640,43,Female,Germany,Central,4,,1,1,1,156997.12,0,0.0,572,1
CUST04402,55,Male,France,South,3,13475.71,1,0,0,193108.71,0,0.0,381,0
CUST03645,56,Female,France,South,1,0.0,3,1,0,53230.43,1,86506.98,551,1
CUST09745,71,Female,Germany,North,9,6600.18,2,1,0,77994.49,1,96065.16,715,1
CUST03580,65,Male,Germany,West,5,0.0,1,1,0,92452.68,0,0.0,768,0
CUST05453,49,Female,Spain,East,0,5599.59,1,1,1,51344.86,0,0.0,500,0
CUST02954,29,Female,France,Central,10,0.0,1,0,1,147252.76,1,51672.37,352,0
CUST03050,52,Male,France,Central,6,0.0,2,0,0,71364.79,0,0.0,659,0
CUST08782,33,Female,France,South,7,2902.7,1,1,0,28759.27,1,58896.81,473,0
CUST04001,39,Female,Germany,West,2,250000.0,1,0,1,69874.37,0,0.0,633,0
CUST04091,63,Male,France,Central,7,6044.7,1,1,1,5141.59,1,42402.15,571,0
CUST04753,63,Male,Spain,West,2,0.0,1,0,0,27828.02,0,0.0,628,0
CUST09928,43,Male,Germany,Central,4,12490.05,2,0,1,95863.51,0,0.0,359,0
CUST03922,64,Female,France,Central,10,250000.0,3,1,1,53315.86,1,91576.59,758,0
CUST05597,67,Male,Germany,East,7,0.0,2,1,0,141410.96,0,0.0,624,1
CUST03373,74,Female,France,North,1,105596.65,2,0,0,125492.03,1,64951.87,639,0
CUST00631,19,Female,Germany,North,1,166129.02,1,1,1,14627.07,0,0.0,360,0
CUST05331,72,Female,France,Central,1,139009.7,2,1,1,43666.95,0,0.0,519,0
CUST07868,56,Female,Germany,North,8,92508.12,2,1,1,13717.17,0,0.0,656,0
CUST02923,31,Male,Spain,West,5,67140.95,2,1,0,107353.48,0,0.0,407,0
CUST04556,36,Male,France,Central,4,15531.7,2,1,0,145294.51,1,23940.96,492,0
CUST05675,23,Male,France,North,6,0.0,2,1,1,25211.48,1,64768.86,709,0
CUST02883,72,Male,Germany,South,4,0.0,1,1,1,87196.75,0,0.0,718,0
CUST09021,49,Male,Spain,South,5,0.0,1,1,0,41446.97,0,0.0,611,0
CUST00786,58,Female,France,East,9,10754.04,3,1,1,7395.01,0,0.0,773,1
CUST04610,49,Male,France,South,1,147424.45,2,0,0,97831.53,1,41386.15,387,1
CUST07656,59,Male,France,North,2,59118.99,3,0,0,143270.35,0,0.0,372,0
CUST04663,30,Female,Spain,Central,9,28608.21,2,1,1,61487.59,0,0.0,731,0
CUST01165,68,Male,Spain,Central,6,0.0,1,0,1,14678.82,1,23931.22,605,1
CUST07938,35,Female,France,East,2,135313.76,2,1,0,196508.33,0,0.0,426,0
CUST01612,61,Male,France,East,10,86709.92,1,1,1,30190.63,0,0.0,537,0
CUST04665,50,Male,Germany,East,6,48467.45,1,0,0,6514.85,0,0.0,676,0
CUST02038,40,Female,Spain,South,4,124727.11,1,0,1,199667.91,1,90742.75,703,0
CUST05666,59,Female,France,Central,8,7847.05,1,1,0,38142.42,0,0.0,524,0
CUST08288,32,Female,Spain,North,10,91286.72,1,0,0,172185.47,1,25037.47,578,0
CUST04319,39,Female,Spain,East,4,205087.83,1,0,0,133645.57,1,40707.79,395,0
CUST05893,54,Male,Germany,Central,4,78469.37,1,1,1,22540.1,0,0.0,442,0
CUST06796,23,Male,France,South,7,0.0,3,1,0,98498.78,1,73148.77,654,0
CUST06570,58,Female,Germany,Central,10,17146.67,1,0,0,141261.96,0,0.0,376,0
CUST05446,20,Male,France,Central,10,0.0,1,1,1,41427.73,0,0.0,466,0
CUST00900,52,Male,France,Central,0,0.0,1,0,0,46537.99,0,0.0,606,0
CUST08442,18,Male,France,East,9,0.0,2,0,0,46737.0,0,0.0,777,0
CUST05901,54,Female,Germany,West,8,102390.23,2,1,1,148009.41,0,0.0,697,0
CUST07009,64,Male,Spain,West,0,69815.04,1,1,1,128210.23,1,74309.86,536,0
CUST07037,22,Female,Spain,South,3,188408.11,2,1,1,195789.66,0,0.0,781,0
CUST04558,36,Female,Germany,North,6,5724.51,1,1,1,28333.88,0,0.0,695,0
CUST09489,53,Female,France,West,0,19433.06,4,1,1,175595.34,0,0.0,,0
CUST06217,37,Female,Germany,North,7,26348.85,1,1,0,98765.67,0,0.0,504,1
CUST09101,28,Male,France,West,10,17771.05,1,1,1,48842.41,1,31346.64,361,0
CUST04985,47,Female,France,East,1,3144.81,1,1,1,116367.44,0,0.0,380,0
CUST04808,69,Male,France,North,9,53000.72,3,1,1,95809.34,1,77180.74,493,0
CUST09441,36,Male,Spain,Central,10,156557.89,2,0,0,87593.42,0,0.0,600,0
CUST06446,33,Male,France,South,7,5651.72,2,1,0,139790.88,0,0.0,482,1
CUST02342,39,Female,France,North,5,26926.63,2,1,1,113163.32,0,0.0,748,0
CUST00492,69,Female,France,East,0,76666.69,1,0,1,160485.87,0,0.0,723,0
CUST02776,67,Female,France,East,6,5279.18,1,0,1,113234.16,1,83627.15,675,0
CUST02973,26,Male,Spain,East,4,18404.67,1,1,1,85531.7,1,77700.69,693,0
CUST07817,45,Male,France,East,3,37723.26,3,1,0,87485.46,1,81286.42,777,0
CUST05370,56,Female,France,South,7,3800.91,2,1,0,157358.62,0,0.0,717,1
CUST07613,48,Male,France,North,5,,1,1,0,180064.91,1,16330.92,761,0
CUST01150,38,Female,Spain,West,2,61005.99,1,1,0,57589.11,1,76044.75,584,0
CUST08036,61,Female,France,Central,9,9701.6,2,0,0,69771.61,1,79806.87,715,0
CUST06073,21,Male,France,Central,7,12593.86,1,1,0,145319.78,1,84590.0,487,0
CUST08086,21,Male,France,East,3,136073.74,3,1,1,132517.83,1,41567.43,479,0
CUST04658,64,Female,Germany,Central,0,46444.13,2,1,0,42822.64,1,13085.7,671,0
CUST07515,63,Male,Germany,North,1,219730.86,1,1,1,100685.86,1,99680.02,402,0
CUST02155,33,Female,Germany,East,4,4205.57,2,1,0,156255.74,0,0.0,746,0
CUST00696,58,Male,France,North,1,122606.96,1,1,0,195568.38,1,50072.66,625,0
CUST01951,49,Female,Germany,East,7,87618.99,3,1,1,56532.74,1,10098.79,780,0
CUST09022,59,Male,Spain,East,3,84313.01,1,0,1,110270.48,1,90228.86,714,0
CUST09751,22,Male,Germany,North,3,0.0,1,1,0,109497.05,0,0.0,587,1
CUST08004,36,Male,Germany,Central,2,12128.39,3,0,1,184440.59,1,40304.87,559,0
CUST02109,69,Male,Spain,East,7,0.0,2,1,0,12322.52,1,31536.62,586,0
CUST02299,67,Male,Germany,North,0,67377.96,1,0,0,189160.98,1,94524.64,484,0
CUST02203,34,Male,France,South,0,104336.02,2,1,1,115610.81,1,43515.8,401,0
CUST02020,65,Female,France,South,1,0.0,2,0,1,62843.04,0,0.0,330,0
CUST09058,69,Male,France,Central,0,194383.57,3,0,1,94597.39,0,0.0,532,0
CUST06601,41,Female,France,Central,10,,1,1,1,21026.87,0,0.0,632,0
CUST08550,33,Female,France,East,0,95718.58,3,1,1,151705.93,0,0.0,821,0
CUST08972,56,Female,France,East,7,0.0,1,0,1,626.87,0,0.0,594,0
CUST07612,64,Male,Germany,North,4,0.0,1,0,1,148698.17,1,59043.11,677,0
CUST00311,59,Female,Germany,Central,2,0.0,2,1,0,140644.69,0,0.0,409,0
CUST09478,73,Male,France,Central,8,70768.84,2,1,0,88926.83,1,90225.26,688,0
CUST07320,62,Female,France,North,4,0.0,1,1,1,48794.62,0,0.0,702,1
CUST08320,71,Male,Spain,East,8,9593.75,4,0,1,64995.97,0,0.0,454,0
CUST00104,43,Male,Spain,North,7,96431.69,1,1,0,169212.31,1,60694.59,776,0
CUST00660,54,Female,Spain,South,1,0.0,1,1,1,148858.0,1,12905.17,696,0
CUST05427,44,Female,Spain,North,9,0.0,2,0,0,105444.61,1,14977.25,789,0
CUST03566,21,Male,Germany,East,7,0.0,1,1,0,7728.11,0,0.0,573,0
CUST09663,19,Male,Spain,West,5,38478.47,1,1,1,180034.19,1,14361.37,722,0
CUST04140,66,Male,Spain,North,4,35734.25,3,1,0,82581.31,1,90226.04,642,0
CUST03980,34,Male,France,South,8,191508.37,1,1,0,74557.49,1,85712.76,543,0
CUST04010,21,Female,Germany,East,8,752.4,1,1,1,34395.61,0,0.0,390,0
CUST02262,50,Male,Spain,South,5,58159.83,1,1,0,36076.08,0,0.0,340,0
CUST09945,48,Female,Germany,East,7,78034.83,2,1,0,105422.32,1,95122.9,503,0
CUST05889,42,Male,France,Central,6,94296.63,1,1,1,24997.46,1,28749.63,604,0
CUST05359,73,Female,France,North,2,58983.22,2,0,0,48228.61,1,42619.47,639,0
CUST05515,46,Male,France,West,6,133858.48,2,1,1,174403.14,1,82943.07,613,0
CUST03421,69,Male,France,South,1,123579.58,1,1,1,46701.57,0,0.0,558,0
CUST06635,67,Female,Spain,East,4,0.0,2,1,1,48961.68,0,0.0,547,1
CUST09277,55,Female,France,East,9,0.0,2,1,0,121468.91,1,5425.42,611,0
CUST02496,70,Female,France,South,7,173438.98,1,0,0,29473.71,0,0.0,508,0
CUST05939,27,Female,Spain,West,10,69693.87,1,1,1,164836.43,0,0.0,849,0
CUST02042,60,Female,Germany,South,1,179366.01,1,1,0,85217.98,0,0.0,728,1
CUST01184,55,Female,Germany,South,1,248205.19,1,0,0,109854.04,1,92337.04,473,1
CUST08005,35,Male,Spain,North,7,510.09,3,1,0,111049.44,0,0.0,436,0
CUST06017,19,Male,Germany,East,2,0.0,2,1,1,12929.38,0,0.0,812,0
CUST09814,48,Male,Germany,South,2,8610.8,1,1,1,58711.01,1,92251.42,813,0
CUST04931,25,Male,France,Central,9,37243.97,2,0,0,2799.29,0,0.0,786,0
CUST07465,55,Female,Spain,South,7,29343.61,3,0,0,142189.25,0,0.0,578,0
CUST06788,40,Male,Spain,North,1,0.0,1,1,0,135190.0,1,21894.65,789,0
CUST06833,53,Male,France,South,10,59212.99,1,1,0,178735.51,1,29211.38,750,0
CUST01917,37,Male,France,West,1,118386.44,1,1,1,107176.77,0,0.0,308,0
CUST01151,23,Female,Germany,East,3,0.0,2,1,1,176832.31,0,0.0,788,0
CUST06891,73,Male,Spain,North,0,0.0,1,0,1,53754.31,1,68377.2,719,1
CUST06650,38,Male,Germany,West,4,34609.24,1,1,0,153670.11,1,92159.9,551,0
CUST01314,64,Female,Germany,Central,4,14405.11,2,1,1,93302.92,0,0.0,653,0
CUST02740,30,Male,Spain,East,7,43023.18,2,1,0,1123.88,1,11716.75,755,0
CUST01959,21,Male,France,Central,0,42262.33,2,0,1,164251.79,0,0.0,483,1
CUST03171,54,Male,France,South,2,36572.71,2,1,1,181598.44,0,0.0,347,0
CUST04579,63,Male,France,East,10,16939.24,1,1,0,30896.48,1,19758.37,524,0
CUST02595,55,Male,France,North,2,800.84,2,1,1,56340.46,1,18550.97,508,0
CUST06379,20,Male,Germany,West,2,8422.9,1,1,0,184310.32,0,0.0,323,0
CUST02964,59,Female,Spain,North,9,56701.98,2,1,1,1505.28,1,76072.26,751,0
CUST07072,37,Male,Germany,North,3,6867.36,3,0,1,151100.49,1,95371.02,628,0
CUST05983,23,Female,France,South,1,0.0,1,1,0,52137.64,0,0.0,782,0
CUST04928,47,Female,France,North,5,56980.62,1,0,0,22642.58,1,62449.59,536,1
CUST02180,34,Female,Spain,South,9,20917.27,1,1,1,103998.76,0,0.0,428,0
CUST09679,38,Male,France,South,9,0.0,1,0,0,78832.18,0,0.0,422,1
CUST00650,62,Female,Germany,North,0,91142.04,3,0,1,109706.77,0,0.0,567,0
CUST05961,47,Male,France,East,0,0.0,1,1,0,11191.37,0,0.0,672,0
CUST09383,18,Male,Germany,East,6,41079.89,1,0,0,186112.33,1,59591.26,690,1
CUST07865,28,Male,Spain,East,5,0.0,1,1,0,140655.9,0,0.0,600,0
CUST05605,28,Male,France,West,9,0.0,1,0,1,85203.25,1,52975.31,819,0
CUST03133,59,Female,Germany,Central,5,0.0,1,1,0,38093.1,0,0.0,657,1
CUST00301,57,Female,Spain,East,7,77983.0,1,0,1,7610.33,0,0.0,644,0
CUST05144,20,Male,France,North,7,113075.49,1,1,1,21588.17,0,0.0,604,0
CUST04357,54,Female,France,West,10,36355.36,2,1,0,102982.67,0,0.0,644,0
CUST06005,23,Female,France,West,7,37756.08,1,1,0,134332.48,1,83557.72,666,0
CUST07889,72,Female,Germany,East,8,0.0,1,1,1,146725.72,0,0.0,642,0
CUST09093,30,Male,France,West,7,0.0,2,1,1,129065.81,0,0.0,467,0
CUST00480,32,Male,France,South,0,8750.93,1,1,1,23360.26,1,76173.61,770,0
CUST00609,41,Male,France,West,1,174963.81,1,0,1,99308.8,1,23929.42,500,0
CUST03260,67,Female,Germany,South,4,0.0,2,1,0,4017.94,1,26669.66,328,1
CUST08705,35,Female,France,North,7,33471.3,1,0,1,74606.69,0,0.0,728,0
CUST02968,20,Female,France,East,3,85502.72,2,1,0,175092.03,0,0.0,438,0
CUST02460,18,Female,France,West,3,188999.6,1,0,0,22157.28,0,0.0,620,0
CUST01436,70,Male,Germany,West,9,0.0,1,0,0,108143.18,0,0.0,316,0
CUST03912,26,Male,Spain,North,3,0.0,1,1,1,147472.32,0,0.0,614,0
CUST04261,29,Female,France,South,0,27519.72,2,1,0,57769.65,1,81047.14,303,0
CUST02885,29,Female,Spain,South,0,0.0,1,1,1,186573.49,1,84914.6,838,0
CUST06871,59,Male,Spain,North,9,118683.19,2,1,1,99499.38,0,0.0,681,0
CUST03053,45,Male,France,South,4,126595.16,1,1,0,153519.77,0,0.0,680,0
CUST04898,66,Male,France,North,1,0.0,2,0,0,177979.56,0,0.0,351,0
CUST02178,63,Female,France,Central,3,0.0,2,1,0,66045.65,0,0.0,698,0
CUST09696,42,Male,Germany,West,4,0.0,1,0,1,4629.99,1,37721.96,391,0
CUST03111,53,Female,France,West,3,113878.53,1,1,1,39224.71,1,85554.12,484,0
CUST08702,27,Female,France,West,5,13544.11,1,1,0,118950.48,1,29651.16,482,0
CUST09512,26,Male,Spain,East,7,0.0,1,1,1,119872.76,1,87785.84,747,1
CUST04821,26,Male,Germany,North,4,33759.83,1,1,1,187342.11,0,0.0,604,0
CUST05841,39,Female,Spain,North,7,21855.53,2,1,1,123197.8,1,65980.5,500,0
CUST00067,64,Male,Germany,Central,2,44071.54,1,1,0,152224.36,1,94899.36,675,0
CUST00761,34,Female,France,Central,7,0.0,1,1,1,72015.42,1,17439.82,495,0
CUST01397,25,Female,France,East,1,13159.73,1,0,1,30953.25,0,0.0,595,0
CUST04707,26,Female,France,South,6,112872.1,2,1,0,,0,0.0,680,0
CUST08871,37,Female,Germany,West,5,11449.06,3,1,0,195653.1,0,0.0,841,0
CUST04469,64,Female,Germany,North,9,16231.19,1,1,0,53720.92,1,55003.17,515,1
CUST07207,47,Female,Spain,North,5,0.0,1,0,0,57212.94,1,76310.38,815,0
CUST07825,49,Female,France,East,1,0.0,1,0,0,6982.06,1,77454.47,486,0
CUST04285,67,Female,France,East,7,189239.96,2,1,1,173570.21,0,0.0,435,0
CUST02125,51,Female,Germany,West,1,53305.27,1,0,0,63481.61,0,0.0,445,0
CUST09964,70,Male,Germany,South,5,46838.27,1,1,0,66950.61,0,0.0,716,0
CUST01716,69,Female,France,North,3,28444.57,1,1,0,156579.48,1,84349.79,734,0
CUST06880,22,Female,France,South,8,15103.38,1,1,1,132945.02,0,0.0,357,0
CUST08435,73,Female,Germany,West,1,250000.0,3,0,0,158710.77,1,53519.43,361,0
CUST02600,23,Male,Germany,South,8,7758.59,2,1,1,32140.86,0,0.0,347,0
CUST00215,20,Female,France,West,1,47891.6,1,1,0,150975.98,0,0.0,325,0
CUST07507,74,Female,Spain,East,2,24302.7,1,1,0,914.82,0,0.0,427,0
CUST06309,26,Male,France,North,6,20038.05,2,0,1,11489.89,0,0.0,406,0
CUST00453,26,Male,Germany,East,3,39631.3,1,1,1,131309.74,1,44858.55,318,0
CUST03639,19,Female,France,Central,2,0.0,1,1,1,198659.39,1,46906.98,514,0
CUST01380,43,Male,Spain,North,3,29792.3,2,0,0,29047.07,0,0.0,337,1
CUST08616,48,Female,France,East,0,0.0,1,0,0,136988.68,1,42431.42,332,1
CUST05891,25,Female,Spain,North,5,0.0,3,1,0,82782.04,1,99459.27,332,0
CUST02149,61,Female,Germany,North,6,20491.61,2,0,1,141992.07,1,90227.44,369,1
CUST05429,64,Male,Germany,East,2,8624.47,2,1,0,50420.66,1,42026.82,625,0
CUST04058,30,Female,Germany,South,1,182659.26,2,1,0,185985.65,0,0.0,429,0
CUST09738,29,Male,France,South,4,12568.4,2,0,0,119094.64,0,0.0,597,0
CUST02677,70,Female,Germany,South,9,5929.98,4,1,1,70941.0,1,6462.15,675,0
CUST06014,30,Male,Spain,North,1,0.0,2,1,0,,0,0.0,431,1
CUST00684,47,Male,France,Central,3,0.0,1,1,1,108056.14,0,0.0,636,0
CUST09092,71,Female,Spain,East,6,12259.88,2,0,1,14449.47,1,86094.91,704,0
CUST09914,67,Female,France,East,5,40869.57,2,1,0,43802.25,1,42996.48,303,0
CUST05031,71,Male,Spain,East,5,162834.24,1,1,0,162699.56,0,0.0,737,1
CUST01506,68,Male,Germany,Central,3,167249.28,2,1,1,192913.75,1,59842.73,319,0
CUST05929,33,Female,France,Central,8,250000.0,1,1,1,155797.52,1,73871.79,608,0
CUST02179,42,Female,France,Central,9,42718.4,2,1,1,70413.65,0,0.0,496,0
CUST06736,18,Male,France,North,7,20889.04,1,0,1,51346.93,1,36896.05,325,1
CUST08858,35,Female,Spain,North,2,0.0,1,1,0,147047.49,1,62741.33,635,0
CUST09832,58,Female,France,North,3,156224.24,1,1,0,18662.41,0,0.0,707,0
CUST01446,24,Male,Spain,West,4,8723.49,2,1,0,117863.9,0,0.0,535,0
CUST06273,48,Female,Spain,West,5,113305.49,1,1,1,4564.32,1,63067.65,642,0
CUST01231,18,Male,Spain,Central,8,27721.77,1,1,0,67602.93,1,14734.07,523,1
CUST03673,31,Male,France,East,6,13785.71,1,1,1,133973.75,0,0.0,610,0
CUST02556,25,Male,Germany,East,1,0.0,2,1,1,54004.54,1,6008.54,560,0
CUST07826,37,Male,France,East,7,44075.52,2,1,0,181057.85,0,0.0,842,0
CUST08258,70,Male,France,South,3,34580.82,2,1,1,1840.05,0,0.0,551,0
CUST08089,27,Male,France,East,2,27977.72,1,1,0,61098.08,1,27125.74,474,0
CUST02219,30,Male,France,East,6,141620.35,3,0,0,130368.79,1,42501.22,649,0
CUST08548,31,Female,Germany,South,3,14617.45,2,1,1,155593.32,0,0.0,480,0
CUST01320,44,Male,Spain,North,0,0.0,3,1,1,110810.97,0,0.0,693,0
CUST01980,28,Female,France,South,8,77342.11,1,1,1,23400.78,0,0.0,798,0
CUST06834,30,Male,Germany,West,2,0.0,2,0,1,127582.22,1,8259.95,781,1
CUST00448,19,Male,France,North,2,123764.62,1,1,1,129434.52,1,55547.65,532,0
CUST00815,74,Male,Spain,North,0,163256.05,2,1,1,148959.41,1,86277.69,816,0
CUST02685,38,Female,France,Central,5,15647.72,3,0,0,112068.89,0,0.0,803,0
CUST06500,31,Female,France,West,6,0.0,3,1,1,9364.51,1,18917.69,506,0
CUST04153,28,Female,France,East,5,118560.58,1,0,0,103063.62,0,0.0,529,0
CUST04952,73,Male,Spain,West,7,148581.9,1,0,0,98358.46,0,0.0,371,0
CUST00932,66,Female,Germany,Central,4,20637.51,2,1,0,27192.99,1,14350.49,,0
CUST02370,67,Male,France,East,5,0.0,1,1,1,131709.22,1,94331.33,491,0
CUST04963,55,Male,France,Central,2,8711.83,1,1,1,169731.59,0,0.0,558,0
CUST06112,35,Female,France,North,8,0.0,2,0,1,95696.19,0,0.0,761,0
CUST05575,63,Male,France,Central,5,0.0,2,1,0,139876.97,0,0.0,305,1
CUST06674,61,Female,France,North,8,107341.98,3,0,0,119043.75,1,14926.87,308,0
CUST02080,47,Male,Germany,Central,3,0.0,2,1,0,95599.63,0,0.0,561,0
CUST01603,55,Female,France,Central,9,31914.33,1,1,1,194149.97,1,15292.38,619,0
CUST02170,41,Male,France,Central,5,55714.72,3,0,1,139796.5,0,0.0,370,0
CUST08935,36,Female,Spain,North,8,21406.66,3,1,0,163046.8,1,35375.03,780,1
CUST09146,18,Male,France,North,7,108245.85,1,1,1,116156.3,0,0.0,312,0
CUST09002,74,Female,France,South,8,0.0,1,1,0,164876.64,0,0.0,528,0
CUST08787,23,Male,France,South,6,0.0,2,1,0,67272.63,1,63485.96,568,0
CUST01510,71,Male,France,North,1,0.0,2,1,0,48313.3,0,0.0,661,0
CUST04974,60,Male,Germany,Central,10,0.0,2,1,1,95943.9,0,0.0,695,0
CUST08573,62,Female,Spain,North,6,152246.79,1,0,1,149636.91,0,0.0,531,0
CUST07374,61,Female,France,West,3,0.0,1,1,1,81305.32,0,0.0,669,1
CUST06843,33,Male,France,South,8,56770.7,1,1,1,27187.43,1,81015.08,407,0
CUST01884,67,Female,France,South,9,6115.75,2,1,1,140617.8,0,0.0,454,0
CUST09311,33,Male,France,West,10,68447.06,2,1,1,45555.67,0,0.0,444,0
CUST05085,46,Female,Spain,East,0,0.0,2,0,1,19222.51,0,0.0,460,0
CUST08499,32,Male,Germany,North,2,0.0,1,1,0,58345.39,1,37118.33,616,0
CUST04705,19,Male,France,North,5,,1,0,1,172093.56,0,0.0,607,1
CUST05507,52,Female,Spain,South,3,26324.95,1,1,0,57954.71,1,88844.05,553,0
CUST01282,56,Female,Spain,Central,2,99260.62,2,1,1,176487.46,0,0.0,313,0
CUST01240,72,Male,France,Central,2,153933.52,1,0,1,16955.69,1,38043.27,325,0
CUST09730,37,Male,Germany,South,6,0.0,1,1,1,113213.36,1,31074.32,524,1
CUST07068,44,Female,Spain,North,2,0.0,1,0,1,147959.04,1,47809.31,849,0
CUST04421,64,Female,Germany,West,4,47034.63,1,1,1,37197.25,1,25434.14,509,0
CUST04955,29,Female,France,West,4,12351.56,2,1,1,104567.69,0,0.0,832,0
CUST01796,26,Female,Germany,East,1,6457.46,1,0,1,25524.2,0,0.0,514,0
CUST00454,60,Male,Germany,West,2,5803.26,2,1,1,43858.17,1,19084.69,427,0
CUST06673,65,Female,Germany,South,0,66147.18,3,0,1,184168.58,0,0.0,740,1
CUST06225,47,Male,Germany,South,1,2521.15,2,0,1,193004.89,1,55337.02,312,0
CUST04682,34,Male,Spain,North,4,0.0,1,1,1,45806.43,0,0.0,479,1
CUST06672,60,Male,Spain,North,4,13332.73,2,1,0,41801.94,0,0.0,845,0
CUST01707,39,Male,Spain,East,9,0.0,2,1,1,45035.25,0,0.0,570,1
CUST04957,54,Male,France,East,4,0.0,2,1,1,13951.59,0,0.0,445,0
CUST04176,19,Male,France,Central,8,21460.73,2,1,1,164528.02,0,0.0,380,0
CUST07778,39,Female,France,West,1,5396.76,1,1,0,89333.8,0,0.0,527,0
CUST06588,41,Male,France,East,1,241454.1,2,1,0,90337.57,0,0.0,384,0
CUST00066,25,Male,France,South,3,0.0,2,1,1,151994.25,1,99302.25,600,0
CUST02751,27,Male,France,East,0,34683.37,3,1,0,44430.78,0,0.0,591,0
CUST09107,39,Female,Germany,Central,4,0.0,1,1,0,161595.7,0,0.0,665,1
CUST03620,60,Female,France,West,2,123322.03,2,1,1,192851.43,0,0.0,763,1
CUST02990,50,Male,France,South,2,180291.06,3,1,1,62631.09,1,62897.03,306,0
CUST02107,53,Male,Germany,Central,1,14810.35,1,0,0,73695.82,1,57257.08,623,0
CUST02043,70,Male,France,East,9,13292.85,1,1,0,152668.09,0,0.0,653,0
CUST02254,50,Male,France,North,5,85759.19,2,1,1,141413.33,0,0.0,623,0
CUST00451,57,Female,Spain,Central,4,0.0,2,1,0,61344.59,1,76008.46,821,1
CUST07506,71,Female,France,North,6,0.0,1,1,1,185120.7,1,39747.2,431,0
CUST07257,41,Male,Germany,West,0,0.0,2,1,0,52759.71,1,63586.68,846,0
CUST08730,32,Female,France,Central,7,174592.85,4,0,1,113349.26,1,52151.53,475,0
CUST09061,19,Female,France,West,10,40781.53,1,1,0,124717.13,1,88688.77,714,0
CUST07619,63,Male,Germany,West,8,54724.18,1,1,1,28079.61,0,0.0,411,0
CUST08447,67,Male,Germany,Central,1,18873.53,1,1,1,95802.88,1,22269.15,,0
CUST02276,63,Female,France,South,3,250000.0,1,1,1,24979.12,1,62583.16,389,0
CUST05213,49,Male,Spain,East,3,117327.05,2,1,1,74486.75,0,0.0,815,0
CUST03090,71,Male,Germany,South,10,0.0,1,1,1,190231.5,1,50314.1,594,1
CUST03917,31,Male,France,North,6,65725.14,2,1,1,77726.74,0,0.0,388,0
CUST06109,44,Female,Spain,Central,2,47493.06,3,1,0,178168.11,0,0.0,653,1
CUST07437,69,Male,Germany,West,8,0.0,2,1,1,120156.91,0,0.0,656,0
CUST02498,50,Male,France,West,10,70538.05,1,1,1,66057.3,0,0.0,428,0
CUST06123,71,Male,Germany,West,10,7265.58,1,1,1,153633.73,1,65846.21,303,0
CUST03203,47,Male,Germany,South,6,87223.22,2,1,0,190109.03,0,0.0,836,0
CUST08292,32,Male,France,West,3,74857.66,2,1,1,82455.68,1,27476.81,826,0
CUST02054,56,Male,France,North,9,0.0,2,0,0,157243.64,0,0.0,389,0
CUST04310,39,Female,France,West,6,51958.71,1,1,1,113966.46,0,0.0,596,0
CUST06241,69,Male,Germany,North,3,0.0,1,1,1,110591.3,1,15817.34,360,0
CUST03167,49,Female,Germany,West,2,96586.76,2,1,1,78239.81,0,0.0,725,0
CUST02402,47,Male,France,West,5,0.0,1,0,1,180490.17,1,84520.7,324,0
CUST01304,68,Female,France,Central,8,73041.02,3,1,1,142820.8,0,0.0,349,0
CUST01932,73,Male,Germany,North,1,21568.78,3,1,1,113221.99,0,0.0,684,0
CUST07818,68,Female,Spain,Central,5,148091.14,3,1,1,195266.91,1,8156.87,636,0
CUST02896,45,Female,Germany,North,8,17065.24,1,1,1,47509.05,0,0.0,710,0
CUST09732,56,Male,France,North,6,169387.64,1,0,1,96725.28,0,0.0,484,0
CUST05004,53,Male,Germany,Central,6,91912.34,1,1,1,164687.74,1,71230.07,794,0
CUST06439,64,Female,France,North,10,33879.02,1,1,1,17101.29,0,0.0,467,0
CUST07130,24,Male,France,West,3,37349.58,2,0,0,122127.17,0,0.0,369,0
CUST05067,18,Male,France,West,9,144578.97,2,1,0,8019.99,0,0.0,370,0
CUST03357,44,Male,Spain,West,9,0.0,3,1,1,196862.31,1,9104.95,597,0
CUST03296,39,Male,France,West,5,112229.26,4,1,0,96126.17,0,0.0,580,0
CUST00394,38,Female,France,East,7,18342.82,1,1,1,94037.21,1,21207.25,568,0
CUST00706,64,Female,France,Central,9,0.0,2,1,0,181651.97,1,32615.62,721,0
CUST03644,68,Female,France,South,4,78205.04,1,1,0,195270.16,1,39406.59,565,1
CUST04696,58,Male,France,South,1,0.0,3,1,1,41184.8,0,0.0,553,1
CUST01537,46,Male,Spain,Central,9,10754.98,1,1,0,19151.53,1,68859.91,744,0
CUST02665,23,Male,France,South,10,3143.95,1,1,0,44.16,0,0.0,560,0
CUST08808,28,Female,France,East,4,250000.0,3,1,0,112946.68,0,0.0,620,1
CUST07854,72,Female,France,South,10,172802.16,2,1,1,88264.86,0,0.0,342,0
CUST04466,47,Male,Spain,East,4,40821.38,2,1,0,125766.67,1,87248.67,443,0
CUST08872,44,Male,Spain,West,3,0.0,2,0,0,62247.32,1,76176.3,521,1
CUST00558,68,Male,Germany,Central,9,31650.37,1,1,0,186948.28,0,0.0,753,0
CUST07416,21,Male,France,South,9,120162.88,2,1,1,55985.77,0,0.0,564,0
CUST03096,73,Female,Spain,Central,2,103823.48,1,1,1,51812.58,0,0.0,799,0
CUST02248,32,Female,France,East,2,112371.56,3,1,0,4489.77,0,0.0,444,0
CUST05426,56,Male,France,South,5,155798.06,1,0,0,78568.64,1,70543.71,744,0
CUST07414,26,Female,France,South,4,0.0,1,1,1,37917.31,0,0.0,651,0
CUST08419,66,Male,Germany,Central,1,40838.91,2,1,0,188307.59,0,0.0,737,1
CUST01402,26,Male,Spain,West,2,94035.97,3,0,0,106784.56,0,0.0,626,0
CUST08071,33,Male,France,South,0,0.0,1,1,1,94441.22,0,0.0,546,0
CUST05978,32,Female,France,East,1,9492.62,2,1,1,124552.18,1,17317.67,424,0
CUST04419,45,Male,Germany,West,9,0.0,1,0,1,107595.79,1,55580.37,657,1
CUST08418,30,Female,France,West,7,34955.05,2,0,1,170246.03,0,0.0,681,0
CUST07813,31,Male,France,Central,4,0.0,1,1,0,81876.63,0,0.0,529,0
CUST00535,70,Male,France,Central,3,0.0,2,1,0,98950.99,0,0.0,590,1
CUST07987,58,Female,France,North,5,183620.91,2,1,1,107867.38,1,77986.3,647,0
CUST01074,73,Male,Germany,North,0,0.0,1,1,1,53028.89,1,72158.96,400,0
CUST01413,63,Female,France,North,7,81612.65,1,1,0,152299.02,1,37071.64,605,0
CUST05074,28,Female,France,Central,0,30432.64,1,1,1,100874.06,0,0.0,418,0
CUST01504,18,Male,France,West,5,169690.81,2,1,0,100219.74,0,0.0,698,0
CUST06958,51,Male,Spain,South,8,0.0,1,1,1,43065.75,1,82195.67,304,1
CUST05400,45,Female,Germany,South,3,0.0,3,0,0,137852.41,1,94010.53,774,0
CUST00214,58,Male,France,West,2,599.9,4,1,1,92536.68,0,0.0,562,1
CUST01032,36,Male,Spain,North,4,10914.48,1,1,1,82946.18,0,0.0,546,0
CUST03435,41,Male,France,East,4,0.0,3,1,1,192998.39,0,0.0,406,0
CUST02146,44,Male,Spain,East,1,0.0,1,1,0,39827.34,0,0.0,806,0
CUST04656,72,Male,France,Central,3,29065.88,2,0,0,179546.73,1,60739.8,824,1
CUST07118,28,Female,Spain,South,9,0.0,1,1,1,105042.03,1,41738.52,613,0
CUST09225,21,Male,France,East,0,158374.75,1,1,1,116168.49,0,0.0,805,0
CUST05655,41,Male,France,South,6,0.0,1,1,1,77756.94,0,0.0,440,1
CUST04793,59,Female,France,Central,3,0.0,1,1,0,22478.25,0,0.0,836,0
CUST03495,36,Female,France,West,5,0.0,2,1,0,145079.2,1,8817.36,459,1
CUST04333,38,Female,France,Central,2,74267.25,1,1,1,26149.38,0,0.0,506,1
CUST01715,52,Male,France,East,0,22284.1,1,1,1,103779.36,0,0.0,427,0
CUST09289,57,Male,France,Central,5,17829.19,1,1,0,88696.34,1,37407.98,776,0
CUST04362,22,Female,Germany,North,7,0.0,1,0,1,97316.22,1,54331.1,690,0
CUST08599,33,Male,France,Central,0,0.0,2,1,1,123475.73,1,54031.62,,1
CUST02661,32,Male,Spain,South,6,248487.0,1,0,0,90707.15,1,98231.53,829,1
CUST04276,21,Male,France,South,0,26505.65,1,0,1,60892.76,0,0.0,820,0
CUST07924,42,Female,France,East,10,0.0,1,1,1,138177.18,1,88612.73,327,0
CUST08771,63,Female,Spain,East,10,135162.72,1,1,1,163102.78,1,33930.58,782,0
CUST09806,56,Female,Germany,North,8,17911.72,2,1,0,66480.79,0,0.0,631,0
CUST04158,68,Female,Spain,Central,3,208810.97,4,1,0,115296.02,1,13171.4,357,0
CUST00368,38,Female,France,North,4,0.0,1,1,1,86950.94,0,0.0,482,0
CUST02993,31,Male,Germany,Central,3,0.0,1,1,1,184337.67,0,0.0,837,0
CUST07217,30,Male,France,Central,5,0.0,4,1,1,87943.56,0,0.0,396,0
CUST08729,44,Female,France,North,9,23524.33,2,1,0,7228.3,1,74352.31,745,0
CUST00148,52,Female,France,West,2,0.0,1,1,1,70657.03,1,40435.02,707,0
CUST04743,74,Female,Germany,South,5,,3,1,0,42985.53,0,0.0,448,1
CUST06887,40,Female,France,North,3,6903.73,1,1,1,116793.8,0,0.0,415,0
CUST07455,29,Female,Germany,East,10,80110.95,2,0,0,67476.01,1,54397.76,351,0
CUST02001,49,Female,Germany,South,7,67680.64,2,1,0,86402.14,1,40196.95,704,0
CUST00651,28,Male,Spain,West,5,7978.7,1,1,1,66224.66,0,0.0,687,0
CUST08386,50,Female,Spain,Central,3,96589.46,1,1,1,157318.82,0,0.0,412,0
CUST00939,56,Male,Spain,East,6,57907.56,2,1,0,12608.14,0,0.0,455,0
CUST08359,34,Female,Spain,South,9,184677.6,2,1,1,142946.35,1,51559.48,347,0
CUST00543,42,Male,France,North,1,0.0,1,1,0,4113.59,1,9983.56,737,1
CUST00628,29,Male,France,West,9,0.0,3,1,0,,0,0.0,710,0
CUST06063,32,Male,France,Central,9,132836.69,1,0,1,27184.85,0,0.0,661,0
CUST02592,28,Male,France,East,2,0.0,2,1,1,129377.0,0,0.0,487,0
CUST06062,72,Female,France,North,8,0.0,1,0,1,97564.86,1,67441.19,447,0
CUST02371,66,Female,France,East,0,168972.42,1,0,1,121139.23,0,0.0,763,0
CUST01102,72,Male,France,South,9,361.94,3,1,1,58486.82,0,0.0,558,0
CUST09999,46,Female,France,North,8,0.0,1,1,1,161917.83,1,64926.11,793,1
CUST06476,61,Female,France,East,1,31002.62,2,1,0,4629.46,1,25005.92,414,0
CUST04400,72,Female,Spain,East,3,69117.32,3,1,0,47324.4,1,89829.42,639,0
CUST06774,25,Male,Spain,Central,4,0.0,3,1,0,176518.63,0,0.0,624,1
CUST08778,42,Female,Spain,North,5,0.0,2,0,0,170182.27,0,0.0,551,1
CUST02766,53,Male,Germany,North,8,124274.04,1,0,1,22805.15,0,0.0,608,0
CUST05377,32,Female,France,North,2,104937.82,3,0,0,151979.45,1,75348.72,317,0
CUST08564,37,Female,Spain,West,6,250000.0,1,1,1,51587.48,1,16823.87,789,0
CUST05657,62,Male,Spain,East,6,174786.41,1,1,1,76374.29,0,0.0,828,0
CUST00594,18,Male,Spain,Central,9,139456.31,1,1,0,148669.13,1,88172.08,436,0
CUST04811,33,Male,Germany,East,9,79608.37,1,1,1,150611.81,1,55921.14,594,0
CUST05261,20,Female,Germany,North,10,0.0,2,1,1,10562.5,1,86396.72,429,0
CUST09250,58,Male,France,South,1,184385.95,1,1,0,165790.84,0,0.0,662,0
CUST06610,59,Female,Spain,West,9,0.0,2,0,1,180966.82,1,59219.08,556,0
CUST00989,46,Male,Spain,East,7,0.0,1,1,0,117567.67,0,0.0,519,0
CUST02211,39,Female,Germany,North,0,0.0,2,1,0,30342.37,0,0.0,576,0
CUST03186,37,Female,France,North,8,124614.82,2,1,0,181669.04,0,0.0,815,0
CUST07577,69,Male,France,West,9,0.0,1,1,1,164033.46,0,0.0,744,0
CUST09096,20,Male,Spain,South,0,80113.91,3,0,0,21710.61,1,58292.91,534,0
CUST04422,64,Female,France,South,2,65268.84,2,1,1,153904.42,0,0.0,357,0
CUST06290,57,Female,France,East,1,0.0,1,0,0,92929.92,1,30981.36,641,0
CUST01635,60,Male,Spain,West,2,0.0,1,1,0,148016.98,0,0.0,795,1
CUST00556,43,Male,Spain,South,2,0.0,1,1,0,191753.33,1,97589.28,420,0
CUST03603,29,Male,France,North,8,0.0,1,1,0,61502.96,0,0.0,586,0
CUST06948,27,Female,France,North,6,249542.73,1,0,0,181676.72,0,0.0,665,0
CUST03416,20,Female,Germany,West,6,84812.5,1,0,0,38244.66,1,36096.87,324,0
CUST08476,72,Female,France,West,0,125340.13,2,1,0,59430.78,0,0.0,348,0
CUST06470,36,Male,Spain,Central,2,68893.26,1,1,0,82118.65,1,66333.51,630,0
CUST09810,70,Female,Spain,South,7,55772.58,1,0,0,53360.87,0,0.0,844,0
CUST02017,57,Female,Spain,Central,3,40499.61,1,1,1,136191.68,0,0.0,638,0
CUST03403,27,Male,Germany,West,10,40271.34,3,1,0,112126.33,0,0.0,514,1
CUST08088,62,Male,France,Central,10,0.0,1,1,0,58657.96,1,62173.72,464,1
CUST05490,27,Female,France,South,0,23288.5,2,0,1,90908.85,1,60982.6,774,0
CUST00676,29,Male,Spain,East,2,0.0,2,1,1,158248.84,0,0.0,579,0
CUST01990,23,Male,Spain,South,7,39141.59,1,1,0,155629.26,0,0.0,767,0
CUST06247,74,Female,France,West,4,0.0,2,0,1,67.18,1,42277.86,314,0
CUST03348,59,Female,Spain,East,1,0.0,4,1,1,195193.51,0,0.0,426,0
CUST01378,60,Male,Spain,North,4,44696.7,2,0,0,173903.92,0,0.0,599,0
CUST06044,38,Male,Spain,South,5,4029.36,2,1,0,68129.84,0,0.0,709,1
CUST01350,22,Female,France,North,7,0.0,1,0,0,5653.4,0,0.0,315,1
CUST09035,57,Female,France,South,1,124690.19,1,0,1,113024.89,1,79011.61,803,0
CUST00071,53,Male,France,Central,7,2881.59,1,1,1,135818.78,0,0.0,566,0
CUST01664,74,Male,France,West,3,156443.97,2,1,0,94018.93,1,76062.84,728,0
CUST00047,68,Female,France,West,8,33902.68,1,0,0,186316.51,1,51378.24,430,0
CUST07596,25,Male,France,West,9,42301.65,1,1,1,37037.79,0,0.0,834,0
CUST04494,53,Male,France,West,0,0.0,3,1,0,72168.87,0,0.0,804,1
CUST02874,46,Male,Germany,West,5,53494.7,1,0,0,145223.5,1,66622.55,701,1
CUST07460,28,Female,France,East,9,90803.29,1,1,1,31484.54,1,91989.7,352,0
CUST02932,19,Female,Spain,Central,6,157950.11,1,0,0,133801.6,0,0.0,602,0
CUST08977,26,Male,Germany,East,0,1631.77,3,1,0,116287.06,1,97472.77,714,1
CUST05660,49,Male,Spain,East,7,,2,1,1,155005.03,0,0.0,,0
CUST07173,28,Female,France,East,8,107367.16,1,1,1,103779.85,1,14339.44,803,0
CUST04798,54,Female,France,Central,1,100146.33,2,0,0,192138.43,0,0.0,757,0
CUST08615,49,Female,France,Central,6,68543.64,3,0,0,165624.33,1,39542.93,731,1
CUST00925,63,Male,France,South,7,0.0,1,1,1,184961.13,1,11873.64,678,0
CUST00926,18,Female,France,West,5,0.0,2,0,1,11904.51,0,0.0,615,1
CUST09009,74,Male,Germany,West,7,7091.33,2,1,0,122510.0,0,0.0,433,0
CUST00865,63,Female,France,West,6,1443.54,2,0,1,116532.74,0,0.0,740,0
CUST03605,58,Male,France,West,1,27205.98,2,1,0,126637.25,1,92659.98,466,1
CUST06205,59,Male,Spain,East,1,196764.02,1,0,1,139528.36,0,0.0,708,1
CUST06310,39,Male,France,Central,7,0.0,1,0,0,107788.47,1,90572.47,436,0
CUST09759,69,Male,France,West,8,29475.14,2,1,0,52592.47,0,0.0,647,0
CUST06839,32,Male,Spain,Central,8,32863.87,1,1,0,163349.76,1,14657.13,602,0
CUST02121,40,Female,France,Central,0,0.0,1,1,0,165191.84,0,0.0,449,0
CUST06619,22,Female,France,West,2,0.0,1,1,0,64344.7,0,0.0,449,0
CUST02407,31,Female,Germany,South,8,0.0,2,1,0,54202.22,0,0.0,660,1
CUST01459,69,Female,Spain,Central,6,117289.27,4,1,1,64638.7,1,23093.26,707,0
CUST03968,22,Female,Spain,South,7,61342.97,2,1,0,65811.09,0,0.0,333,1
CUST03928,53,Male,France,South,0,0.0,4,1,1,172156.79,1,70298.85,304,0
CUST07659,54,Male,Spain,North,0,104025.55,2,1,0,61572.72,0,0.0,770,1
CUST09353,53,Male,Spain,East,10,0.0,1,1,1,14505.34,0,0.0,532,0
CUST09181,29,Male,Spain,North,7,71468.59,1,1,0,18116.31,0,0.0,653,0
CUST02078,45,Male,France,West,6,0.0,1,1,0,148493.41,1,36926.52,524,1
CUST00269,34,Male,Spain,West,8,0.0,2,0,0,34703.41,1,80275.82,520,0
CUST05829,28,Male,Germany,West,5,0.0,2,1,0,90332.53,0,0.0,808,0
CUST07412,62,Male,Germany,North,5,0.0,1,0,0,35865.62,1,76114.1,649,1
CUST07594,26,Male,Spain,North,7,78571.95,2,1,0,29174.0,1,5168.77,425,1
CUST06616,36,Male,Spain,West,5,96081.25,1,1,1,23803.45,1,15368.07,424,0
CUST01484,24,Male,France,West,7,145231.57,1,0,0,134208.71,0,0.0,470,0
CUST02584,42,Male,France,South,9,28796.81,1,1,1,33424.09,0,0.0,426,0
CUST00189,45,Male,Spain,South,10,26806.77,1,0,1,32346.92,0,0.0,412,0
CUST07415,56,Male,France,West,8,58654.5,1,1,0,195224.93,0,0.0,542,1
CUST06415,59,Female,France,East,4,101767.2,1,1,0,127600.43,0,0.0,736,1
CUST00285,20,Female,France,West,1,0.0,3,1,0,124829.26,0,0.0,750,0
CUST09791,39,Female,Germany,Central,0,5906.2,3,1,1,198377.64,1,9597.23,413,1
CUST00760,69,Male,Germany,East,1,106661.94,3,0,0,132942.03,1,90451.89,824,1
CUST03949,19,Male,Spain,North,9,0.0,4,1,1,149899.43,0,0.0,767,1
CUST02158,23,Male,France,Central,9,28332.25,1,1,1,79243.56,1,86977.84,686,0
CUST05545,51,Female,Germany,Central,1,0.0,2,1,1,190938.26,0,0.0,364,0
CUST05193,31,Male,France,Central,2,0.0,1,1,1,112684.3,1,75836.24,563,0
CUST00055,31,Male,Spain,East,6,35092.77,1,1,1,168947.87,0,0.0,505,0
CUST04534,48,Male,France,Central,6,102288.92,1,0,1,42921.47,0,0.0,506,0
CUST00880,72,Male,France,South,4,3590.47,3,1,1,61939.04,1,93637.1,329,0
CUST09825,55,Female,France,South,4,52931.42,1,1,0,57848.98,0,0.0,424,0
CUST06042,69,Male,Germany,West,5,31333.05,4,1,1,162768.43,1,13242.14,606,0
CUST05148,40,Female,France,North,8,0.0,1,1,1,62446.63,0,0.0,486,0
CUST02279,51,Male,France,East,1,0.0,1,1,0,110780.69,1,25224.51,333,0
CUST06751,39,Female,Spain,South,5,93488.87,2,0,1,34248.06,0,0.0,713,0
CUST02555,43,Male,Spain,East,6,226682.65,1,1,1,181166.45,1,92640.73,467,0
CUST03125,35,Male,France,East,7,76855.81,1,0,0,156725.88,1,78310.53,532,0
CUST04978,19,Male,Spain,East,7,114407.4,2,1,1,180622.0,0,0.0,738,0
CUST06945,58,Female,France,North,7,91412.13,3,1,1,89490.54,1,51712.56,799,0
CUST00376,50,Male,France,West,6,0.0,2,1,1,43749.93,0,0.0,348,0
CUST02245,74,Male,Germany,West,9,54951.19,3,1,0,196180.08,1,87240.55,492,0
CUST09536,45,Female,Spain,Central,10,20842.29,1,0,0,50470.29,1,63845.73,751,0
CUST05433,58,Male,France,West,6,0.0,4,0,1,196356.08,0,0.0,430,0
CUST06128,24,Female,France,North,1,13825.72,3,0,0,171290.03,1,35379.88,794,0
CUST05190,65,Male,France,North,4,42769.53,2,1,1,115377.57,1,64562.89,379,0
CUST03672,45,Male,France,Central,0,8225.74,2,0,0,52524.51,1,71702.9,339,0
CUST09040,64,Female,Spain,East,2,115008.25,2,1,0,123296.33,0,0.0,765,0
CUST00846,25,Female,France,South,2,0.0,2,1,1,147949.33,0,0.0,359,1
CUST07933,40,Female,Germany,West,7,94341.21,1,1,0,52100.05,0,0.0,493,0
CUST07743,23,Female,France,Central,5,0.0,3,0,0,22128.32,1,74280.1,437,0
CUST07387,52,Male,France,East,3,0.0,2,1,0,130706.16,1,93733.1,317,1
CUST06502,74,Male,Spain,North,5,11115.72,3,0,0,39603.13,1,6329.22,743,1
CUST00484,49,Male,France,South,5,15501.29,2,1,1,95596.14,0,0.0,436,0
CUST07375,40,Male,Spain,Central,1,10384.41,2,0,1,141580.39,0,0.0,777,0
CUST08428,71,Male,France,West,4,0.0,3,1,1,70908.88,1,51788.45,731,1
CUST03624,66,Male,Spain,West,10,25223.3,2,1,0,12980.14,0,0.0,849,0
CUST08158,41,Male,Germany,North,6,62763.71,1,1,0,51499.69,0,0.0,645,0
CUST03453,69,Male,France,Central,5,0.0,1,1,1,97264.25,0,0.0,609,1
CUST07864,72,Male,Spain,East,2,250000.0,1,1,0,117910.84,0,0.0,849,0
CUST06101,37,Female,Spain,North,0,0.0,1,1,0,136148.95,0,0.0,715,0
CUST05868,31,Male,France,Central,6,133705.76,1,1,0,98464.11,1,98422.63,301,1
CUST06491,28,Male,France,South,6,57332.44,3,1,0,137832.89,0,0.0,511,1
CUST08854,23,Male,Spain,West,6,0.0,1,1,1,107315.71,1,36204.8,438,0
CUST06848,43,Female,Spain,South,8,117559.62,1,1,1,108875.32,0,0.0,384,0
CUST01125,53,Male,France,South,6,4004.03,3,1,1,2929.66,0,0.0,315,0
CUST02639,63,Male,Spain,South,2,0.0,3,1,0,40875.87,0,0.0,546,0
CUST01357,44,Female,Germany,West,4,29641.24,1,1,0,177988.5,0,0.0,565,0
CUST09643,31,Female,Spain,East,3,0.0,1,1,1,22081.15,0,0.0,771,0
CUST05561,53,Male,France,North,5,250000.0,2,0,1,122849.84,1,90062.49,760,0
CUST02484,31,Female,Spain,Central,1,0.0,1,1,0,117600.28,1,93234.53,498,0
CUST08122,40,Female,Spain,South,8,0.0,1,1,1,116347.24,1,63510.25,302,1
CUST09015,44,Male,Spain,Central,1,59727.79,2,1,0,36341.12,0,0.0,405,1
CUST08138,19,Male,France,North,9,0.0,1,1,1,68900.68,0,0.0,849,1
CUST08749,50,Female,Spain,Central,5,0.0,1,1,0,108050.51,0,0.0,425,1
CUST01283,57,Female,Germany,East,10,0.0,2,1,1,85143.61,1,40665.9,516,0
CUST03723,29,Male,France,East,10,15922.47,3,0,0,188158.56,1,94349.22,846,0
CUST04471,36,Female,Germany,South,9,127075.2,2,1,0,60522.3,0,0.0,489,0
CUST00824,70,Female,Spain,Central,1,0.0,4,1,1,53454.19,1,50197.49,379,1
CUST09851,55,Female,France,Central,7,13485.3,1,1,1,73770.88,0,0.0,796,0
CUST03262,69,Male,Spain,West,10,30212.87,2,1,1,115176.62,0,0.0,571,0
CUST06697,62,Female,France,West,2,27321.39,1,1,0,72269.27,0,0.0,588,1
CUST06950,64,Female,France,West,10,14418.39,2,1,1,57507.93,0,0.0,337,0
CUST07241,57,Male,France,West,0,102642.36,2,1,0,185036.23,0,0.0,359,0
CUST02844,44,Male,Germany,Central,2,63424.87,1,1,1,153698.59,1,6023.39,300,0
CUST05492,26,Male,France,East,5,0.0,3,0,1,164289.21,0,0.0,321,0
CUST08403,72,Male,Germany,North,0,30343.5,1,0,0,169563.79,1,41953.43,479,0
CUST01532,72,Female,Spain,South,2,250000.0,1,1,0,51823.89,0,0.0,369,0
CUST00140,40,Male,Spain,West,6,148765.63,3,0,0,157824.68,0,0.0,364,0
CUST02417,31,Female,Spain,North,0,231326.5,2,1,0,103453.08,1,88675.59,796,0
CUST03371,31,Male,France,North,7,6089.15,1,1,0,65179.73,1,63276.75,715,0
CUST01054,43,Male,France,South,2,67128.7,4,1,0,108267.83,1,57141.02,648,0
CUST06821,49,Female,France,East,9,250000.0,1,1,1,62538.04,1,20854.91,580,0
CUST00121,68,Male,Germany,East,2,125642.02,1,1,0,147401.25,1,59744.82,640,0
CUST04232,54,Female,France,West,7,0.0,1,1,1,11209.76,0,0.0,425,0
CUST02015,36,Female,France,West,10,16840.61,2,1,0,,0,0.0,613,0
CUST05253,46,Male,France,North,4,123669.73,1,1,0,72234.58,1,94273.97,625,1
CUST07260,19,Male,France,North,6,44796.24,4,0,1,163040.17,1,57367.63,342,0
CUST06106,49,Female,Germany,West,5,0.0,1,1,1,115547.7,0,0.0,336,0
CUST08786,45,Female,Germany,North,1,50685.05,2,1,1,24664.19,1,66353.18,383,0
CUST07978,71,Female,France,East,7,151551.74,4,0,0,183495.56,1,94142.44,508,1
CUST06573,63,Male,France,North,7,105081.25,1,1,1,57515.76,0,0.0,579,0
CUST09072,35,Female,Germany,West,10,86100.48,1,1,1,158341.04,0,0.0,583,0
CUST03636,39,Male,Germany,West,2,121893.65,2,1,1,108826.34,0,0.0,748,0
CUST01033,38,Female,Spain,Central,8,52905.08,2,1,1,38315.32,0,0.0,373,0
CUST00345,53,Female,Germany,East,2,0.0,2,1,0,13392.47,1,38555.03,503,0
CUST00842,25,Female,Germany,West,10,0.0,3,1,0,369.34,0,0.0,840,0
CUST09842,44,Male,France,South,1,8423.17,2,1,1,61886.64,1,55148.99,450,0
CUST07385,43,Female,France,East,6,58943.52,1,0,0,129502.55,1,73341.57,565,0
CUST05181,64,Female,Spain,West,6,73136.1,1,0,0,178918.71,0,0.0,558,0
CUST03253,35,Male,France,North,9,0.0,1,1,1,61400.18,0,0.0,778,1
CUST03394,52,Male,France,North,10,0.0,2,1,1,169316.98,1,35479.94,651,0
CUST05070,37,Female,France,West,0,0.0,1,1,0,94014.75,1,53921.43,553,1
CUST03720,59,Male,Germany,West,4,0.0,4,1,1,162573.81,0,0.0,567,1
CUST06968,63,Female,France,West,10,69145.64,1,1,0,117599.31,0,0.0,602,0
CUST03179,62,Female,France,North,10,62646.84,1,1,1,173036.44,0,0.0,440,0
CUST04615,41,Female,Spain,East,6,75617.38,1,0,0,64575.9,0,0.0,848,1
CUST09361,74,Male,Spain,East,2,0.0,1,1,0,180408.41,1,68839.98,540,0
CUST04976,70,Female,Germany,Central,1,29568.01,1,0,0,5502.24,0,0.0,588,0
CUST06441,56,Female,Spain,East,7,250000.0,2,1,0,100621.68,1,14022.12,579,0
CUST03448,72,Female,Spain,South,4,0.0,2,0,0,14981.99,0,0.0,628,1
CUST05049,52,Male,Germany,Central,4,250000.0,3,0,1,85185.2,0,0.0,691,0
CUST02023,60,Female,Germany,North,5,0.0,2,1,1,14221.55,1,73873.98,694,0
CUST03099,18,Male,France,East,3,71527.56,1,0,1,138279.71,0,0.0,640,0
CUST01810,59,Male,France,East,7,0.0,2,0,1,36649.7,1,76059.14,311,1
CUST02910,23,Female,France,South,2,8555.04,1,1,1,76214.78,0,0.0,728,0
CUST07857,64,Male,France,North,0,52461.57,3,0,1,128656.62,1,38219.44,632,1
CUST05094,43,Female,France,West,6,16078.63,2,0,1,163956.46,1,8032.69,811,0
CUST07919,39,Female,France,East,4,31445.35,3,1,1,8334.78,0,0.0,666,0
CUST01490,68,Male,France,North,5,21877.67,1,0,0,63692.71,1,42286.41,732,0
CUST01565,33,Male,Spain,South,2,14180.7,2,1,1,162801.38,0,0.0,532,0
CUST06812,64,Male,Germany,North,4,0.0,1,1,0,92030.75,0,0.0,380,0
CUST09604,41,Female,Spain,Central,9,98143.49,1,1,0,163656.52,0,0.0,818,1
CUST06124,27,Female,Germany,North,6,128262.63,2,1,1,191800.47,1,37052.83,563,1
CUST08318,51,Female,France,East,4,102385.5,1,1,1,129704.57,1,32968.76,307,0
CUST00365,21,Male,Spain,North,5,14757.39,3,1,0,95418.37,0,0.0,457,0
CUST08035,33,Female,Spain,Central,7,0.0,3,1,0,135965.25,0,0.0,654,0
CUST00118,25,Male,Germany,Central,9,141670.0,1,1,0,8594.94,0,0.0,302,1
CUST03678,43,Male,France,East,6,154604.25,1,1,1,165008.63,1,96338.15,392,0
CUST05199,56,Female,France,Central,2,0.0,2,1,1,26803.47,0,0.0,468,1
CUST00630,63,Male,France,East,7,0.0,1,0,0,10468.53,0,0.0,326,0
CUST06443,66,Female,France,East,0,131629.79,1,1,0,2657.76,0,0.0,485,1
CUST08154,39,Female,France,North,5,66179.14,2,1,1,113752.67,1,40521.5,728,0
CUST02576,43,Female,France,Central,10,1493.53,1,1,1,97040.27,0,0.0,606,0
CUST09831,30,Female,Spain,South,7,2236.52,1,0,1,77787.75,0,0.0,629,0
CUST01686,68,Male,Germany,Central,8,67073.03,2,1,0,184912.97,1,28400.96,348,1
CUST01989,35,Male,Germany,East,9,7634.08,3,1,0,44122.24,0,0.0,660,0
CUST05402,22,Female,Spain,East,5,0.0,1,1,0,12099.25,0,0.0,637,0
CUST01519,25,Male,France,Central,10,0.0,2,0,1,41308.65,1,31185.56,392,0
CUST06851,62,Female,France,South,0,45440.59,1,1,0,16224.77,1,96743.21,362,0
CUST07624,21,Male,France,Central,9,19273.78,2,1,1,117296.26,1,16125.52,789,0
CUST06791,43,Female,Spain,East,1,78849.44,3,1,0,111342.36,0,0.0,433,1
CUST03178,18,Male,France,West,8,0.0,1,0,1,192754.79,1,9969.17,761,1
CUST07432,62,Male,Germany,West,7,0.0,3,1,1,76772.23,0,0.0,637,0
CUST00976,51,Female,France,Central,4,151737.96,3,1,0,11118.46,1,53038.36,593,0
CUST09532,32,Male,Germany,East,8,0.0,3,1,1,19991.6,0,0.0,348,0
CUST03750,36,Female,France,Central,9,45189.72,1,1,1,64373.58,1,6851.37,691,0
CUST04481,18,Female,Germany,North,6,44122.87,2,0,0,195381.83,0,0.0,492,0
CUST04258,65,Female,France,South,6,0.0,1,1,0,105330.52,1,90454.14,535,0
CUST09986,46,Female,Germany,North,7,78081.37,2,0,0,21730.43,1,44038.21,718,0
CUST03059,50,Male,France,South,8,150831.71,4,1,0,168816.5,0,0.0,718,0
CUST08670,55,Female,France,West,0,29225.91,2,1,1,191085.59,0,0.0,467,1
CUST01798,65,Female,Germany,North,0,0.0,3,1,0,181952.52,0,0.0,467,0
CUST01006,65,Male,Spain,Central,1,0.0,2,0,0,144322.35,0,0.0,768,0
CUST05494,63,Female,France,South,6,197017.1,4,0,1,173784.43,0,0.0,585,0
CUST06586,29,Male,France,South,4,250000.0,1,0,0,49772.42,0,0.0,713,0
CUST00632,68,Female,Germany,East,3,14844.83,4,1,0,193891.8,1,92991.67,382,0
CUST06122,58,Male,Spain,West,7,12247.97,3,0,0,156691.79,0,0.0,365,0
CUST04736,71,Male,France,East,1,7327.02,1,1,0,156525.99,0,0.0,317,0
CUST01521,72,Male,France,North,4,0.0,2,1,0,33159.85,0,0.0,848,1
CUST00868,35,Male,Spain,Central,6,19384.38,1,1,1,25753.1,0,0.0,635,0
CUST01399,66,Female,Spain,South,9,55866.79,2,0,1,86616.92,0,0.0,630,0
CUST06559,69,Female,France,North,3,0.0,2,0,0,118103.8,1,92312.32,404,1
CUST04215,61,Female,France,North,7,0.0,2,0,0,156024.14,1,9544.01,812,0
CUST08378,39,Female,France,North,7,4699.24,1,1,0,100327.93,0,0.0,772,0
CUST05187,47,Female,France,East,5,0.0,1,1,1,36586.31,1,85656.3,798,0
CUST02938,20,Male,Spain,East,5,21979.2,2,1,0,62414.65,0,0.0,459,0
CUST06371,30,Female,France,Central,3,0.0,1,1,0,116874.31,1,78349.65,754,0
CUST05572,63,Female,France,East,2,130288.8,1,0,1,191968.32,0,0.0,368,0
CUST04867,74,Female,France,Central,5,250000.0,2,0,1,23561.08,0,0.0,844,0
CUST06949,36,Female,Spain,East,7,150146.32,3,1,1,22872.89,1,48376.88,640,0
CUST03856,64,Female,Spain,Central,6,0.0,1,1,0,137067.89,1,34935.24,802,0
CUST05248,56,Female,Germany,West,6,25019.48,1,0,1,178048.52,1,96535.13,350,0
CUST02918,33,Female,Spain,South,10,101488.45,1,1,1,56675.3,0,0.0,634,0
CUST02621,36,Male,Spain,South,10,246612.62,2,1,0,55980.84,1,89592.23,669,0
CUST04302,46,Female,Spain,North,1,85465.03,1,1,0,53030.57,0,0.0,813,0
CUST03118,72,Male,Spain,South,0,0.0,3,0,1,44836.76,1,79745.67,611,1
CUST07967,48,Female,France,East,9,12143.54,1,0,1,108329.0,1,19616.71,613,0
CUST06817,36,Female,France,West,9,0.0,3,0,1,109027.81,1,47113.74,822,0
CUST01807,56,Female,France,West,8,49206.3,1,0,1,21928.52,0,0.0,583,0
CUST04496,19,Male,France,South,5,137458.54,3,0,1,45362.19,0,0.0,322,0
CUST01576,24,Female,Germany,East,6,72789.72,3,0,0,124901.51,1,66905.73,550,0
CUST09946,30,Female,Spain,East,5,15738.77,1,1,1,27237.32,0,0.0,388,0
CUST03951,63,Female,France,North,3,128525.8,1,1,1,92495.36,1,26764.19,480,0
CUST01199,21,Male,France,West,8,94153.4,1,0,1,172933.3,0,0.0,474,0
CUST02369,41,Female,France,West,4,47382.13,1,1,0,141017.73,1,79841.88,656,0
CUST03597,41,Female,Germany,East,5,203210.55,2,0,1,137529.57,0,0.0,418,0
CUST08662,50,Male,France,West,9,131489.54,1,0,0,29252.18,1,50629.08,378,0
CUST09958,63,Male,France,North,1,11467.33,2,1,1,37979.51,0,0.0,396,0
CUST00867,23,Female,Germany,East,9,65044.04,2,1,1,74075.02,0,0.0,,0
CUST00080,71,Female,France,East,6,49866.82,1,1,0,8196.77,0,0.0,532,1
CUST00534,29,Male,France,North,2,111912.17,3,0,1,70339.88,0,0.0,468,0
CUST09302,66,Male,Germany,West,10,0.0,3,1,1,151341.96,0,0.0,408,0
CUST04467,74,Male,Spain,North,4,23409.77,2,1,1,84256.02,0,0.0,545,0
CUST05598,60,Male,France,Central,2,200549.84,3,0,1,11235.67,0,0.0,478,1
CUST09856,70,Female,France,North,10,0.0,1,1,1,114975.9,0,0.0,452,0
CUST08357,47,Male,France,Central,3,150458.19,1,0,0,125097.95,1,51695.51,323,1
CUST04015,21,Male,Germany,South,6,0.0,1,1,1,38932.36,0,0.0,423,0
CUST02976,52,Female,France,North,10,3650.98,2,1,1,124888.16,1,62565.52,306,1
CUST07262,74,Male,Germany,South,4,0.0,3,1,0,57353.03,1,24538.89,400,0
CUST04570,25,Female,Germany,South,7,88217.15,1,1,1,62529.17,1,77017.93,687,0
CUST00876,47,Male,France,North,3,3309.43,2,0,0,108413.04,0,0.0,610,0
CUST06342,24,Female,Germany,North,4,11261.71,2,1,0,135165.82,0,0.0,322,0
CUST00186,24,Female,France,West,5,76397.49,2,1,0,4136.41,1,71131.66,451,0
CUST02166,51,Male,France,North,8,0.0,1,1,0,48382.71,0,0.0,758,1
CUST02470,29,Male,Germany,North,2,,1,1,0,33771.28,1,48178.27,728,0
CUST01476,58,Male,Spain,East,1,97948.8,3,0,1,49825.4,1,59033.72,638,0
CUST06401,48,Male,France,North,4,0.0,2,0,0,91876.49,0,0.0,369,0
CUST08328,25,Male,Germany,East,5,0.0,4,1,1,43316.9,1,66816.88,436,0
CUST03937,31,Male,Spain,South,2,145676.02,1,0,0,198417.99,1,88600.82,739,1
CUST01636,63,Male,France,East,6,197948.21,1,1,0,322.53,0,0.0,579,0
CUST07022,25,Male,France,North,7,4646.52,2,1,1,28467.32,1,56817.35,837,0
CUST07220,71,Male,Spain,Central,2,19223.97,4,1,0,90349.09,0,0.0,584,1
CUST03656,49,Male,France,South,3,21402.38,2,0,0,11823.12,1,44523.93,509,0
CUST07011,59,Female,Germany,West,0,20013.36,1,1,0,2588.11,0,0.0,430,1
CUST04415,70,Male,Germany,East,8,123606.26,1,1,0,32302.54,0,0.0,794,1
CUST02892,33,Female,France,East,3,0.0,2,1,1,148961.77,1,19092.87,689,0
CUST03414,46,Male,France,East,7,0.0,2,0,0,8494.99,1,71167.1,404,1
CUST03870,56,Male,Spain,East,7,45619.76,1,1,0,77606.98,1,70253.23,398,0
CUST02575,58,Female,Germany,Central,3,4345.71,2,1,1,150786.06,1,17746.77,359,0
CUST02501,31,Male,Germany,South,2,1821.75,2,0,1,189161.01,0,0.0,810,0
CUST08371,22,Female,France,South,3,61045.21,2,1,1,101877.74,0,0.0,802,0
CUST04559,74,Female,Germany,West,2,33102.54,2,0,1,34337.9,1,14448.38,571,0
CUST09421,38,Male,France,South,10,0.0,1,1,1,88221.35,1,17885.93,364,0
CUST07080,35,Female,France,South,1,31980.63,1,1,0,72151.78,1,20032.01,464,0
CUST04646,68,Female,Germany,East,1,250000.0,1,0,0,173742.56,0,0.0,686,1
CUST00648,70,Male,Germany,East,3,,1,0,0,58989.58,1,23404.49,463,0
CUST09704,23,Male,Spain,East,6,20579.91,2,1,0,190529.4,0,0.0,845,0
CUST08109,27,Male,France,West,8,36794.64,1,1,0,114552.91,0,0.0,442,0
CUST07585,21,Female,France,North,8,,2,0,0,33045.17,0,0.0,560,1
CUST02296,29,Male,France,West,0,,1,1,1,113839.34,1,20296.76,445,0
CUST03039,42,Female,Germany,West,8,122661.14,2,1,1,171717.46,0,0.0,380,0
CUST08884,70,Male,Spain,South,4,118722.23,1,0,1,21394.5,0,0.0,793,0
CUST01464,66,Female,France,South,4,0.0,2,1,1,30532.9,1,7040.38,323,0
CUST05678,52,Female,Germany,Central,0,0.0,3,1,1,61078.24,0,0.0,666,1
CUST09469,70,Male,Germany,North,4,0.0,1,0,1,133374.93,0,0.0,321,0
CUST08736,69,Female,Germany,West,4,17511.07,4,1,0,33542.64,1,47834.64,421,1
CUST02759,43,Male,France,East,7,0.0,2,1,1,69467.88,1,72121.63,309,0
CUST08069,21,Female,France,South,1,75510.17,1,1,1,110238.29,1,45780.73,551,0
CUST06142,67,Male,Spain,South,8,25568.99,1,1,1,17517.34,0,0.0,337,0
CUST07773,32,Female,Germany,East,9,132892.69,1,0,0,165501.08,0,0.0,408,1
CUST05585,50,Male,Germany,North,2,40526.09,2,1,1,131295.8,1,66065.97,393,1
CUST07560,40,Male,France,North,10,250000.0,2,1,1,176788.47,1,45461.75,779,0
CUST05779,24,Female,France,North,2,18994.25,3,1,1,5352.12,1,68789.42,677,1
CUST04067,43,Male,France,West,0,105686.92,1,1,1,76368.51,0,0.0,318,0
CUST09714,30,Female,France,South,1,91951.51,2,1,1,125231.0,1,30706.34,455,0
CUST02909,37,Female,Spain,East,1,195854.14,2,1,1,69061.09,0,0.0,367,0
CUST08419,66,Male,Germany,Central,1,40838.91,2,1,0,188307.59,0,0.0,737,1
CUST07634,35,Female,Germany,Central,5,50017.42,1,1,1,176496.93,1,42054.96,468,1
CUST08746,70,Male,France,North,8,24575.89,1,1,1,105090.92,1,33974.11,606,0
CUST02933,44,Male,Germany,East,0,51724.12,3,1,1,79732.63,0,0.0,769,0
CUST05539,50,Male,Germany,West,0,0.0,2,1,0,107445.77,0,0.0,794,1
CUST01733,57,Male,France,East,9,0.0,2,1,0,173229.55,1,46228.25,757,1
CUST02021,58,Male,France,North,5,43430.86,1,1,1,176887.84,0,0.0,403,0
CUST04004,68,Female,France,West,10,0.0,2,0,1,164042.02,1,75777.25,694,0
CUST06300,48,Female,France,North,5,89136.87,2,1,0,144284.62,0,0.0,313,1
CUST03869,34,Male,France,North,5,0.0,1,1,1,96383.79,0,0.0,797,0
CUST02658,32,Female,France,North,9,159857.17,1,0,0,15013.26,1,97833.17,357,0
CUST01840,62,Female,Spain,West,1,0.0,1,1,1,112763.93,1,27546.42,588,0
CUST05086,21,Male,France,North,2,0.0,1,0,0,194268.46,1,85389.31,737,1
CUST02108,52,Male,Germany,West,0,106706.25,4,1,0,9559.62,1,26104.81,838,0
CUST00662,41,Male,France,Central,3,13245.44,2,1,0,179310.79,1,77566.04,783,0
CUST08187,36,Male,Spain,South,1,47354.34,2,1,0,144352.1,0,0.0,474,1
CUST00349,52,Male,France,Central,1,0.0,1,0,0,118666.78,1,52067.94,332,0
CUST08490,47,Male,Germany,East,4,30910.79,1,1,0,150945.19,0,0.0,342,0
CUST03619,45,Male,France,Central,9,0.0,2,0,1,15993.93,1,98598.35,789,0
CUST04301,66,Female,Spain,West,1,55887.0,1,1,0,176523.87,0,0.0,555,1
CUST07714,45,Female,France,South,0,53018.8,1,1,1,192086.68,0,0.0,510,0
CUST05003,27,Male,France,South,3,22492.08,1,1,1,98609.26,1,58073.65,587,0
CUST06922,22,Female,France,Central,2,102402.33,2,1,0,80210.04,1,26591.41,686,0
CUST06744,74,Male,France,South,3,21421.68,1,1,0,15940.79,1,67171.28,618,1
CUST01034,22,Female,Spain,West,1,0.0,1,1,1,31046.9,1,27132.49,839,0
CUST04688,58,Male,Spain,East,6,11926.17,1,0,1,199910.88,1,49094.82,412,0
CUST05401,58,Male,France,North,6,132317.74,1,0,0,117948.1,0,0.0,555,0
CUST03703,27,Female,France,East,0,0.0,2,0,0,69559.29,0,0.0,603,0
CUST03818,58,Female,Spain,South,0,0.0,1,0,0,40911.89,0,0.0,711,0
CUST09426,40,Male,France,Central,2,30932.07,2,0,1,100685.23,0,0.0,342,0
CUST06434,40,Male,Spain,South,8,0.0,3,1,0,98308.59,0,0.0,771,0
CUST03801,51,Male,France,Central,1,41336.74,3,1,0,155289.76,1,20413.79,350,0
CUST01947,35,Male,Spain,East,7,195999.38,3,1,0,,0,0.0,761,0
CUST06234,51,Male,Germany,West,2,92224.34,1,1,0,13258.52,1,68478.35,335,0
CUST01592,37,Female,France,North,4,0.0,1,1,1,20282.65,0,0.0,826,0
CUST08849,33,Female,Spain,South,10,0.0,1,0,1,19256.7,0,0.0,342,0
CUST05888,65,Male,Spain,West,1,38377.72,1,0,1,26016.54,1,74789.25,661,0
CUST02200,47,Female,France,West,1,17372.31,2,1,1,120013.13,0,0.0,559,0
CUST02894,62,Male,France,North,10,56978.19,2,1,1,37070.75,1,99381.94,798,0
CUST03185,22,Female,France,North,4,0.0,2,0,0,46601.6,1,58354.3,566,0
CUST08002,50,Female,Spain,South,6,0.0,1,1,0,707.03,1,87729.17,344,1
CUST06204,54,Male,Germany,Central,9,44305.48,2,1,0,145350.65,1,80829.35,654,0
CUST07592,47,Female,France,West,4,29365.17,1,1,1,109446.74,0,0.0,371,0
CUST01897,74,Male,France,West,8,39594.76,1,1,1,60246.91,0,0.0,761,0
CUST06035,52,Female,Spain,Central,8,188552.71,1,0,1,23141.14,1,9206.02,483,0
CUST04227,41,Female,Germany,West,7,0.0,2,1,1,85995.75,1,95370.48,804,0
CUST01723,43,Male,Spain,Central,6,249106.67,1,0,1,66636.83,0,0.0,339,1
CUST06995,28,Male,France,North,1,30036.35,2,1,0,44933.56,0,0.0,762,0
CUST08326,55,Female,France,South,4,0.0,1,1,1,149241.71,0,0.0,452,1
CUST04097,18,Male,France,South,2,0.0,1,0,0,71915.31,1,66020.84,753,0
CUST04348,68,Male,Spain,Central,0,30421.86,2,1,1,18011.98,0,0.0,588,1
CUST04796,58,Female,France,North,2,81123.63,1,1,0,58172.18,0,0.0,506,1
CUST03238,19,Male,France,South,10,109579.04,2,1,1,198294.6,1,6193.75,671,0
CUST00578,56,Male,Spain,North,4,15531.13,1,0,0,39181.04,1,41230.65,364,0
CUST03144,19,Male,France,South,1,33521.28,1,1,0,83718.24,0,0.0,771,0
CUST08431,51,Male,France,North,5,43200.29,2,0,0,18364.18,1,12468.21,693,1
CUST02371,66,Female,France,East,0,168972.42,1,0,1,121139.23,0,0.0,763,0
CUST06146,50,Female,Spain,North,3,48151.0,1,1,1,154973.95,0,0.0,747,0
CUST03184,34,Male,Spain,South,9,56761.71,2,0,0,192185.97,0,0.0,788,0
CUST00957,40,Male,Spain,North,8,92833.05,1,0,0,194995.26,1,89610.91,572,0
CUST05159,74,Male,France,North,6,0.0,1,1,1,62615.77,0,0.0,458,0
CUST06328,26,Female,Germany,South,10,193487.45,2,1,1,5998.96,0,0.0,579,0
CUST01954,30,Male,Germany,South,6,105558.97,1,1,1,78301.21,0,0.0,611,0
CUST06000,22,Female,Spain,Central,1,138188.64,1,0,1,149353.75,1,49584.72,701,0
CUST07591,24,Male,Spain,East,5,2308.09,1,0,0,106435.93,0,0.0,567,1
CUST01879,20,Female,France,North,0,0.0,1,1,0,90999.62,0,0.0,490,0
CUST08922,29,Male,France,West,2,205322.95,2,1,1,63590.58,0,0.0,444,0
CUST03950,58,Male,France,East,0,61553.58,2,0,1,16975.2,1,81676.19,637,0
CUST09202,21,Female,France,North,6,144337.43,1,0,1,123495.81,0,0.0,754,0
CUST00550,22,Male,France,South,4,25583.91,1,1,0,4201.97,0,0.0,648,0
CUST05434,71,Female,Germany,North,9,43298.65,2,1,1,72597.11,0,0.0,325,0
CUST05066,67,Male,Spain,West,7,88996.5,2,1,1,133686.96,0,0.0,398,0
CUST09552,49,Male,France,West,9,49355.34,3,0,1,183110.13,1,16031.97,488,0
CUST05821,46,Female,France,Central,7,0.0,1,1,0,150754.91,0,0.0,415,1
CUST04207,55,Female,France,North,5,185913.38,2,1,1,152567.22,0,0.0,837,0
CUST08352,19,Female,France,South,8,28495.05,1,1,1,99527.55,0,0.0,485,0
CUST02937,28,Female,France,West,5,72305.43,1,0,0,132870.22,1,6031.39,708,0
CUST08802,62,Female,France,West,5,39313.97,1,1,1,4400.89,1,39972.91,543,0
CUST00292,37,Male,France,Central,10,1042.82,2,1,1,65389.55,0,0.0,665,0
CUST02975,38,Female,France,West,7,0.0,2,1,1,163500.52,1,76538.52,476,0
CUST08938,34,Male,Germany,West,2,78715.99,1,1,0,187760.52,0,0.0,438,1
CUST05735,28,Male,Germany,North,3,93133.82,3,0,0,193907.03,1,83376.07,436,1
CUST00776,36,Male,France,West,4,55741.29,1,0,1,176657.22,0,0.0,362,0
CUST02747,26,Female,France,Central,9,94847.46,2,0,1,76054.21,1,84144.62,607,0
CUST04674,26,Female,Spain,East,5,29707.19,1,1,1,185055.76,0,0.0,413,0
CUST03236,44,Female,France,North,5,117403.33,1,1,1,50007.46,0,0.0,342,0
CUST08456,59,Male,France,Central,8,101088.35,1,1,0,38616.66,1,70519.12,719,0
CUST09448,52,Female,Spain,South,7,0.0,1,1,0,132739.99,1,73990.72,460,0
CUST04399,23,Male,France,North,0,0.0,1,1,1,124256.43,0,0.0,764,0
CUST01772,42,Male,Spain,Central,6,0.0,2,1,1,130204.12,0,0.0,713,0
CUST04085,56,Female,France,West,1,52090.84,1,0,1,65205.75,0,0.0,779,1
CUST01200,36,Female,France,West,8,0.0,2,0,0,47235.44,1,55160.61,673,0
CUST09718,45,Female,France,South,5,32508.72,1,1,1,129746.72,1,96553.3,322,0
CUST04246,52,Male,Germany,South,5,,1,0,0,143433.16,1,33862.66,828,0
CUST08282,40,Male,Spain,Central,6,0.0,1,0,1,120664.49,0,0.0,695,0
CUST01512,66,Male,Germany,North,1,19831.25,4,1,1,44480.23,0,0.0,740,0
CUST07119,54,Female,France,North,10,11380.77,3,1,0,140397.3,0,0.0,311,1
CUST01209,31,Male,France,East,9,0.0,3,1,0,140611.66,1,21555.19,566,0
CUST00460,72,Female,France,North,3,43124.8,1,1,1,187532.02,0,0.0,393,0
CUST04325,51,Female,France,West,0,137943.0,1,1,0,111128.88,1,15417.67,459,0
CUST04841,30,Female,Germany,East,2,25697.73,2,0,0,11408.61,1,18281.93,636,1
CUST06729,64,Female,France,East,6,61468.15,2,1,1,96471.09,0,0.0,410,0
CUST04095,63,Male,France,South,3,11599.23,2,1,0,143744.15,0,0.0,531,0
CUST02319,40,Female,Germany,West,10,118909.28,1,1,1,23114.09,1,23685.75,401,1
CUST06740,54,Female,Germany,South,6,8546.19,1,1,0,155388.34,0,0.0,784,0
CUST04882,28,Female,Spain,Central,0,0.0,2,1,0,193324.02,1,75654.66,633,1
CUST07395,34,Male,Spain,North,4,171122.6,1,0,1,59009.9,0,0.0,555,0
CUST08689,34,Female,Germany,South,6,0.0,1,1,1,2440.22,0,0.0,582,0
CUST05619,20,Male,France,South,7,69938.59,1,1,0,64605.4,1,68928.41,671,0
CUST08144,72,Male,France,East,2,0.0,1,1,0,133304.16,0,0.0,634,1
CUST00221,54,Female,France,North,8,99928.56,1,0,1,46571.73,1,47345.4,844,0
CUST04501,63,Male,Spain,West,1,0.0,2,1,1,54166.31,0,0.0,733,0
CUST07364,39,Female,France,Central,3,197233.93,1,1,1,61129.17,1,91233.73,417,0
CUST05457,53,Female,Germany,South,9,5009.62,1,1,1,118590.61,1,86511.99,698,0
CUST09113,43,Male,Spain,North,6,0.0,2,1,1,68306.14,0,0.0,354,0
CUST09713,74,Male,Germany,North,9,5001.85,2,1,1,160007.73,1,66868.34,464,1
CUST09177,65,Male,Spain,East,9,0.0,1,1,1,108639.76,0,0.0,664,0
CUST09727,29,Female,France,South,2,5733.91,1,1,0,10702.61,1,48905.09,706,0
CUST05430,55,Male,France,East,3,78329.52,2,0,1,57671.58,0,0.0,593,0
CUST01916,25,Female,France,Central,10,14583.1,1,0,0,54800.79,1,45912.51,362,0
CUST00313,24,Female,France,South,9,0.0,3,1,0,95594.38,1,94834.48,632,0
CUST02442,28,Female,France,East,0,4515.02,1,1,0,601.62,0,0.0,458,0
CUST03455,45,Female,France,West,1,111591.06,2,1,1,126985.9,0,0.0,785,0
CUST06554,19,Male,France,West,1,96217.37,1,1,1,86194.08,1,50661.16,517,0
CUST00678,72,Male,France,North,0,0.0,1,0,1,147474.85,1,23135.88,300,1
CUST07097,64,Female,Spain,West,8,16064.04,2,1,0,75792.49,1,5359.64,351,0
CUST08358,23,Male,Germany,Central,8,203078.88,1,0,0,70495.03,1,73938.62,636,0
CUST00735,29,Female,Germany,West,10,0.0,1,1,1,84651.31,0,0.0,407,0
CUST05301,18,Male,Germany,East,0,0.0,1,1,0,156714.86,0,0.0,846,0
CUST02908,38,Female,Germany,West,10,0.0,2,1,0,53342.12,1,63591.49,690,0
CUST08887,32,Male,Germany,Central,7,0.0,1,0,1,7044.35,0,0.0,418,0
CUST04594,31,Female,Germany,South,4,154417.14,2,1,0,16035.58,1,39308.4,505,0
CUST05437,36,Female,Germany,Central,7,0.0,1,1,1,175351.65,1,18449.48,839,1
CUST05262,34,Female,Spain,South,4,160097.53,2,1,0,20928.67,0,0.0,640,0
CUST09541,36,Female,France,Central,10,171755.97,1,0,0,125180.32,0,0.0,739,1
CUST06975,69,Female,Spain,West,9,57328.12,2,0,0,12146.82,1,53380.22,693,0
CUST04443,64,Male,Spain,West,7,189568.13,2,1,1,63683.26,1,89634.23,467,0
CUST04000,46,Female,Germany,East,4,0.0,3,0,1,92124.67,0,0.0,304,0
CUST02259,50,Female,France,West,8,33319.26,1,0,0,17532.76,1,32434.22,488,0
CUST02616,18,Male,France,East,10,0.0,3,1,0,190536.96,0,0.0,822,0
CUST00515,57,Female,Germany,North,0,0.0,2,1,0,124223.76,1,99508.0,787,0
CUST07531,46,Female,Spain,West,8,0.0,1,0,1,144854.35,0,0.0,316,0
CUST05125,74,Female,France,West,2,48813.04,2,1,0,58047.47,1,96267.67,605,0
CUST04961,40,Male,France,Central,9,26489.55,1,1,0,55200.3,0,0.0,737,0
CUST07036,25,Female,France,West,3,22011.92,1,1,1,183539.03,1,85049.1,434,0
CUST08383,46,Female,France,Central,9,164992.86,3,0,0,73912.97,1,67398.18,811,0
CUST09204,50,Female,France,West,3,26896.74,3,1,0,22691.42,0,0.0,504,1
CUST00891,43,Male,Germany,West,4,87692.02,2,0,0,165161.92,0,0.0,673,0
CUST02792,45,Male,France,Central,9,41327.14,2,0,1,191916.1,0,0.0,695,1
CUST05358,71,Female,France,North,10,0.0,1,1,1,177929.16,1,79369.8,587,1
CUST09978,74,Female,Spain,South,0,250000.0,1,1,0,84154.74,1,67434.77,698,1
CUST03461,50,Male,France,East,3,0.0,1,1,1,7893.93,1,52201.37,421,0
CUST04729,23,Male,France,South,10,0.0,4,1,0,,1,20942.83,793,1
CUST03966,38,Male,Spain,West,0,76824.1,1,1,1,103999.62,1,84371.98,405,0
CUST08387,35,Male,France,North,6,0.0,2,1,0,122390.63,1,13025.45,779,1
CUST08706,59,Female,Germany,East,9,0.0,1,1,0,19427.67,1,9227.37,458,0
CUST01456,41,Male,Spain,West,9,29452.56,2,0,0,29678.0,1,48278.6,625,1
CUST07843,62,Male,France,Central,4,49826.14,1,1,1,147184.02,0,0.0,482,0
CUST07679,61,Male,Spain,South,3,0.0,2,1,1,62412.19,1,63704.33,,0
CUST04306,34,Male,France,West,7,0.0,1,1,1,44385.28,0,0.0,337,0
CUST04045,74,Female,Spain,South,6,21946.49,1,1,1,106966.68,0,0.0,763,0
CUST08828,57,Female,Germany,Central,5,56260.13,2,1,1,77291.38,1,11207.56,427,0
CUST09724,72,Female,France,West,10,24008.05,2,0,1,105990.91,1,11251.73,451,0
CUST05218,49,Male,France,East,1,0.0,1,0,0,145919.3,0,0.0,754,1
CUST00088,31,Female,France,West,4,20170.5,1,0,1,138237.44,0,0.0,820,0
CUST09562,56,Male,Germany,South,5,,3,1,1,60816.4,1,35560.57,323,0
CUST04567,27,Female,Spain,South,7,74230.81,2,1,0,82597.23,0,0.0,554,0
CUST06076,60,Male,France,South,10,4997.38,1,1,0,138477.08,0,0.0,508,0
CUST00191,59,Female,France,Central,5,104995.49,1,0,1,181188.65,0,0.0,474,1
CUST00179,62,Female,France,North,5,81121.0,2,1,0,102268.78,0,0.0,460,1
CUST06701,73,Male,France,East,9,25822.68,1,1,0,168043.82,0,0.0,438,0
CUST06120,58,Male,France,South,3,0.0,3,1,0,125267.19,0,0.0,412,1
CUST06200,26,Female,Spain,East,3,0.0,1,1,0,41508.24,0,0.0,434,1
CUST01688,53,Female,Germany,South,0,146817.02,1,1,1,90615.92,1,27377.91,832,0
CUST08072,32,Female,Spain,North,5,0.0,1,1,0,149577.86,0,0.0,325,0
CUST06889,47,Female,France,East,8,63225.73,1,1,0,198477.27,1,98750.85,664,0
CUST03322,73,Female,France,East,2,22642.42,3,0,0,91239.46,1,48629.2,668,0
CUST09321,74,Female,Germany,East,6,0.0,1,1,1,51732.84,1,49395.73,513,0
CUST03146,46,Male,France,Central,2,607.37,1,1,0,77834.42,1,13905.49,466,0
CUST02560,29,Female,France,North,8,50125.2,1,1,0,175565.16,0,0.0,455,1
CUST07608,45,Male,France,North,8,78289.32,1,1,0,167431.14,0,0.0,826,0
CUST09216,32,Female,Germany,South,7,30974.79,1,1,1,97518.79,1,89441.26,763,0
CUST04568,27,Female,Spain,Central,7,0.0,1,1,1,76100.65,1,74433.61,519,0
CUST00399,50,Female,Germany,Central,5,37045.33,1,1,1,182793.65,0,0.0,826,0
CUST07595,52,Female,Germany,West,0,0.0,2,0,0,43117.18,0,0.0,464,1
CUST00036,45,Male,Spain,East,3,0.0,1,1,1,16408.02,1,63166.53,630,1
CUST02657,54,Female,Germany,West,9,0.0,1,0,1,136503.84,1,47391.37,820,0
CUST00253,49,Female,Spain,South,7,0.0,2,1,1,198812.31,0,0.0,513,0
CUST06752,55,Female,France,South,9,0.0,2,1,0,159562.87,1,88747.74,539,0
CUST05164,27,Female,France,East,10,52493.11,1,1,1,49698.45,0,0.0,420,1
CUST05382,71,Female,Spain,Central,7,80553.54,2,1,1,116185.34,0,0.0,787,0
CUST06574,36,Female,Germany,North,1,0.0,2,0,1,38381.01,0,0.0,543,1
CUST02941,43,Male,Spain,Central,1,44188.18,2,1,0,33921.4,0,0.0,409,0
CUST01876,18,Female,France,Central,5,0.0,3,0,1,133183.79,1,11525.77,516,0
CUST00229,49,Male,Spain,Central,1,0.0,1,0,1,162213.23,0,0.0,318,0
CUST07174,45,Male,France,South,8,25325.55,2,1,1,156236.02,0,0.0,443,0
CUST04870,27,Female,Germany,East,8,156939.84,1,0,1,145993.46,1,97143.36,613,0
CUST01645,23,Female,France,South,0,84184.35,3,1,0,54495.69,0,0.0,404,1
CUST04156,31,Male,Spain,North,5,93669.08,2,0,1,25355.02,1,17205.21,699,0
CUST05361,67,Female,Germany,North,1,0.0,3,1,1,24630.35,1,47526.65,432,1
CUST05022,74,Female,Germany,East,8,53873.66,2,0,1,192837.52,1,24813.36,685,0
CUST07038,43,Female,Germany,South,2,83287.38,1,0,1,45428.94,1,74374.32,835,0
CUST01020,57,Male,France,East,6,0.0,3,1,1,,0,0.0,461,0
CUST08813,66,Male,Germany,Central,9,202256.96,2,1,1,182607.45,0,0.0,694,1
CUST07481,71,Female,Spain,South,7,0.0,1,1,0,172687.1,1,46929.54,778,1
CUST02124,63,Female,Germany,North,7,104434.3,2,1,1,156782.53,0,0.0,501,0
CUST02222,38,Male,Germany,West,8,162299.11,1,1,0,41981.79,1,30101.25,372,0
CUST09268,44,Male,Spain,East,6,33549.01,1,1,1,32712.17,1,97478.79,689,0
CUST07720,26,Female,France,North,2,200691.71,1,1,0,139593.34,1,67337.61,580,0
CUST02950,39,Female,France,East,7,0.0,1,1,1,181920.23,0,0.0,620,0
CUST03861,74,Male,Spain,East,8,32598.49,1,1,1,27743.74,1,81591.66,565,0
CUST02507,41,Female,Spain,Central,3,40641.78,1,0,1,148918.41,0,0.0,630,0
CUST03904,65,Male,Spain,North,1,0.0,2,0,0,118927.27,0,0.0,620,1
CUST01850,30,Female,Germany,East,2,19754.71,2,0,0,114523.2,0,0.0,522,1
CUST09965,24,Male,Germany,South,3,122509.13,1,0,0,156931.26,0,0.0,382,0
CUST02971,69,Male,Spain,Central,7,56828.61,1,1,1,141142.66,0,0.0,449,0
CUST04807,24,Male,France,Central,7,79373.61,1,0,0,90114.14,1,52682.26,737,1
CUST05241,32,Female,Spain,Central,3,134141.29,1,0,1,117778.02,0,0.0,325,0
CUST00608,37,Male,France,Central,9,9918.47,2,1,1,80639.35,0,0.0,644,0
CUST04484,54,Female,Germany,East,2,13550.96,1,0,1,98258.17,1,8828.2,607,0
CUST09060,28,Male,Germany,South,3,105939.66,1,1,1,26554.56,1,71525.49,332,0
CUST04850,72,Female,Germany,North,8,16290.32,1,1,0,90940.17,0,0.0,590,0
CUST03555,61,Female,Germany,West,4,40135.26,1,1,1,113726.38,0,0.0,745,0
CUST01274,21,Male,Germany,North,9,10034.74,1,1,0,32648.16,1,35940.56,699,0
CUST07811,30,Female,France,West,2,0.0,2,1,1,49551.07,1,48661.6,,0
CUST09308,32,Female,France,West,1,58166.28,1,1,1,69669.24,0,0.0,512,1
CUST06877,55,Female,France,East,10,32911.07,2,1,0,788.6,0,0.0,739,0
CUST08733,72,Female,Germany,Central,9,42477.71,2,1,1,63996.18,0,0.0,534,1
CUST09659,34,Male,Germany,West,8,11418.51,1,0,0,771.93,1,93656.01,557,0
CUST05052,44,Female,France,South,4,21055.91,1,1,0,33076.96,0,0.0,588,0
CUST00281,26,Female,Spain,South,9,0.0,1,1,0,97534.94,0,0.0,603,0
CUST02459,29,Male,France,South,10,250000.0,4,0,0,154083.87,1,28242.55,627,1
CUST08703,62,Male,Germany,West,6,0.0,1,1,1,169144.8,1,41068.62,710,1
CUST02419,56,Male,France,West,8,106711.7,1,0,0,499.57,1,20597.86,685,0
CUST03767,45,Male,France,Central,3,10534.63,3,1,0,141452.47,0,0.0,815,1
CUST09707,57,Female,France,South,3,22963.67,1,0,1,,0,0.0,546,0
CUST00688,65,Female,Germany,Central,4,242021.0,2,1,0,197372.4,1,50935.09,414,1
CUST00336,41,Male,France,North,5,0.0,1,1,1,185552.98,1,46149.51,480,0
CUST02028,53,Male,Spain,North,7,55794.59,2,0,0,199728.69,0,0.0,381,0
CUST08975,40,Female,France,West,1,12113.99,2,1,0,12318.98,0,0.0,320,1
CUST09756,73,Female,France,Central,6,239316.93,2,1,0,124811.56,0,0.0,523,1
CUST04157,35,Female,Spain,South,2,57953.86,2,1,1,178873.97,0,0.0,848,1
CUST03579,32,Male,France,West,5,180855.52,2,1,0,162589.78,1,89988.73,617,0
CUST09350,62,Female,Germany,East,10,10649.04,2,0,1,12578.92,0,0.0,487,0
CUST09027,51,Male,France,East,1,16617.07,1,1,1,115959.73,0,0.0,331,0
CUST02044,47,Female,France,North,6,0.0,2,0,0,157938.58,0,0.0,362,0
CUST05547,28,Male,Germany,Central,3,42264.69,1,1,0,27819.12,0,0.0,778,1
CUST04942,28,Male,Germany,West,7,154519.38,1,1,0,4651.84,0,0.0,334,0
CUST04033,39,Male,France,South,8,26506.34,1,1,0,171969.86,1,23114.78,524,0
CUST00950,22,Male,Germany,South,8,0.0,1,1,0,13370.66,1,41801.95,839,0
CUST01762,25,Male,Spain,South,1,0.0,2,1,0,129509.47,1,10348.58,573,0
CUST00338,73,Male,France,South,5,203296.23,2,1,0,178169.59,1,48840.52,491,0
CUST06372,49,Male,Spain,East,7,0.0,3,1,1,30274.75,0,0.0,745,0
CUST02057,30,Male,Spain,East,6,1897.11,1,1,0,158867.7,0,0.0,335,0
CUST05206,25,Female,Spain,Central,8,87236.55,2,1,1,85976.17,0,0.0,385,0
CUST04073,60,Male,Spain,Central,7,85076.06,3,0,0,77401.32,0,0.0,697,0
CUST00294,24,Male,France,Central,10,98932.46,2,1,1,118527.25,0,0.0,458,0
CUST02206,53,Female,Germany,South,3,207885.36,1,1,0,84186.52,0,0.0,630,0
CUST07265,46,Male,France,West,0,0.0,1,1,0,191292.87,1,25837.98,533,0
CUST02594,51,Female,Germany,South,6,0.0,1,0,1,147976.19,0,0.0,629,0
CUST02073,24,Male,Germany,South,6,69825.95,1,1,1,141213.12,0,0.0,605,0
CUST06778,30,Male,Spain,South,1,99151.98,1,1,1,3042.25,0,0.0,558,0
CUST08663,28,Male,France,Central,2,109693.81,2,1,0,61370.63,0,0.0,794,0
CUST08750,59,Male,France,South,9,0.0,2,1,1,17542.49,0,0.0,779,1
CUST07892,50,Female,Germany,North,8,103767.64,1,0,1,32951.45,1,15169.33,303,0
CUST06917,21,Male,Germany,North,9,0.0,1,1,0,122756.74,0,0.0,437,0
CUST09455,62,Female,Germany,West,7,3384.71,2,1,1,135113.66,1,76726.79,363,1
CUST09961,25,Female,France,West,5,67780.49,2,1,1,43363.5,1,32141.93,574,1
CUST03237,57,Female,France,North,0,67078.8,1,1,1,120244.42,0,0.0,402,0
CUST09215,55,Male,Spain,North,0,7239.08,1,0,0,2829.81,0,0.0,761,1
CUST08313,32,Female,Germany,East,6,0.0,1,1,1,126094.89,0,0.0,779,0
CUST00906,45,Male,Germany,West,4,0.0,1,0,0,107497.68,0,0.0,549,0
CUST03769,48,Male,Germany,East,5,110488.94,2,0,1,99748.81,1,98097.73,339,0
CUST09499,56,Male,Germany,South,0,150992.78,2,1,0,35830.56,0,0.0,731,0
CUST05485,66,Female,France,West,6,0.0,2,0,0,118577.65,0,0.0,638,0
CUST06324,56,Male,Germany,East,2,10660.48,1,1,0,116714.82,0,0.0,510,0
CUST03882,51,Male,France,East,1,5833.88,2,1,1,25163.16,1,37614.46,634,0
CUST09286,19,Male,Germany,East,2,61218.45,2,0,0,73850.47,1,20386.97,306,0
CUST04037,29,Male,France,North,6,46906.09,1,1,0,59683.2,0,0.0,764,0
CUST07692,28,Male,Spain,North,10,42452.94,1,0,1,148130.44,1,59821.82,400,0
CUST05656,42,Female,Spain,North,9,0.0,4,0,0,122979.23,0,0.0,486,0
CUST07328,34,Female,Germany,East,4,10828.02,1,1,1,29675.95,0,0.0,305,0
CUST00816,35,Male,Spain,South,9,86923.98,1,1,1,12944.7,0,0.0,500,0
CUST09989,53,Male,Spain,East,10,37620.32,1,1,1,165599.38,0,0.0,357,0
CUST04960,36,Female,France,Central,7,19422.42,2,1,0,125115.59,0,0.0,659,0
CUST01083,62,Female,France,West,9,0.0,1,1,1,191787.0,0,0.0,803,0
CUST09401,36,Female,France,East,7,4982.06,1,0,1,105925.05,0,0.0,583,0
CUST05484,24,Male,Spain,Central,10,0.0,1,1,0,180230.5,1,21349.63,825,1
CUST07760,62,Male,Spain,West,4,50809.03,1,0,0,74589.74,0,0.0,417,0
CUST01290,32,Male,France,North,1,58286.91,1,1,0,5505.12,0,0.0,836,0
CUST05954,66,Male,France,South,4,113501.06,2,0,0,28280.98,1,59655.56,428,1
CUST04192,40,Male,France,East,3,35627.18,1,1,1,38805.04,0,0.0,458,0
CUST07417,68,Male,France,East,4,98513.61,1,1,0,136808.59,1,73757.81,762,0
CUST00605,45,Female,Spain,Central,1,31028.01,2,1,0,57895.56,1,7254.14,585,0
CUST02115,23,Female,France,West,8,88258.55,1,1,1,197058.42,1,12754.53,608,0
CUST08743,66,Female,France,North,7,43889.46,2,1,1,12231.19,0,0.0,304,0
CUST08668,60,Female,France,North,8,6412.82,3,0,0,143176.09,1,9191.05,406,1
CUST08405,23,Female,Germany,South,0,165358.95,1,0,0,89686.16,0,0.0,746,0
CUST03513,56,Male,France,South,7,236978.42,1,1,0,12185.81,0,0.0,722,1
CUST09854,45,Male,Spain,Central,1,42044.46,2,0,1,97419.03,1,24784.53,308,0
CUST02025,42,Male,Germany,North,3,0.0,3,0,1,86083.59,1,23505.04,724,0
CUST06475,27,Female,France,West,10,43637.76,1,1,1,69118.67,0,0.0,713,0
CUST08469,66,Male,France,North,9,55825.25,2,1,0,122366.3,0,0.0,473,0
CUST04602,66,Male,France,West,7,28950.91,2,0,0,34103.14,1,29963.87,498,0
CUST00902,38,Female,France,West,6,119594.73,2,1,1,121768.8,1,73895.66,801,0
CUST09602,21,Female,Germany,South,5,117926.13,2,1,0,10452.87,1,67641.87,547,0
CUST06631,64,Female,Spain,South,1,0.0,2,1,0,10382.81,1,77195.24,505,0
CUST07693,21,Female,Germany,West,2,30687.49,1,1,1,93133.98,1,20011.19,472,1
CUST00990,21,Male,Germany,West,3,,1,1,0,9756.75,1,12310.05,,0
CUST08496,31,Female,France,Central,4,0.0,3,0,1,146685.58,0,0.0,624,0
CUST03560,60,Male,Germany,Central,7,32834.67,2,0,0,76218.42,0,0.0,622,0
CUST04492,26,Male,Germany,Central,10,6424.95,1,1,0,197752.4,0,0.0,739,0
CUST07085,62,Male,France,West,0,0.0,2,1,0,141888.79,0,0.0,549,1
CUST01997,34,Female,France,East,5,0.0,2,1,1,106972.98,1,89808.58,641,0
CUST00325,54,Female,France,East,5,53996.85,3,0,0,185295.58,1,43698.73,535,1
CUST09347,30,Female,Spain,Central,10,0.0,2,0,1,131308.47,0,0.0,813,0
CUST03473,28,Female,Germany,East,9,0.0,3,1,1,132399.55,0,0.0,394,0
CUST09666,56,Female,France,Central,4,0.0,1,1,0,135548.72,1,97803.7,719,1
CUST07076,19,Male,France,East,10,0.0,1,0,1,175598.5,1,45654.76,324,0
CUST00151,54,Female,France,South,7,148387.38,1,1,1,128551.61,0,0.0,556,0
CUST07200,66,Female,France,North,6,136010.9,1,1,0,25787.69,0,0.0,634,0
CUST09314,47,Male,Germany,Central,10,29848.71,1,0,0,128174.68,0,0.0,738,1
CUST04075,58,Male,France,Central,10,0.0,4,1,0,194609.53,1,33117.64,712,1
CUST09323,72,Female,Spain,South,3,163741.5,2,1,0,31366.27,1,15684.97,762,0
CUST02804,24,Male,France,South,7,0.0,1,1,1,34551.51,0,0.0,482,0
CUST01049,31,Male,Germany,West,6,38367.78,2,1,1,24471.4,1,14782.63,545,0
CUST00812,52,Female,Germany,West,4,0.0,1,1,1,193881.7,0,0.0,759,0
CUST03911,36,Female,France,North,3,0.0,2,1,1,154387.25,1,78642.71,546,0
CUST01558,49,Male,France,North,3,0.0,1,1,0,106471.48,1,21521.18,496,0
CUST01064,34,Male,France,South,7,0.0,2,1,0,111474.58,1,23470.08,361,1
CUST03155,51,Female,Spain,East,2,33836.07,1,1,1,57588.06,1,93550.64,757,0
CUST02304,28,Female,France,North,7,600.29,3,0,0,16319.12,1,78035.01,694,0
CUST09085,25,Male,Germany,East,1,28698.24,3,1,1,102578.89,0,0.0,360,0
CUST02922,51,Female,Germany,South,5,90429.64,2,0,1,105890.29,1,49803.58,348,0
CUST05500,55,Female,Germany,North,6,120048.64,3,1,0,173439.27,0,0.0,669,0
CUST01101,42,Male,Germany,East,4,10445.02,1,1,1,191565.32,0,0.0,733,0
CUST02437,53,Male,France,South,8,7724.09,1,1,0,113149.59,0,0.0,819,0
CUST06551,73,Male,Germany,South,1,30497.6,1,1,0,21751.09,0,0.0,465,0
CUST01316,50,Male,Spain,East,9,0.0,3,1,1,191030.73,1,35321.0,683,0
CUST06860,48,Female,France,South,6,0.0,2,1,1,16077.48,0,0.0,494,0
CUST05231,66,Female,Germany,South,6,0.0,1,1,1,119026.48,0,0.0,742,1
CUST01649,53,Female,France,Central,2,31046.12,3,0,1,,1,81920.58,528,1
CUST05120,65,Male,France,East,2,124681.2,2,0,1,15079.49,0,0.0,791,0
CUST02701,25,Female,France,Central,1,46257.65,3,1,0,167993.28,0,0.0,784,0
CUST04343,30,Female,Spain,South,6,0.0,3,0,1,,0,0.0,497,1
CUST08988,23,Male,Spain,Central,1,219791.26,2,1,0,134559.07,0,0.0,721,0
CUST07297,62,Male,Spain,Central,4,17016.42,1,1,0,158566.65,0,0.0,841,0
CUST00590,48,Male,France,East,9,0.0,3,1,0,95731.23,0,0.0,775,0
CUST08266,65,Female,France,South,3,250000.0,1,1,0,38294.03,1,66904.43,359,0
CUST08653,53,Male,Spain,South,6,55052.86,1,1,0,30037.9,0,0.0,508,0
CUST08679,41,Female,Spain,South,5,130415.26,2,1,1,53728.21,0,0.0,312,0
CUST04543,44,Male,France,Central,5,216169.49,2,0,1,160351.88,1,83124.14,835,0
CUST02139,49,Female,France,South,7,116488.57,1,0,0,124086.68,0,0.0,460,0
CUST09422,45,Male,France,South,9,28494.29,2,0,1,96839.16,1,98091.18,552,0
CUST00493,59,Male,Spain,West,8,6687.25,1,1,0,24358.6,0,0.0,529,0
CUST03694,42,Female,Spain,West,2,0.0,2,1,1,197184.58,1,60599.04,495,0
CUST09458,69,Female,France,East,3,42814.88,2,0,1,184774.67,0,0.0,449,0
CUST03419,33,Female,Spain,West,2,46520.88,1,0,0,148980.1,0,0.0,344,1
CUST00098,33,Male,Spain,West,3,41365.3,1,1,1,82855.62,0,0.0,695,0
CUST03398,38,Male,France,Central,10,0.0,2,1,1,44056.37,1,25322.01,787,0
CUST09660,24,Female,Spain,Central,5,0.0,1,1,1,,1,87955.06,367,0
CUST01750,61,Male,France,East,6,0.0,1,1,0,67972.67,1,24433.82,701,1
CUST09903,19,Female,France,West,8,0.0,3,1,1,70021.6,0,0.0,387,0
CUST01479,71,Male,France,North,5,25227.98,2,1,1,198465.07,0,0.0,318,0
CUST04195,55,Female,Germany,North,2,69266.64,1,0,1,53408.13,0,0.0,504,0
CUST03141,26,Female,France,East,1,59472.56,1,0,0,156143.03,0,0.0,352,0
CUST06882,46,Female,France,North,2,44417.94,2,0,0,88836.82,0,0.0,647,0
CUST04444,63,Male,Germany,East,5,250000.0,1,1,1,153338.81,1,57579.47,821,0
CUST02951,54,Female,France,South,8,,1,0,0,25694.38,0,0.0,771,0
CUST00602,72,Female,Germany,South,0,45218.93,2,1,0,61213.93,0,0.0,847,0
CUST07144,19,Female,France,Central,10,0.0,1,0,0,55178.02,1,36905.69,667,0
CUST03943,47,Male,France,West,6,76662.74,2,1,0,95057.62,0,0.0,526,0
CUST00396,50,Male,Germany,North,1,0.0,3,1,0,57688.22,1,85589.22,471,1
CUST00427,49,Female,Spain,West,3,0.0,2,0,1,33028.23,1,25955.58,799,1
CUST08214,20,Male,France,South,7,57332.39,2,1,1,83982.29,0,0.0,444,0
CUST09231,42,Female,Germany,Central,8,23623.26,3,1,0,156132.15,0,0.0,343,1
CUST02301,37,Female,Spain,Central,3,57729.97,2,1,1,13913.24,0,0.0,541,0
CUST06383,71,Female,France,Central,3,0.0,2,1,1,34435.23,1,98060.08,439,0
CUST00845,43,Male,France,North,1,0.0,2,1,1,83015.1,1,66094.37,793,0
CUST03418,54,Male,Spain,Central,7,147820.71,4,1,1,96912.78,0,0.0,771,0
CUST06690,42,Female,Spain,East,0,0.0,1,1,0,65218.27,0,0.0,380,1
CUST04836,58,Male,Germany,East,10,32269.67,1,1,1,169833.3,0,0.0,696,0
CUST05061,70,Male,France,North,7,89111.54,3,0,1,176520.42,0,0.0,435,0
CUST01670,29,Male,France,North,10,0.0,4,0,1,24932.49,1,48745.2,497,0
CUST03485,60,Female,Spain,East,6,150938.34,1,0,0,81941.72,0,0.0,536,0
CUST07042,71,Male,Spain,South,5,25611.28,3,0,0,88570.58,0,0.0,365,0
CUST07302,20,Female,France,North,4,33466.11,1,1,1,182582.86,1,12013.04,445,0
CUST09507,47,Female,Spain,North,4,163227.5,3,1,0,81237.17,0,0.0,554,1
CUST01847,51,Male,Germany,East,2,56745.04,1,1,1,152534.34,1,18541.94,609,0
CUST00244,73,Female,France,South,6,56063.87,2,1,1,91884.91,0,0.0,728,0
CUST00934,49,Male,Germany,North,3,28740.1,2,1,0,137481.64,1,71461.42,767,0
CUST05752,36,Male,France,East,2,0.0,2,1,1,19688.3,0,0.0,754,0
CUST09721,39,Male,France,South,3,0.0,2,0,0,27562.23,0,0.0,780,1
CUST09689,57,Female,Spain,South,9,104318.88,3,1,1,189267.19,1,9943.53,788,0
CUST07746,55,Male,Spain,East,2,32332.21,1,1,0,91875.94,0,0.0,406,0
CUST04847,43,Female,France,Central,3,0.0,1,1,1,174291.8,0,0.0,456,0
CUST05441,19,Male,France,East,4,250000.0,2,1,0,181184.04,1,56780.32,580,0
CUST09747,62,Female,France,West,7,115983.13,2,1,1,6347.05,0,0.0,771,0
CUST05529,62,Male,France,East,5,13261.04,1,1,0,165671.75,1,30615.49,516,1
CUST03023,37,Female,Germany,East,4,0.0,1,1,0,45453.0,1,22375.48,344,1
CUST06810,36,Male,Spain,West,2,250000.0,2,1,0,104232.63,0,0.0,613,0
CUST04458,38,Male,Spain,South,5,0.0,1,0,0,29492.65,0,0.0,600,0
CUST04581,70,Female,Spain,North,0,0.0,4,1,1,152473.76,1,65695.66,426,0
CUST03400,57,Female,France,West,1,28069.65,1,0,1,84757.13,1,17747.4,512,0
CUST02360,38,Male,France,South,5,104219.53,3,1,1,161440.3,0,0.0,641,1
CUST07832,51,Female,Germany,West,8,250000.0,1,0,0,65253.28,0,0.0,677,0
CUST01809,35,Female,Spain,Central,8,0.0,3,1,1,47235.6,0,0.0,445,1
CUST02891,20,Female,France,South,8,7041.41,2,0,1,9212.09,0,0.0,738,0
CUST02462,71,Male,France,East,2,2819.46,1,1,1,100727.0,0,0.0,839,0
CUST09378,55,Female,Germany,South,8,0.0,2,1,0,75652.94,0,0.0,640,0
CUST02388,71,Male,Germany,East,1,,1,1,0,57084.89,0,0.0,813,1
CUST04383,34,Female,Spain,South,1,221787.34,2,0,1,179610.32,0,0.0,564,0
CUST05700,49,Female,France,Central,4,0.0,2,1,0,196796.87,0,0.0,654,0
CUST01761,36,Female,France,Central,5,29324.34,2,0,1,88537.3,0,0.0,816,0
CUST03280,58,Female,France,Central,9,6143.23,1,1,1,31578.14,0,0.0,445,0
CUST07798,65,Male,Spain,North,10,186941.88,1,1,1,129403.52,0,0.0,630,0
CUST02949,32,Female,France,East,10,0.0,3,0,1,128010.97,0,0.0,464,0
CUST05761,51,Male,France,Central,7,26365.17,1,1,0,66206.6,1,44834.35,574,0
CUST00445,19,Male,Germany,Central,5,0.0,3,1,1,153769.63,1,95243.54,785,0
CUST02088,67,Male,Spain,Central,2,42859.02,1,1,0,173869.88,1,73004.52,458,0
CUST01265,31,Female,France,South,9,0.0,1,1,1,97655.69,0,0.0,508,0
CUST02566,50,Male,France,North,10,39327.99,1,1,0,114516.58,0,0.0,786,0
CUST05270,34,Female,France,Central,4,150755.81,3,1,1,123161.92,1,40321.61,812,0
CUST08060,26,Male,Spain,North,2,13471.47,2,1,0,71496.06,1,78461.01,443,0
CUST06037,32,Male,France,Central,0,53584.45,1,1,1,174042.65,0,0.0,462,0
CUST09269,41,Female,Spain,North,9,47928.85,1,1,0,133505.98,0,0.0,475,1
CUST06267,49,Female,Germany,West,0,166270.46,3,0,0,30706.65,0,0.0,400,1
CUST09420,44,Female,Spain,North,9,35625.69,4,1,1,72939.1,0,0.0,703,0
CUST05188,54,Male,Germany,North,3,0.0,1,1,1,4675.03,1,64078.8,482,0
CUST07392,70,Female,Spain,West,1,61246.1,1,1,1,45888.9,0,0.0,772,0
CUST01152,23,Male,Spain,North,2,20562.85,1,1,0,16174.59,1,52407.13,831,0
CUST05959,55,Male,Germany,West,8,137177.9,1,1,0,42672.57,0,0.0,697,0
CUST00418,46,Male,France,South,8,0.0,2,0,1,166066.87,0,0.0,608,0
CUST01243,48,Male,Germany,South,9,0.0,1,1,0,47950.88,0,0.0,519,0
CUST01867,61,Male,Spain,South,6,101425.58,2,1,1,122446.73,1,12908.94,841,0
CUST07424,30,Male,France,North,10,124082.5,1,1,0,196834.73,1,72408.61,428,0
CUST03716,65,Male,Germany,East,1,32150.02,1,1,1,50377.22,1,96277.51,557,0
CUST05859,32,Male,Germany,South,9,64121.37,1,1,1,134993.06,1,42324.38,460,0
CUST07208,37,Female,France,West,0,35252.04,1,1,1,30054.66,1,44624.08,425,0
CUST01279,35,Female,Germany,Central,1,0.0,1,0,0,164718.26,1,91768.66,742,1
CUST06334,35,Female,France,North,9,133303.45,3,0,1,122739.46,0,0.0,306,1
CUST07900,51,Male,Spain,East,6,20259.16,1,1,0,176925.77,0,0.0,687,0
CUST05523,60,Female,Spain,East,4,100138.08,1,1,1,131584.9,0,0.0,738,0
CUST04857,32,Male,Germany,South,9,2067.74,1,0,0,147315.11,0,0.0,382,0
CUST04339,18,Male,Germany,South,2,605.07,3,1,1,39259.1,0,0.0,671,1
CUST00885,35,Female,France,South,8,9408.1,1,0,1,17372.36,1,30703.9,594,1
CUST00621,50,Female,Spain,East,8,20672.24,2,1,0,167939.87,1,80415.74,490,0
CUST06795,37,Male,France,East,0,97429.29,1,0,1,86925.51,0,0.0,465,0
CUST02552,67,Male,France,East,2,34679.0,1,1,1,191953.57,0,0.0,664,0
CUST02208,55,Male,France,West,4,0.0,3,1,1,179550.82,0,0.0,403,0
CUST00538,64,Male,Spain,North,5,0.0,1,0,0,65894.72,1,92346.91,444,1
CUST02289,23,Male,Spain,North,1,0.0,1,0,1,82093.66,0,0.0,651,1
CUST00014,70,Female,Germany,South,5,0.0,1,1,0,13891.7,1,97751.68,399,0
CUST09874,50,Male,Germany,North,2,0.0,2,0,1,32739.11,1,36264.01,576,0
CUST00741,24,Male,France,North,4,236672.19,2,1,1,179178.07,1,19205.38,624,0
CUST02977,19,Male,France,East,4,0.0,1,0,1,12674.97,0,0.0,775,0
CUST01386,64,Female,France,South,0,67539.75,1,1,1,2702.61,1,98615.36,365,0
CUST07489,29,Female,France,West,7,0.0,2,1,1,183412.71,0,0.0,764,0
CUST05865,36,Male,Spain,East,10,42066.56,1,0,0,109413.13,1,56457.82,776,0
CUST05793,42,Male,Spain,North,6,41627.25,1,1,1,33891.82,0,0.0,615,0
CUST07733,24,Female,Germany,Central,6,20474.01,3,1,0,139890.32,1,40071.22,378,0
CUST08527,57,Male,France,East,10,32439.32,2,1,1,,1,61937.27,557,0
CUST02737,62,Male,France,East,1,3695.28,1,1,0,129738.86,1,33733.85,343,0
CUST07545,69,Female,France,Central,6,0.0,2,1,1,115166.47,1,92303.42,426,0
CUST03496,59,Male,Germany,Central,5,33302.21,1,0,0,103252.24,0,0.0,669,0
CUST02236,58,Female,France,Central,2,60200.74,1,1,0,114119.28,0,0.0,626,0
CUST09134,59,Female,France,Central,10,,1,1,0,58537.93,0,0.0,366,1
CUST04381,45,Female,France,South,9,56757.86,1,0,1,186911.7,0,0.0,602,0
CUST09377,27,Male,France,South,5,0.0,1,1,1,62790.77,1,26750.24,402,1
CUST04262,55,Female,Spain,West,4,18023.5,1,1,1,104362.08,0,0.0,778,0
CUST06492,51,Female,France,South,3,0.0,3,1,0,36455.15,1,47625.47,732,1
CUST06680,38,Male,Germany,Central,6,0.0,1,1,1,171621.79,0,0.0,552,0
CUST02278,32,Female,Spain,Central,4,217305.07,2,1,1,96959.56,1,68511.87,354,0
CUST03932,26,Male,Germany,West,0,141141.33,1,1,0,89098.5,1,59376.16,468,0
CUST01852,35,Female,France,East,0,11724.83,1,0,1,41754.89,1,94351.43,722,0
CUST02797,26,Male,France,South,1,9614.32,1,0,0,145979.51,0,0.0,756,1
CUST03660,43,Female,Germany,Central,0,0.0,1,0,0,55938.2,0,0.0,574,1
CUST02398,43,Female,France,South,10,1987.73,1,0,1,190866.93,0,0.0,314,0
CUST02094,34,Female,France,East,7,8498.97,2,1,1,169977.82,1,39508.19,641,0
CUST07074,23,Female,Spain,North,7,0.0,1,1,0,119525.61,0,0.0,484,1
CUST02157,37,Male,France,Central,10,35500.57,1,1,1,10493.02,0,0.0,374,0
CUST00030,39,Female,Spain,South,3,48724.57,1,1,1,37469.9,1,6813.23,490,0
CUST02670,62,Female,Spain,North,1,0.0,3,1,1,75745.7,0,0.0,779,0
CUST03492,62,Male,France,Central,4,60449.14,2,0,0,,0,0.0,413,1
CUST07964,70,Male,Germany,Central,10,118400.58,2,1,1,25871.64,0,0.0,507,0
CUST04201,53,Male,Spain,East,3,0.0,1,1,1,15853.6,1,48204.25,501,0
CUST01108,34,Female,France,North,1,0.0,1,0,1,107308.13,1,63285.47,678,0
CUST08683,49,Female,Spain,West,2,104058.88,2,1,0,191705.86,1,74292.05,720,0
CUST00316,65,Male,France,West,3,0.0,1,1,1,180090.52,0,0.0,379,0
CUST01475,37,Female,France,South,5,5777.32,2,1,1,114643.48,1,98533.95,559,1
CUST00382,39,Male,Germany,West,5,0.0,2,1,0,76355.24,0,0.0,358,0
CUST04211,49,Male,France,North,10,29552.79,2,1,1,113789.12,1,78233.76,721,0
CUST03596,54,Male,France,East,4,14448.14,1,0,0,67685.06,1,50077.2,786,0
CUST08638,64,Male,Spain,South,8,3362.56,1,1,1,85964.82,0,0.0,785,0
CUST05121,56,Male,France,Central,5,115166.41,1,1,0,83825.87,0,0.0,434,0
CUST07674,32,Female,Spain,North,0,0.0,2,1,0,57173.24,1,42024.28,378,0
CUST00627,30,Female,France,East,0,85411.76,1,1,0,10038.31,1,18870.83,406,0
CUST05578,26,Male,France,North,4,10259.66,1,0,0,83423.55,1,13721.85,446,0
CUST01113,42,Male,France,East,4,77995.91,1,1,1,76752.85,0,0.0,542,0
CUST05604,39,Female,Germany,North,8,119700.42,2,0,1,169968.83,0,0.0,432,0
CUST09677,30,Male,Spain,West,6,133327.81,2,1,0,178198.11,0,0.0,848,0
CUST04365,53,Female,France,West,6,0.0,3,1,1,115293.54,0,0.0,312,0
CUST02978,44,Female,Spain,North,7,2021.79,3,1,1,89757.03,0,0.0,369,0
CUST03196,24,Female,France,South,3,0.0,1,1,1,159567.56,0,0.0,621,0
CUST06002,63,Male,France,Central,3,0.0,1,0,0,183410.02,1,85508.17,429,0
CUST05216,34,Male,France,North,10,0.0,1,1,0,11139.66,1,5968.06,693,0
CUST00012,28,Female,France,West,4,,1,1,0,15585.1,0,0.0,706,0
CUST09036,50,Male,Germany,South,1,81104.06,2,1,1,95321.08,1,32891.86,685,0
CUST09645,67,Male,Spain,East,9,83838.15,2,1,1,125142.32,1,31514.3,311,0
CUST05852,66,Female,Spain,West,1,37340.8,3,1,1,127257.69,0,0.0,539,0
CUST09981,26,Male,France,South,2,27504.79,2,0,0,124161.83,1,58885.42,754,0
CUST00774,27,Male,France,Central,2,88181.28,1,1,1,88762.52,1,50149.06,349,0
CUST04787,57,Male,Spain,East,5,73101.79,2,0,1,104256.93,1,97876.02,465,0
CUST08983,61,Female,Spain,East,3,116195.14,2,1,0,12097.03,0,0.0,355,1
CUST02916,50,Male,France,South,9,47433.45,2,1,0,72684.98,1,27097.24,641,0
CUST06384,51,Female,Germany,North,10,58827.52,2,1,1,3346.96,0,0.0,631,0
CUST02122,43,Male,Germany,North,5,109505.61,3,1,0,2827.98,1,51223.31,551,1
CUST09746,33,Female,France,South,4,54517.98,2,1,1,41381.74,1,25413.84,334,0
CUST03135,59,Male,Germany,East,6,0.0,2,1,1,71469.05,0,0.0,489,0
CUST06906,27,Male,France,West,4,30036.2,1,1,0,190811.14,1,22690.5,424,0
CUST06885,60,Female,Germany,South,3,178293.82,3,0,1,22145.88,1,97400.18,672,1
CUST01820,20,Female,Germany,Central,10,111302.69,1,1,1,49872.82,0,0.0,527,0
CUST06192,62,Male,Spain,East,6,0.0,2,1,1,97865.63,1,13448.15,391,0
CUST02811,58,Male,Germany,Central,2,0.0,1,0,0,82832.54,0,0.0,356,0
CUST00592,36,Male,Germany,Central,6,52453.45,1,1,0,18403.78,1,25598.04,398,0
CUST01045,43,Male,Spain,East,5,54693.4,1,1,1,126979.98,0,0.0,453,0
CUST04041,25,Male,France,South,0,51730.99,3,0,0,139680.67,1,39707.83,649,1
CUST06337,26,Male,France,West,6,1429.61,2,1,1,122123.89,1,46246.21,314,0
CUST05763,30,Female,Germany,South,9,10016.94,1,1,1,101778.33,1,89874.06,595,0
CUST08437,59,Female,Spain,South,5,13799.35,2,0,0,175044.3,0,0.0,506,0
CUST09580,52,Male,France,North,5,0.0,2,0,0,164716.25,0,0.0,804,0
CUST00060,19,Male,Spain,East,3,0.0,1,1,1,115581.54,0,0.0,414,0
CUST05342,50,Male,France,Central,4,9336.62,3,1,0,107122.01,0,0.0,777,0
CUST08369,57,Female,France,West,2,0.0,1,1,0,89036.49,1,7967.53,596,0
CUST00450,34,Male,Spain,East,7,0.0,2,1,1,39142.63,1,68923.26,829,0
CUST00056,67,Female,France,Central,8,38202.03,1,1,1,84078.36,1,6711.89,348,0
CUST07972,62,Female,France,Central,5,0.0,1,1,0,178961.92,0,0.0,411,0
CUST03458,74,Male,France,East,0,7329.49,2,1,1,177417.02,0,0.0,670,1
CUST07366,62,Male,Germany,East,4,51581.43,4,1,1,124797.1,0,0.0,681,0
CUST05189,42,Male,Germany,South,0,0.0,4,1,0,126883.54,0,0.0,393,0
CUST07891,45,Male,Spain,East,6,0.0,2,1,1,12253.91,1,69740.4,346,0
CUST01769,33,Male,France,North,7,74859.21,1,1,0,160229.43,0,0.0,761,0
CUST09930,62,Female,Spain,Central,5,24184.99,2,1,1,105865.97,0,0.0,610,0
CUST03241,70,Male,Spain,South,7,123349.4,2,0,1,153600.58,1,23799.35,532,0
CUST07204,33,Female,France,North,3,0.0,2,1,0,173943.55,1,13158.9,753,1
